{
  "control_passed": true,
  "cuda_available": true,
  "device": "cuda",
  "duration_s": 16.647339820861816,
  "finished_at": 1779683905.232791,
  "gpu_name": "NVIDIA H200",
  "host": "skampere2.stanford.edu",
  "metrics": {
    "d": 64,
    "depth": 2,
    "linear_within_tolerance": true,
    "n_heads": 4,
    "param_matched": true,
    "runs": {
      "linear": {
        "attn_kind": "linear",
        "eval_acc": 1.0,
        "eval_loss": 3.98073170799762e-05,
        "loss_curve_decimated": [
          2.9132375717163086,
          2.5347609519958496,
          1.3073896169662476,
          0.0055820150300860405,
          0.0014908273005858064,
          0.001005871337838471,
          0.000864638015627861,
          0.0007083000964485109,
          0.0005935080116614699,
          0.0005058334209024906,
          0.0004532960010692477,
          0.00040239974623546004,
          0.0003737665538210422,
          0.00035024542012251914,
          0.000288452603854239,
          0.0002740221389103681,
          0.0002464326098561287,
          0.00023586457245983183,
          0.0002042548730969429,
          0.00019962125224992633,
          0.00017821090295910835,
          0.00016625577700324357,
          0.0001520236546639353,
          0.00014159060083329678,
          0.00013305898755788803,
          0.0001240037236129865,
          0.00011944369180127978,
          0.00011366301623638719,
          0.00010531525185797364,
          0.00010071903670905158,
          9.533557022223249e-05,
          8.889844320947304e-05,
          8.574084495194256e-05,
          8.102888386929408e-05,
          7.927132537588477e-05,
          7.61104456614703e-05,
          7.002206984907389e-05,
          6.901627784827724e-05,
          6.429068162105978e-05,
          6.42541708657518e-05,
          5.95924757362809e-05,
          5.610251901089214e-05,
          5.765041714766994e-05,
          5.2658167987829074e-05,
          5.1375754992477596e-05,
          4.773601540364325e-05,
          4.684493978857063e-05,
          4.565788549371064e-05,
          4.4145963329356164e-05,
          4.224565054755658e-05
        ],
        "params": 103744,
        "train_wall_s": 5.201201438903809
      },
      "sigmoid": {
        "attn_kind": "sigmoid",
        "eval_acc": 1.0,
        "eval_loss": 3.698591171996668e-05,
        "loss_curve_decimated": [
          2.879302501678467,
          2.27880859375,
          0.9749704599380493,
          0.004686278291046619,
          0.0011659801239147782,
          0.0008148037595674396,
          0.0006613212171941996,
          0.0005602007731795311,
          0.0004936880432069302,
          0.0004245429008733481,
          0.00037308508763089776,
          0.00032649445347487926,
          0.0003009385254699737,
          0.00027640716871246696,
          0.00024654631852172315,
          0.00022456575243268162,
          0.00020727975061163306,
          0.00019257492385804653,
          0.00017894097254611552,
          0.00016340029833372682,
          0.0001557007635710761,
          0.0001451201387681067,
          0.00013366807252168655,
          0.0001277061237487942,
          0.00011794755118899047,
          0.00011025110143236816,
          0.00010629394091665745,
          0.00010090130672324449,
          9.611056884750724e-05,
          9.007612970890477e-05,
          8.495631482219324e-05,
          8.117694960674271e-05,
          7.678319525439292e-05,
          7.343388278968632e-05,
          7.049355190247297e-05,
          6.735429633408785e-05,
          6.404878513421863e-05,
          6.14848977420479e-05,
          5.9201691328780726e-05,
          5.681744733010419e-05,
          5.35713552380912e-05,
          5.293204958434217e-05,
          5.0612092309165746e-05,
          4.764576442539692e-05,
          4.6604032831965014e-05,
          4.4675343815470114e-05,
          4.3164003727724776e-05,
          4.095816984772682e-05,
          3.985477815149352e-05,
          3.8022139051463455e-05
        ],
        "params": 103744,
        "train_wall_s": 4.133621454238892
      },
      "softmax": {
        "attn_kind": "softmax",
        "eval_acc": 1.0,
        "eval_loss": 4.4984717533225194e-05,
        "loss_curve_decimated": [
          2.9541616439819336,
          1.1152479648590088,
          0.006759259849786758,
          0.0025757330004125834,
          0.0018724745605140924,
          0.0014451731694862247,
          0.0011668987572193146,
          0.000976071460172534,
          0.0008189868531189859,
          0.000703096273355186,
          0.0006148529937490821,
          0.0005256549920886755,
          0.0004713177331723273,
          0.0004203993594273925,
          0.00037652518949471414,
          0.00033667180105112493,
          0.00030875264201313257,
          0.00028043720521964133,
          0.0002574383979663253,
          0.0002349736460018903,
          0.00021597606246359646,
          0.00020273927657399327,
          0.00018547814397607,
          0.00017319931066595018,
          0.00016177033830899745,
          0.0001512022572569549,
          0.00014194569666869938,
          0.0001328380312770605,
          0.00012557048466987908,
          0.00011799549974966794,
          0.00011110628111055121,
          0.00010614332131808624,
          0.0001002400167635642,
          9.522221807856113e-05,
          8.961987623479217e-05,
          8.573298691771924e-05,
          8.154726674547419e-05,
          7.731741789029911e-05,
          7.394378917524591e-05,
          7.071139407344162e-05,
          6.77199277561158e-05,
          6.414593372028321e-05,
          6.147442036308348e-05,
          5.9377267461968586e-05,
          5.710577534046024e-05,
          5.464304922497831e-05,
          5.2439198043430224e-05,
          5.019018135499209e-05,
          4.854284998145886e-05,
          4.666535460273735e-05
        ],
        "params": 103744,
        "train_wall_s": 5.745741128921509
      }
    },
    "seq_len": 33,
    "sigmoid_within_tolerance": true,
    "tolerance": 0.0010067477076299838
  },
  "notes": {
    "interpretation": "If sigmoid and linear attention match softmax eval loss within tolerance under the same param count, softmax's partition function is a removable per-step tax for this task."
  },
  "platform": "Linux-6.8.0-110-generic-x86_64-with-glibc2.39",
  "probe": "probe_04_partition_removable",
  "seed": 0,
  "started_at": 1779683888.5854511,
  "tag": "full",
  "torch_version": "2.12.0+cu130",
  "verdict": "CONFIRMED_REMOVABLE"
}