{
  "meta": {
    "nv": 14,
    "nh": 6,
    "n_data": 4000,
    "n_seeds": 800,
    "batch": 128,
    "k_list": [
      1,
      2,
      5,
      10,
      20,
      50
    ],
    "g_exact_norm": 3.7294243747638527,
    "note": "eval_rbm (seed1) measured on data from data_rbm (seed0)",
    "runtime_s": 4.76
  },
  "e2": {
    "1": {
      "bias_rel": 0.4679195559140447,
      "cosine": 0.921058244784479,
      "var": 0.12284239610733932,
      "bias_sq": 3.0452713894022323,
      "mse": 3.1681137855095716
    },
    "2": {
      "bias_rel": 0.25394304332480916,
      "cosine": 0.9800670522855993,
      "var": 0.13192303747134046,
      "bias_sq": 0.8969252491102849,
      "mse": 1.0288482865816253
    },
    "5": {
      "bias_rel": 0.061715720163666506,
      "cosine": 0.9987133729870409,
      "var": 0.12623377365560115,
      "bias_sq": 0.052975518031310155,
      "mse": 0.1792092916869113
    },
    "10": {
      "bias_rel": 0.010560044470378241,
      "cosine": 0.9999610174126178,
      "var": 0.12953023643294448,
      "bias_sq": 0.0015510118078641403,
      "mse": 0.1310812482408086
    },
    "20": {
      "bias_rel": 0.00381949338298849,
      "cosine": 0.999992932372033,
      "var": 0.12433719633707367,
      "bias_sq": 0.00020290611419154387,
      "mse": 0.12454010245126522
    },
    "50": {
      "bias_rel": 0.00298602779307262,
      "cosine": 0.999995544159386,
      "var": 0.12182360791897552,
      "bias_sq": 0.0001240141672369086,
      "mse": 0.12194762208621243
    },
    "pcd": {
      "bias_rel": 0.00450439870414765,
      "cosine": 0.9999908765337975,
      "var": 0.12331972778827366,
      "bias_sq": 0.0002822001625881742,
      "mse": 0.12360192795086183
    }
  }
}