{
  "meta": {
    "nv": 14,
    "nh": 6,
    "K": 20,
    "n_seeds": 800,
    "batch": 128,
    "w_scale": 1.5,
    "nll_data": 4.260833355119406,
    "weights": {
      "last": [
        0.0,
        0.0,
        0.0,
        0.0,
        0.0,
        0.0,
        0.0,
        0.0,
        0.0,
        0.0,
        0.0,
        0.0,
        0.0,
        0.0,
        0.0,
        0.0,
        0.0,
        0.0,
        0.0,
        1.0
      ],
      "uniform": [
        0.05,
        0.05,
        0.05,
        0.05,
        0.05,
        0.05,
        0.05,
        0.05,
        0.05,
        0.05,
        0.05,
        0.05,
        0.05,
        0.05,
        0.05,
        0.05,
        0.05,
        0.05,
        0.05,
        0.05
      ],
      "geom_late": [
        0.00034223993656275285,
        0.0004889141950896469,
        0.0006984488501280671,
        0.0009977840716115245,
        0.0014254058165878924,
        0.0020362940236969894,
        0.0029089914624242704,
        0.00415570208917753,
        0.005936717270253614,
        0.008481024671790877,
        0.012115749531129826,
        0.01730821361589975,
        0.02472601945128536,
        0.035322884930407666,
        0.050461264186296664,
        0.0720875202661381,
        0.1029821718087687,
        0.14711738829824103,
        0.21016769756891576,
        0.300239567955594
      ],
      "zipf_late": [
        0.013897614826220086,
        0.014629068238126404,
        0.01544179425135565,
        0.01635013508967069,
        0.017372018532775105,
        0.01853015310162678,
        0.019853735466028692,
        0.02138094588649244,
        0.023162691377033473,
        0.025268390593127427,
        0.027795229652440172,
        0.0308835885027113,
        0.03474403706555021,
        0.039707470932057384,
        0.046325382754066946,
        0.055590459304880345,
        0.06948807413110042,
        0.09265076550813389,
        0.13897614826220084,
        0.2779522965244017
      ],
      "early": [
        0.300239567955594,
        0.21016769756891576,
        0.147117388298241,
        0.10298217180876872,
        0.07208752026613809,
        0.050461264186296664,
        0.03532288493040766,
        0.02472601945128536,
        0.01730821361589975,
        0.012115749531129824,
        0.008481024671790878,
        0.005936717270253614,
        0.004155702089177529,
        0.0029089914624242704,
        0.0020362940236969894,
        0.0014254058165878922,
        0.0009977840716115245,
        0.0006984488501280671,
        0.0004889141950896469,
        0.00034223993656275285
      ]
    },
    "runtime_s": 13.85
  },
  "part_a_gradient": {
    "last": {
      "bias_rel": 0.00398475870886808,
      "var": 0.12304409690421497,
      "bias_sq": 0.0002208450486735363,
      "mse": 0.12326494195288851
    },
    "uniform": {
      "bias_rel": 0.056430854602636395,
      "var": 0.051396984065218684,
      "bias_sq": 0.04429114061578958,
      "mse": 0.09568812468100826
    },
    "geom_late": {
      "bias_rel": 0.003668396488592557,
      "var": 0.0667230600189187,
      "bias_sq": 0.00018716996021881326,
      "mse": 0.06691022997913751
    },
    "zipf_late": {
      "bias_rel": 0.018459577392434017,
      "var": 0.059216299639191075,
      "bias_sq": 0.004739440968399927,
      "mse": 0.063955740607591
    },
    "early": {
      "bias_rel": 0.22936886495028935,
      "var": 0.06264690760533591,
      "bias_sq": 0.731732830405406,
      "mse": 0.7943797380107419
    }
  },
  "part_b_training": {
    "last": {
      "steps": [
        0,
        50,
        100,
        150,
        200,
        250,
        300,
        350,
        400,
        450,
        500,
        550,
        600
      ],
      "nll": [
        9.70129647378976,
        4.537358071891633,
        4.370961601551743,
        4.324903201884825,
        4.305369741660385,
        4.291647950041314,
        4.284948774286978,
        4.280490171268134,
        4.27743027522154,
        4.274488117980262,
        4.2723541837191625,
        4.2716561805396935,
        4.271577360389028
      ],
      "final_nll": 4.271577360389028
    },
    "uniform": {
      "steps": [
        0,
        50,
        100,
        150,
        200,
        250,
        300,
        350,
        400,
        450,
        500,
        550,
        600
      ],
      "nll": [
        9.70129647378976,
        4.532442867612769,
        4.368617105594008,
        4.324891559694594,
        4.304741992442461,
        4.292444113164073,
        4.285151001473033,
        4.280459553427565,
        4.27690553477781,
        4.274620966050055,
        4.272553042437204,
        4.27063795068119,
        4.27004703675035
      ],
      "final_nll": 4.27004703675035
    },
    "geom_late": {
      "steps": [
        0,
        50,
        100,
        150,
        200,
        250,
        300,
        350,
        400,
        450,
        500,
        550,
        600
      ],
      "nll": [
        9.70129647378976,
        4.532810648679944,
        4.36861341129487,
        4.324642223540788,
        4.304751463493682,
        4.292283439760732,
        4.285048485708579,
        4.280555617974831,
        4.2769671116098635,
        4.274604618460149,
        4.272227336291812,
        4.270829938952469,
        4.270082763731129
      ],
      "final_nll": 4.270082763731129
    },
    "zipf_late": {
      "steps": [
        0,
        50,
        100,
        150,
        200,
        250,
        300,
        350,
        400,
        450,
        500,
        550,
        600
      ],
      "nll": [
        9.70129647378976,
        4.533003214493482,
        4.368710580414053,
        4.324621157422828,
        4.304716453668146,
        4.292211453814409,
        4.28500708770861,
        4.2804773500054925,
        4.276878604217126,
        4.274530273391515,
        4.272243414333438,
        4.270759884070414,
        4.270089128065602
      ],
      "final_nll": 4.270089128065602
    },
    "early": {
      "steps": [
        0,
        50,
        100,
        150,
        200,
        250,
        300,
        350,
        400,
        450,
        500,
        550,
        600
      ],
      "nll": [
        9.70129647378976,
        4.538184867525112,
        4.371271574106637,
        4.3265300993564715,
        4.305260423005018,
        4.292988542182374,
        4.285886941000138,
        4.280855874470618,
        4.2774504953486066,
        4.274841806390718,
        4.272767707456435,
        4.270938713341729,
        4.270438677976459
      ],
      "final_nll": 4.270438677976459
    }
  }
}