{
  "control_passed": true,
  "cuda_available": true,
  "device": "cuda",
  "duration_s": 0.08483600616455078,
  "finished_at": 1779683937.7240386,
  "gpu_name": "NVIDIA H200",
  "host": "skampere2.stanford.edu",
  "metrics": {
    "N_trials": 20000,
    "aic_geometric_sim": {
      "constant": 1730183.4366352886,
      "geometric": 1198407.5025210844,
      "recoverable_markov": 1198442.4112374915
    },
    "aic_markov_sim": {
      "constant": 1783546.0644357451,
      "geometric": 1196211.3353082726,
      "recoverable_markov": 1192124.4575799098
    },
    "e_true": 0.05,
    "fits_on_geometric_sim": {
      "constant": {
        "logL": -865090.7183176443,
        "n_params": 1,
        "p": 0.23116624999999996
      },
      "geometric": {
        "e": 0.050447009154040406,
        "logL": -599202.7512605422,
        "n_params": 1
      },
      "recoverable_markov": {
        "logL": -599218.2056187458,
        "n_params": 3,
        "params": [
          0.05,
          -0.01937499999999996,
          1.5874999999999826
        ]
      }
    },
    "fits_on_markov_sim": {
      "constant": {
        "logL": -891772.0322178726,
        "n_params": 1,
        "p": 0.24551812499999998
      },
      "geometric": {
        "e": 0.04825816761363636,
        "logL": -598104.6676541363,
        "n_params": 1
      },
      "recoverable_markov": {
        "logL": -596059.2287899549,
        "n_params": 3,
        "params": [
          0.050625,
          0.29417236328125007,
          1.7597412109374977
        ]
      }
    },
    "k_curves": {
      "geometric_sim": [
        19006,
        18068,
        17163,
        16264,
        15469,
        14646,
        13883,
        13151,
        12486,
        11879,
        11282,
        10751,
        10192,
        9667,
        9158,
        8706,
        8271,
        7832,
        7429,
        7038,
        6669,
        6332,
        5984,
        5711,
        5421,
        5166,
        4892,
        4612,
        4394,
        4178,
        3985,
        3788,
        3596,
        3415,
        3233,
        3076,
        2934,
        2774,
        2646,
        2512,
        2395,
        2286,
        2169,
        2057,
        1966,
        1858,
        1766,
        1679,
        1596,
        1524,
        1442,
        1385,
        1307,
        1232,
        1177,
        1123,
        1075,
        1012,
        962,
        918,
        882,
        840,
        790,
        751,
        708,
        671,
        643,
        613,
        580,
        544,
        519,
        497,
        477,
        449,
        432,
        406,
        396,
        378,
        356,
        346
      ],
      "markov_sim": [
        20000,
        18997,
        18052,
        17197,
        16358,
        15578,
        14804,
        14045,
        13342,
        12657,
        12016,
        11409,
        10885,
        10315,
        9780,
        9313,
        8821,
        8385,
        7969,
        7542,
        7129,
        6785,
        6441,
        6080,
        5786,
        5525,
        5272,
        5014,
        4749,
        4514,
        4280,
        4073,
        3869,
        3698,
        3516,
        3352,
        3195,
        3029,
        2863,
        2714,
        2573,
        2429,
        2286,
        2188,
        2077,
        1981,
        1876,
        1791,
        1692,
        1604,
        1523,
        1450,
        1371,
        1286,
        1220,
        1146,
        1081,
        1032,
        981,
        921,
        876,
        824,
        769,
        721,
        687,
        653,
        622,
        598,
        572,
        542,
        519,
        489,
        462,
        440,
        421,
        391,
        369,
        355,
        339,
        323
      ]
    },
    "max_len": 80,
    "num_seqs": 20000,
    "recovery_true": 0.4,
    "winner_on_geometric_sim": "geometric",
    "winner_on_markov_sim": "recoverable_markov"
  },
  "notes": {
    "interpretation": "On (1-e)^n data, geometric AIC should win (recoverable_markov's extra params are wasted). On recoverable-Markov data, geometric should LOSE -- either constant or recoverable_markov wins. This validates the AIC-based comparison for the real VeriBench setting."
  },
  "platform": "Linux-6.8.0-110-generic-x86_64-with-glibc2.39",
  "probe": "probe_06_error_compounding",
  "seed": 0,
  "started_at": 1779683937.6392026,
  "tag": "full",
  "torch_version": "2.12.0+cu130",
  "verdict": "CONTROL_PASS"
}