dataset,position,question_head,status,site_abs,orig_tok,pert_tok,orig_val,pert_val,delta,delta_in_spec,exact_reconstruction,cand_match,site2_ok,collision_question,collision_prior_cot,collision_any,pert_eq_target,orig_eq_target,copy_first_occ_src,site_is_eq_rhs_char,calc_val_in_question_digits,calc_val_in_question_words,n_eqs,n_eqs_verified,site_zone,loadbearing,propagated_final,target,notes,ann_error_type,ann_correct,ann_behavior,ends_inside_annot
gsm8k,copy,Kylar went to the store to buy glasses for his new apartment. One glass costs $5,ok,375,5,3,5,3,-2.0,True,True,True,,False,False,False,False,False,question,False,,,2,2,prose_mid,unchanged,64,64,,copying,True,complete hallucination,False
gsm8k,copy,"Carla is downloading a 200 GB file. Normally she can download 2 GB/minute, but 4",ok,136,80,77,80,77,-3.0,True,True,True,,False,False,False,False,False,cot,False,,,0,0,no_verified_eqs,not_analyzable,,160,,copying,True,states correct value,False
gsm8k,copy,Eliza's rate per hour for the first 40 hours she works each week is $10. She als,ok,124,10,7,10,7,-3.0,True,True,True,,False,False,False,False,False,question,False,,,1,1,prose_mid,unchanged,460,460,,copying,True,directly redoes calculation,False
gsm8k,copy,"Two trains leave San Rafael at the same time. They begin traveling westward, bot",ok,289,80,83,80,83,3.0,True,True,True,,False,False,False,False,False,question,False,,,0,0,no_verified_eqs,not_analyzable,,230,,copying,True,states correct value,False
gsm8k,copy,Jill gets paid $20 per hour to teach and $30 to be a cheerleading coach. If she ,ok,391,700,697,700,697,-3.0,True,True,True,,False,False,False,False,False,cot,False,,,4,4,prose_mid,unchanged,57500,57500,,copying,True,partial hallucination,False
gsm8k,copy,Billy sells DVDs. He has 8 customers on Tuesday. His first 3 customers buy one D,ok,267,0,1,0,1,1.0,True,True,True,,False,True,True,False,False,cot,False,,,3,3,eq_operand,changed,8,7,,copying,True,states correct value,False
gsm8k,copy,Gretchen has 110 coins. There are 30 more gold coins than silver coins. How many,ok,190,30.,28,30,28,-2.0,True,True,True,,False,False,False,False,False,question,False,,,1,1,prose_mid,unchanged,70,70,,copying,True,directly redoes calculation,False
gsm8k,copy,Terry eats 2 yogurts a day.  They are currently on sale at 4 yogurts for $5.00. ,ok,234,5.00,8.0,5,8,3.0,True,True,True,,False,False,False,False,False,question,False,,,0,0,no_verified_eqs,not_analyzable,,75,,copying,True,partial hallucination,False
gsm8k,copy,"The great dragon, Perg, sat high atop mount Farbo, breathing fire upon anything ",ok,473,1200,1197,1200,1197,-3.0,True,True,True,,False,False,False,False,False,cot,False,,,0,0,no_verified_eqs,not_analyzable,,200,,copying,True,states correct value,False
gsm8k,copy,Grandma Jones baked 5 apple pies for the fireman's luncheon.  She cut each pie i,ok,165,40,37,40,37,-3.0,True,True,True,,False,False,False,False,False,cot,True,,,2,2,prose_mid,unchanged,26,26,,copying,True,directly redoes calculation,False
gsm8k,copy,"According to its nutritional info, a bag of chips has 250 calories per serving. ",ok,428,5,3,5,3,-2.0,True,True,True,,False,False,False,False,False,question,False,,,1,1,after_last_eq,not_analyzable,,48,,copying,True,states correct value,False
gsm8k,copy,"Charlie wants to sell beeswax candles.  For every pound of beeswax, he can make ",ok,427,2.00,0.0,2,0,-2.0,True,True,True,,False,False,False,False,False,question,False,,,1,1,prose_mid,unchanged,20,20,,copying,True,states correct value,False
gsm8k,copy,Tom's ship can travel at 10 miles per hour.  He is sailing from 1 to 4 PM.  He t,ok,53,1,4,1,4,3.0,True,True,True,,True,False,True,False,False,question,False,,,0,0,no_verified_eqs,not_analyzable,,5,,copying,True,states correct value,False
gsm8k,copy,The Doubtfire sisters are driving home with 7 kittens adopted from the local ani,ok,356,21,20,21,20,-1.0,True,True,True,,False,False,False,False,False,cot,False,,,1,1,after_last_eq,not_analyzable,,40,,copying,True,partial hallucination,False
gsm8k,copy,"A basket contains 25 oranges among which 1 is bad, 20% are unripe, 2 are sour an",ok,210,2,3,2,3,1.0,True,True,True,,False,False,False,False,False,question,False,,,2,2,eq_operand,changed,16,17,,copying,True,complete hallucination,False
gsm8k,copy,Janet buys a brooch for her daughter.  She pays $500 for the material to make it,ok,305,1430,1433,1430,1433,3.0,True,True,True,,False,False,False,False,True,cot,False,,,3,3,after_last_eq,unchanged,1430,1430,,copying,True,directly redoes calculation,False
gsm8k,copy,"Sophia is thinking of taking a road trip in her car, and would like to know how ",ok,446,25,23,25,23,-2.0,True,True,True,,False,False,False,False,False,cot,False,,,0,0,no_verified_eqs,not_analyzable,,300,,copying,True,states correct value,False
gsm8k,copy,Jim spends 2 hours watching TV and then decides to go to bed and reads for half ,ok,313,1,3,1,3,2.0,True,True,True,,True,False,True,False,False,cot,False,,,4,4,prose_mid,unchanged,36,36,,copying,True,complete hallucination,False
gsm8k,copy,"If Raymond does half as much laundry as Sarah, and Sarah does 4 times as much la",ok,152,4,7,4,7,3.0,True,True,True,,False,False,False,False,False,question,False,,,3,3,prose_mid,unchanged,100,100,,copying,True,states correct value,False
gsm8k,copy,Gene is sewing a quilt out of old souvenir t-shirts. He has one shirt from each ,ok,143,34,32,34,32,-2.0,True,True,True,,False,False,False,False,False,question,False,,,1,1,prose_mid,not_analyzable,,44,,copying,True,states correct value,False
gsm8k,copy,Christina is planning a birthday party and needs .75 gift bags per invited guest,ok,143,0.75,-0.25,0.75,-0.25,-1.0,True,True,True,,False,False,False,False,False,cot,False,,,2,2,prose_mid,unchanged,24,24,,copying,True,directly redoes calculation,False
gsm8k,copy,Jan has three times the number of pets as Marcia. Marcia has two more pets than ,ok,332,4,5,4,5,1.0,True,True,True,,False,False,False,False,False,cot,False,,,2,2,after_last_eq,not_analyzable,,28,,copying,True,states correct value,False
gsm8k,copy,"In a neighborhood, the number of rabbits pets is twelve less than the combined n",ok,184,120,119,120,119,-1.0,True,True,True,,False,False,False,False,False,cot,False,,,4,4,eq_operand,changed,347,348,,copying,True,directly redoes calculation,True
gsm8k,copy,Harry slept 9 hours last night. His friend James slept only 2/3 of what Harry sl,ok,127,2,5,2,5,3.0,True,True,True,,False,False,False,False,False,question,False,,,0,0,no_verified_eqs,not_analyzable,,3,,copying,True,directly redoes calculation,False
gsm8k,copy,Poppy is solving a 1000-piece jigsaw puzzle. She places a quarter of the pieces ,ok,234,250,249,250,249,-1.0,True,True,True,,False,False,False,False,False,cot,False,,,4,4,eq_operand,changed,501,500,,copying,True,complete hallucination,False
gsm8k,copy,"Cody eats three times as many cookies as Amir eats. If Amir eats 5 cookies, how ",ok,161,15,18,15,18,3.0,True,True,True,,False,False,False,False,False,cot,True,,,2,2,prose_mid,unchanged,20,20,,copying,True,directly redoes calculation,False
gsm8k,copy,Katy makes coffee using teaspoons of sugar and cups of water in the ratio of 7:1,ok,471,42,39,42,39,-3.0,True,True,True,,False,False,False,False,True,cot,False,,,3,3,after_last_eq,unchanged,42,42,,copying,True,states correct value,False
gsm8k,copy,A customs officer at the main port of SeaSide clearances counted 2 containers of,ok,102,5,8,5,8,3.0,True,True,True,,False,False,False,False,False,question,False,,,3,3,eq_operand,changed,2.8,4,,copying,True,directly redoes calculation,True
gsm8k,copy,Morisette and Kael were asked to bring fruits. Morisette brought 5 apples and 8 ,ok,568,27,29,27,29,2.0,True,True,True,,False,False,False,False,True,cot,False,,,5,5,after_last_eq,unchanged,27,27,,copying,True,directly redoes calculation,False
gsm8k,copy,Dylan needed chicken sausages and fish sausages to make sausage buns at a party.,ok,129,38,41,38,41,3.0,True,True,True,,False,False,False,False,False,question,False,,,2,2,prose_mid,unchanged,82,82,,copying,True,complete hallucination,False
gsm8k,copy,"After transferring to a new school, Amy made 20 more friends than Lily. If Lily ",ok,358,120,122,120,122,2.0,True,True,True,,False,False,False,False,True,cot,False,,,2,2,after_last_eq,unchanged,120,120,,copying,True,directly redoes calculation,False
gsm8k,copy,Nissa hires 60 seasonal workers to play elves in her department store's Santa vi,ok,547,10,7,10,7,-3.0,True,True,True,,False,False,False,False,False,question,False,,,3,3,prose_mid,unchanged,30,30,,copying,True,states correct value,False
gsm8k,copy,There are 27 unicorns left in the world.  One third of them are in the Scottish ,ok,361,9,10,9,10,1.0,True,True,True,,False,False,False,False,False,cot,False,,,1,1,after_last_eq,not_analyzable,,6,,copying,True,states correct value,False
gsm8k,copy,Brittany and her mom go to the museum. The cost of admission is $12 for adults a,ok,196,8,6,8,6,-2.0,True,True,True,,False,False,False,False,False,question,False,,,2,2,prose_mid,unchanged,30,30,,copying,True,states correct value,False
gsm8k,copy,The zookeeper feeds all the apes in the zoo. He orders all the bananas from a lo,ok,430,700,702,700,702,2.0,True,True,True,,False,False,False,False,False,cot,False,,,0,0,no_verified_eqs,not_analyzable,,1400,,copying,True,complete hallucination,False
gsm8k,copy,Blake and Kelly are having a contest to see who can run the most in 15 minutes. ,ok,157,100,99,100,99,-1.0,True,True,True,,False,False,False,False,False,question,False,,,0,0,no_verified_eqs,not_analyzable,,80,,copying,False,,False
gsm8k,copy,Sandra's neighbor gives her a basket of 9 eggs every time she babysits their dau,ok,71,15,14,15,14,-1.0,True,True,True,,False,False,False,False,False,question,False,,,0,0,no_verified_eqs,not_analyzable,,5,,copying,True,complete hallucination,False
gsm8k,copy,"In a race with 240 Asians, 80 were Japanese, and the rest were Chinese. If the n",ok,422,160,161,160,161,1.0,True,True,True,,False,False,False,False,False,cot,False,,,2,2,eq_operand,changed,101,100,,copying,True,directly redoes calculation,True
gsm8k,copy,"Sandra, the florist around the corner, is very unhappy with Fred's incomplete or",ok,629,160,162,160,162,2.0,True,True,True,,False,False,False,False,True,cot,False,,,0,0,no_verified_eqs,not_analyzable,,160,,copying,True,partial hallucination,False
gsm8k,copy,Mandy owes Benedict $100. They agreed to have monthly interest of 2%. If Mandy w,ok,92,100,102,100,102,2.0,True,True,True,,False,False,False,False,False,question,False,,,3,0,no_verified_eqs,not_analyzable,,106,,copying,False,,False
gsm8k,copy,John collects peaches for 3 hours.  He can collect 2 peaches a minute.  How many,ok,308,2,0,2,0,-2.0,True,True,True,,False,False,False,False,False,question,False,,,2,2,eq_operand,changed,0,360,,copying,True,states correct value,True
gsm8k,copy,Josie grows grapes on her 10-acre farm.  Each acre produces 5 tons of grapes per,ok,164,5,7,5,7,2.0,True,True,True,,False,False,False,False,False,question,False,,,0,0,no_verified_eqs,not_analyzable,,100,,copying,True,states correct value,False
gsm8k,copy,"Gary likes to walk around the edge of the local park, which is a rectangle that ",ok,478,3,0,3,0,-3.0,True,True,True,,False,False,False,False,False,question,False,,,0,0,no_verified_eqs,not_analyzable,,5,,copying,True,states correct value,False
gsm8k,copy,A watermelon farm produced 120 baby watermelons. Ashlyn went to the farm after t,ok,397,3,6,3,6,3.0,True,True,True,,False,False,False,False,False,question,False,,,3,3,prose_mid,unchanged,21,21,,copying,True,states correct value,False
gsm8k,copy,"Kylie and Robert enjoy going to the beach to collect shells. On Monday, Kylie co",ok,302,2,5,2,5,3.0,True,True,True,,True,True,True,False,False,question,False,,,2,2,eq_operand,changed,125,50,,copying,True,directly redoes calculation,True
gsm8k,copy,Johnny took his allowance of $20 and added an extra $10 to it.  He then invested,ok,104,10,8,10,8,-2.0,True,True,True,,False,False,False,False,False,question,False,,,2,2,prose_mid,unchanged,90,90,,copying,True,directly redoes calculation,False
gsm8k,copy,"The number of students in a school hall was 1000. The hall had 3 entrances A, B,",ok,669,700,702,700,702,2.0,True,True,True,,False,False,False,False,False,cot,False,,,3,3,prose_mid,unchanged,280,280,,copying,True,complete hallucination,False
gsm8k,copy,Jason has a phone plan of 1000 minutes per month. Every day he has a 15-minute c,ok,343,450,449,450,449,-1.0,True,True,True,,False,False,False,False,False,cot,False,,,3,3,prose_mid,unchanged,250,250,,copying,True,complete hallucination,False
gsm8k,copy,"Ten stalls have 20 cows each. Mr. Sylas buys 40 cows and divides them equally, p",ok,308,8,9,8,9,1.0,True,True,True,,False,False,False,False,False,question,False,,,2,2,prose_mid,unchanged,192,192,,copying,True,complete hallucination,False
gsm8k,copy,Nancy is returning her overdue books to the library. She owes $0.50 cents each o,ok,340,6.00,5.0,6,5,-1.0,True,True,True,,False,False,False,False,True,cot,True,,,2,2,after_last_eq,unchanged,6,6,,copying,True,directly redoes calculation,False
gsm8k,copy,Andrea has 8 more apples than Jamal and half as many bananas as Jamal. Jamal has,ok,421,44,47,44,47,3.0,True,True,True,,False,False,False,False,False,cot,False,,,4,4,eq_operand,changed,171,168,,copying,True,complete hallucination,False
gsm8k,copy,There are 6 trees in Chris's yard.  Ferdinand has half the number of trees that ,ok,345,11,8,11,8,-3.0,True,True,True,,False,False,False,True,False,cot,False,,,2,2,prose_mid,unchanged,8,8,,copying,True,states correct value,False
gsm8k,copy,"Carmen has $100, Samantha has $25 more than Carmen, and Daisy has $50 more than ",ok,312,400.,403,400,403,3.0,True,True,True,,False,False,False,False,True,cot,False,,,2,2,after_last_eq,not_analyzable,,400,,copying,True,directly redoes calculation,False
gsm8k,copy,It takes 20 minutes for the oil to heat up to 300 degrees.  It then takes 40% lo,ok,473,5,3,5,3,-2.0,True,True,True,,False,False,False,False,False,question,False,,,0,0,no_verified_eqs,not_analyzable,,91,,copying,True,states correct value,False
gsm8k,copy,"Terri is knitting a sweater with two sleeves, a collar, and a decorative rosette",ok,58,900,898,900,898,-2.0,True,True,True,,False,False,False,False,False,question,False,,,5,5,prose_mid,unchanged,315,315,,copying,True,directly redoes calculation,False
gsm8k,copy,"It's April, and Mrs. Rylan has been busy on her farm planting different types of",ok,275,80,81,80,81,1.0,True,True,True,,False,False,False,False,False,question,False,,,1,1,prose_mid,unchanged,3200,3200,,copying,True,states correct value,False
gsm8k,copy,"Carly had 80 cards, 2/5 of the cards had the letter A on them, 1/2 of the remain",ok,74,5,2,5,2,-3.0,True,True,True,,True,True,True,False,False,question,False,,,6,6,prose_mid,unchanged,9,9,,copying,True,states correct value,False
gsm8k,copy,It takes Matthew 3 minutes to dig a small hole for shrubs and 10 minutes to dig ,ok,570,60,58,60,58,-2.0,True,True,True,,False,False,False,False,False,cot,False,,,0,0,no_verified_eqs,not_analyzable,,4,,copying,True,partial hallucination,False
gsm8k,copy,A car in the fast lane is traveling at 60 miles/hour. A car in the slow lane is ,ok,180,480,481,480,481,1.0,True,True,True,,False,False,False,False,False,question,True,,,0,0,no_verified_eqs,not_analyzable,,16,,NOJOIN,NOJOIN,NOJOIN,False
gsm8k,copy,Susan earns $5 every 10 minutes for an online task she does. If she works betwee,ok,403,150,152,150,152,2.0,True,True,True,,False,False,False,False,False,cot,False,,,0,0,no_verified_eqs,not_analyzable,,75,,copying,True,complete hallucination,False
gsm8k,copy,"Three friends: Mike, Jim, and Tony decided to play a game. After 3 rounds Mike h",ok,356,42,40,42,40,-2.0,True,True,True,,False,False,False,False,False,cot,False,,,2,2,eq_operand,not_analyzable,,83,,copying,True,partial hallucination,False
gsm8k,copy,Each person in a certain household consumes 0.2 kg of rice every meal. Supposing,ok,446,42,45,42,45,3.0,True,True,True,,False,False,False,False,False,question,False,,,0,0,no_verified_eqs,not_analyzable,,3,,copying,True,complete hallucination,False
gsm8k,copy,Sam sells bread. He has a target of selling 120 crates of bread in a week. One w,ok,276,15,16,15,16,1.0,True,True,True,,False,False,False,False,False,question,False,,,2,2,eq_operand,changed,54,55,,copying,True,directly redoes calculation,False
gsm8k,copy,John arm wrestles 20 people.  He beats 80%.  How many people did he lose to?,ok,157,80,78,80,78,-2.0,True,True,True,,False,False,False,False,False,question,False,,,2,2,prose_mid,unchanged,4,4,,copying,True,partial hallucination,False
gsm8k,copy,A bakery produces 60 loaves of bread each day. Two-thirds of the loaves are sold,ok,338,20,17,20,17,-3.0,True,True,True,,False,False,False,False,False,cot,False,,,1,1,after_last_eq,not_analyzable,,10,,copying,True,directly redoes calculation,False
gsm8k,copy,"In a family of 5, three people eat three eggs each day while the rest eat two eg",ok,239,13,14,13,14,1.0,True,True,True,,False,False,False,False,False,cot,True,,,4,4,prose_mid,unchanged,91,91,,copying,True,explicitly identifies error,False
gsm8k,copy,"Trent is 5 years older than Jane, and Jane is 3 years younger than Quinn. If Qui",ok,158,5,6,5,6,1.0,True,True,True,,False,False,False,False,False,question,False,,,2,2,prose_mid,unchanged,32,32,,copying,True,complete hallucination,False
gsm8k,copy,"Six years ago, when Noah was half as old as Cera, the population of Chile was ha",ok,478,"120,000","120,002",120000,120002,2.0,True,True,True,,False,False,False,False,True,cot,False,,,4,4,after_last_eq,unchanged,120000,120000,,copying,True,complete hallucination,False
gsm8k,copy,Solomon bought 20 marbles from his friend Johanna and added them to a store that,ok,272,8,9,8,9,1.0,True,True,True,,False,False,False,False,False,cot,True,,,3,3,prose_mid,unchanged,156,156,,copying,True,directly redoes calculation,False
gsm8k,copy,John fills a 6 foot by 4 foot pool that is 5 feet deep.  It cost $.1 per cubic f,ok,171,6,5,6,5,-1.0,True,True,True,,True,False,True,False,False,question,True,,,0,0,no_verified_eqs,not_analyzable,,12,,copying,True,states correct value,False
gsm8k,copy,The ratio of the electric poles and electric wires needed to connect and supply ,ok,451,45,48,45,48,3.0,True,True,True,,False,False,False,False,False,question,False,,,2,0,no_verified_eqs,not_analyzable,,15,,copying,True,states correct value,False
gsm8k,copy,A magazine costs half as much as a book. The book costs $4. A pen costs $1 less ,ok,179,1,-2,1,-2,-3.0,True,True,True,,False,False,False,False,True,question,False,,,2,2,prose_mid,unchanged,1,1,,copying,True,states correct value,False
gsm8k,copy,Jaime is a computer programmer for a company that currently has employed 100 peo,ok,108,2,0,2,0,-2.0,True,True,True,,False,False,False,False,False,question,False,,,5,5,prose_mid,unchanged,224000,224000,,copying,True,states correct value,False
gsm8k,copy,The cell-phone recharges at the rate of 1 percentage-point of charge per 3 minut,ok,464,120,118,120,118,-2.0,True,True,True,,False,False,False,False,False,cot,False,,,3,2,eq_operand,changed,1.966666667,2,,copying,True,partial hallucination,False
gsm8k,copy,Erin has 7 lollipops. Her mother gives Erin another 10 lollipops. If Erin gives ,ok,53,10,8,10,8,-2.0,True,True,True,,False,False,False,False,False,question,False,,,2,2,prose_mid,unchanged,14,14,,copying,True,complete hallucination,False
gsm8k,copy,Robert wants to buy a bookshelf and a sofa and has received two offers. Furnitur,ok,141,350,353,350,353,3.0,True,True,True,,False,False,False,False,False,question,False,,,4,4,prose_mid,not_analyzable,,100,,copying,True,partial hallucination,False
gsm8k,copy,Mason needs 30 ounces of sugar to make a batch of suckers and 70 ounces of sugar,ok,506,1,0,1,0,-1.0,True,True,True,,False,False,False,False,False,question,False,,,0,0,no_verified_eqs,not_analyzable,,310,,other,True,states correct value,False
gsm8k,copy,"A pink frog weighs the same as a blue beetle, the same as a green toad, 10 pound",ok,654,20,17,20,17,-3.0,True,True,True,,False,False,False,False,False,question,False,,,4,4,prose_mid,unchanged,260,260,,copying,True,complete hallucination,False
gsm8k,copy,Davos bought 2 shirts from the mall that cost $30 each. If he bought them with a,ok,424,36,37,36,37,1.0,True,True,True,,False,False,False,False,True,cot,False,,,3,3,after_last_eq,unchanged,36,36,,copying,True,states correct value,False
gsm8k,copy,"After Andrea saved some money, she then spent the rest of her money on an $11 sw",ok,114,4,1,4,1,-3.0,True,True,True,,False,False,False,False,False,question,False,,,2,2,prose_mid,unchanged,21,21,,copying,True,partial hallucination,False
gsm8k,copy,"Carver just turned 45 years old, which makes him 5 years less than twice the age",ok,228,2,4,2,4,2.0,True,True,True,,False,False,False,False,False,cot,True,,,1,0,no_verified_eqs,not_analyzable,,25,,copying,False,,False
gsm8k,copy,"To be promoted to the next school year, Jane takes 3 tests that together must to",ok,175,18,20,18,20,2.0,True,True,True,,False,False,False,False,False,question,False,,,2,2,eq_operand,changed,7,9,,copying,True,complete hallucination,False
gsm8k,copy,3 customers were kicked out of the Walmart for refusing to wear masks. A number ,ok,20,3,6,3,6,3.0,True,True,True,,False,False,False,False,False,question,False,,,4,4,prose_mid,unchanged,19,19,,copying,True,complete hallucination,False
gsm8k,copy,A shoe store was having a weekend sale on a brand of popular tennis shoes. On Fr,ok,105,14,16,14,16,2.0,True,True,True,,False,False,False,False,False,question,False,,,2,2,eq_operand,not_analyzable,,50,,copying,True,directly redoes calculation,False
gsm8k,copy,Mary has 30 sheep. She gets 1 kg of milk from half of them and 2 kg of milk from,ok,705,30,32,30,32,2.0,True,True,True,,False,False,False,False,False,question,False,,,2,0,no_verified_eqs,not_analyzable,,45,,copying,True,partial hallucination,False
gsm8k,copy,There are 40 pupils in a class. Half of the class likes blue. One-fourth of the ,ok,158,20,18,20,18,-2.0,True,True,True,,False,False,False,False,False,cot,True,,,2,0,no_verified_eqs,not_analyzable,,15,,calculation,True,states correct value,False
gsm8k,copy,"Lucy sells apples from her orchard at $4 per piece. On Monday, she sold all the ",ok,505,12,15,12,15,3.0,True,True,True,,False,False,False,False,False,question,False,,,2,2,after_last_eq,not_analyzable,,50,,copying,True,states correct value,False
gsm8k,copy,The ratio of popsicles that Betty and Sam have is 5:6. If the total number of po,ok,491,90,88,90,88,-2.0,True,True,True,,False,False,False,False,False,cot,False,,,5,5,eq_operand,changed,13,15,,NOJOIN,NOJOIN,NOJOIN,False
gsm8k,copy,"Carol spends 4 hours writing a song, half that much time recording it, and 90 mi",ok,424,1.5,-0.5,1.5,-0.5,-2.0,True,True,True,,False,False,False,False,False,cot,False,,,1,1,after_last_eq,not_analyzable,,20,,copying,True,states correct value,False
gsm8k,copy,"Alice is 7 years older than Beth, who is 5 years older than Erica. What is the d",ok,139,7,5,7,5,-2.0,True,True,True,,True,True,True,False,False,question,False,,,3,3,prose_mid,unchanged,12,12,,copying,True,states correct value,False
gsm8k,copy,A builder works for 4 weeks every month and for 6 days every week. If he gets pa,ok,254,1200,1197,1200,1197,-3.0,True,True,True,,False,False,False,False,False,cot,False,,,0,0,no_verified_eqs,not_analyzable,,14400,,copying,True,directly redoes calculation,False
gsm8k,copy,Tyson decided to make muffaletta sandwiches for the big game.  Each sandwich req,ok,175,5,8,5,8,3.0,True,True,True,,False,False,False,False,False,cot,True,,,5,5,prose_mid,unchanged,50,50,,copying,True,directly redoes calculation,False
gsm8k,copy,"At Allan's house, there is twice as much corn as cannolis. He has a total of 40 ",ok,457,100,102,100,102,2.0,True,True,True,,False,False,False,False,False,cot,False,,,5,5,eq_operand,changed,202,200,,copying,True,states correct value,False
gsm8k,copy,A herd consists of camels and dromedaries. There are 180 heads and 304 bumps. Ho,ok,794,180,182,180,182,2.0,True,True,True,,False,False,False,False,False,question,True,,,0,0,no_verified_eqs,not_analyzable,,56,,copying,True,explicitly identifies error,False
gsm8k,copy,"Stanley was standing on the side of the mountain, at an elevation of 10,000 feet",ok,363,"3,000","2,999",3000,2999,-1.0,True,True,True,,False,False,False,False,True,question,True,,,2,2,eq_rhs,changed,2999,3000,,copying,True,states correct value,False
gsm8k,copy,"There were 50 cats on a rock. Four boats came and carried away 5 cats each, and ",ok,276,5,3,5,3,-2.0,True,True,True,,True,True,True,False,False,question,False,,,4,4,prose_mid,unchanged,12,12,,copying,True,partial hallucination,False
gsm8k,copy,15 gallons of gas were equally divided into 5 different containers. Josey needed,ok,110,5,6,5,6,1.0,True,True,True,,False,False,False,True,False,question,False,,,3,3,prose_mid,unchanged,6,6,,copying,True,complete hallucination,False
gsm8k,copy,"On a certain day, the total cost of filling up 20 helium balloons was $900. Two ",ok,566,"11,050","11,047",11050,11047,-3.0,True,True,True,,False,False,False,False,True,cot,False,,,3,3,after_last_eq,unchanged,11050,11050,,copying,True,complete hallucination,False
gsm8k,copy,"A car is on a road trip and drives 60 mph for 2 hours, and then 30 mph for 1 hou",ok,364,1,3,1,3,2.0,True,True,True,,False,False,False,False,False,question,False,,,3,3,after_last_eq,not_analyzable,,50,,copying,True,states correct value,False
gsm8k,copy,Jenna starts out with 8 sapphires. She trades 3 sapphires for two rubies. If sap,ok,130,8,5,8,5,-3.0,True,True,True,,False,False,False,False,False,question,False,,,4,4,prose_mid,unchanged,6400,6400,,copying,True,states correct value,False
gsm8k,copy,Grayson recycles cans and bottles for money each week. An aluminum can is worth ,ok,160,3,5,3,5,2.0,True,True,True,,False,False,False,False,False,cot,False,,,4,4,prose_mid,unchanged,84,84,,copying,True,states correct value,False
gsm8k,copy,Shondra has 7 fewer plants than Toni. Toni has 60% more plants than Frederick. I,ok,68,60,57,60,57,-3.0,True,True,True,,False,False,False,False,False,question,False,,,0,0,no_verified_eqs,not_analyzable,,9,,copying,True,complete hallucination,False
gsm8k,copy,Theo bought a pen for $2 and a piece of paper that cost $1 less than three times,ok,156,2,5,2,5,3.0,True,True,True,,False,False,False,False,False,question,False,,,2,2,prose_mid,unchanged,3,3,,copying,True,directly redoes calculation,False
gsm8k,copy,It takes 240 minutes of walking to break in a new pair of shoes. Jason wants to ,ok,347,240,242,240,242,2.0,True,True,True,,False,False,False,False,False,question,False,,,2,2,prose_mid,unchanged,20,20,,copying,True,partial hallucination,False
gsm8k,copy,A company decided to take its employees on a tour to explore an ancient site. Th,ok,143,200,198,200,198,-2.0,True,True,True,,False,False,False,False,False,question,False,,,3,3,eq_operand,changed,615,621,,copying,True,complete hallucination,True
gsm8k,copy,"Belen has two kinds of pennies, a 2010 penny and a 1959 penny. The 2010 penny is",ok,420,2010,2009,2010,2009,-1.0,True,True,True,,False,False,False,False,False,question,False,,,0,0,no_verified_eqs,not_analyzable,,84,,other,True,complete hallucination,False
gsm8k,copy,Heather's razors come 4 to a pack and cost $4.00 a pack.  They are currently on ,ok,476,8,10,8,10,2.0,True,True,True,,False,False,False,False,False,cot,False,,,3,3,eq_operand,not_analyzable,,25,,copying,True,complete hallucination,False
gsm8k,copy,Cherrie wants to buy Christmas gifts for her 5 friends. 2 of her friends want 5 ,ok,262,10,13,10,13,3.0,True,True,True,,False,False,False,False,False,question,False,,,4,4,eq_operand,changed,29,26,,copying,True,states correct value,True
gsm8k,copy,The rug is 5 feet wider than the chair. The couch is 2 feet longer than twice th,ok,136,5,8,5,8,3.0,True,True,True,,False,False,False,False,False,question,False,,,3,3,eq_operand,changed,24,18,,copying,True,directly redoes calculation,False
gsm8k,copy,The farm has 30 cows and the zoo has 20 sheep.  The zoo has twice as many cows a,ok,320,2,4,2,4,2.0,True,True,True,,False,False,False,False,False,cot,False,,,5,5,eq_operand,changed,115,120,,copying,True,complete hallucination,True
gsm8k,copy,"A house and a lot cost $120,000. If the house cost three times as much as the lo",ok,591,"30,000","30,002",30000,30002,2.0,True,True,True,,False,False,False,False,False,cot,False,,,1,1,eq_operand,changed,90006,90000,,copying,True,partial hallucination,False
gsm8k,copy,On average Joe throws 25 punches per minute.  A fight lasts 5 rounds of 3 minute,ok,198,25,23,25,23,-2.0,True,True,True,,False,False,False,False,False,question,False,,,2,2,prose_mid,unchanged,375,375,,copying,True,directly redoes calculation,False
gsm8k,copy,The eighth-grade class held a bake-off. Kelsie made two times more cookies than ,ok,196,36,39,36,39,3.0,True,True,True,,False,False,False,False,False,question,False,,,2,2,prose_mid,unchanged,18,18,,copying,True,complete hallucination,False
gsm8k,copy,Ali has four $10 bills and six $20 bills that he saved after working for Mr. Jam,ok,604,32,35,32,35,3.0,True,True,True,,False,False,False,False,True,cot,True,,,7,7,after_last_eq,unchanged,32,32,,copying,True,directly redoes calculation,False
gsm8k,copy,It's strawberry-picking time on Grandma Concetta's farm.  Tony can pick 6 quarts,ok,388,6,3,6,3,-3.0,True,True,True,,False,False,False,False,False,question,False,,,4,4,prose_mid,unchanged,29,29,,copying,True,states correct value,False
gsm8k,copy,Ophelia and Jenna are living in the same apartment building. They each have 2 fe,ok,560,172,174,172,174,2.0,True,True,True,,False,False,False,False,True,cot,False,,,4,4,after_last_eq,unchanged,172,172,,copying,True,complete hallucination,False
gsm8k,copy,"Errol bought a computer, 2 monitors, and a printer for $2,400. He paid $400 less",ok,345,"2,400","2,401",2400,2401,1.0,True,True,True,,False,False,False,False,False,question,False,,,4,4,prose_mid,unchanged,300,300,,copying,True,complete hallucination,False
gsm8k,copy,Twenty kids went out on a school trip. In one of the several activities they par,ok,282,10,9,10,9,-1.0,True,True,True,,False,False,False,False,False,cot,False,,,4,4,prose_mid,unchanged,300,300,,copying,True,states correct value,False
gsm8k,copy,Emma can make and upload 72 vlogs per month. But she was only able to make 18 vl,ok,413,54,57,54,57,3.0,True,True,True,,False,False,False,False,False,cot,False,,,0,0,no_verified_eqs,not_analyzable,,18,,copying,False,,False
gsm8k,copy,Jonathan was sad to learn he needed 2 more toys than he already had to have enou,ok,165,80,81,80,81,1.0,True,True,True,,False,False,False,False,False,question,False,,,2,2,prose_mid,unchanged,398,398,,copying,True,states correct value,False
gsm8k,copy,How much does it cost you for lunch today at Subway if you pay $40 for a foot-lo,ok,384,40,42,40,42,2.0,True,True,True,,False,False,False,False,False,question,True,,,2,2,eq_operand,changed,162,160,,copying,True,directly redoes calculation,False
gsm8k,copy,"In the first week, Judy read for 15 minutes each night before going to sleep. In",ok,274,1.5,3.5,1.5,3.5,2.0,True,True,True,,False,False,False,False,False,question,False,,,4,3,prose_mid,unchanged,240,240,,copying,True,complete hallucination,False
gsm8k,copy,The tooth fairy left Sharon $5.00 in exchange for the first tooth Sharon lost.  ,ok,427,9,10,9,10,1.0,True,True,True,,False,False,False,False,True,cot,False,,,4,4,after_last_eq,unchanged,9,9,,copying,True,directly redoes calculation,False
gsm8k,copy,"Three teenagers are playing soccer on the weekend. Richie, the first teenager, s",ok,130,20,18,20,18,-2.0,True,True,True,,False,False,False,False,False,question,False,,,2,2,prose_mid,not_analyzable,,175,,copying,True,partial hallucination,False
gsm8k,copy,Michael is replacing the carpet in his bedroom.  The new carpet he's chosen cost,ok,936,216,213,216,213,-3.0,True,True,True,,False,False,False,False,False,cot,False,,,6,6,eq_operand,changed,11130,11232,,copying,True,directly redoes calculation,True
gsm8k,copy,Judy bought a dozen cups and twice as many dishes as cups to take to the church',ok,274,24,22,24,22,-2.0,True,True,True,,False,False,False,False,False,cot,False,,,3,3,prose_mid,unchanged,120,120,,copying,True,partial hallucination,False
gsm8k,copy,Jerry is twice as old as he was 5 years ago. How old will Jerry be in 3 years?,ok,559,3,2,3,2,-1.0,True,True,True,,False,True,True,False,False,question,False,,,1,1,prose_mid,unchanged,13,13,,copying,True,complete hallucination,False
gsm8k,copy,The jumbo bottle of shampoo costs $24.00.  The directions say to use 2 pumps of ,ok,703,10,12,10,12,2.0,True,True,True,,False,False,False,False,True,cot,False,,,0,0,no_verified_eqs,not_analyzable,,10,,copying,True,states correct value,False
gsm8k,copy,Juan wants to add croissants to his bakery menu.  It takes 1/4 pound of butter t,ok,229,1,3,1,3,2.0,True,True,True,,False,False,False,False,False,question,True,,,0,0,no_verified_eqs,not_analyzable,,7,,calculation,True,directly redoes calculation,False
gsm8k,copy,The basketball team went to the steakhouse to eat dinner.  The first player ate ,ok,683,14,12,14,12,-2.0,True,True,True,,False,False,False,False,False,cot,False,,,3,3,eq_operand,changed,28,30,,copying,True,complete hallucination,True
gsm8k,copy,A Reddit group has 1000 members. If each member posts an average of 3 posts per ,ok,431,3000,2997,3000,2997,-3.0,True,True,True,,False,False,False,False,False,cot,False,,,1,1,after_last_eq,not_analyzable,,93000,,copying,False,,False
gsm8k,copy,Each pole on a road intersection has 4 street lights. If the number of poles at ,ok,392,4,7,4,7,3.0,True,True,True,,False,False,False,False,False,question,False,,,3,3,prose_mid,unchanged,76,76,,copying,True,states correct value,False
gsm8k,copy,"Max bought stamps at the post office. Some of the stamps had a snowflake design,",ok,325,45,46,45,46,1.0,True,True,True,,False,False,False,False,True,cot,False,,,3,3,after_last_eq,unchanged,45,45,,copying,True,directly redoes calculation,False
gsm8k,copy,Tommy caught 3 more fish than Darren and Darren caught 6 less than Naomi. If Nao,ok,237,3,1,3,1,-2.0,True,True,True,,False,False,False,False,False,question,False,,,2,2,eq_operand,changed,12,14,,copying,True,states correct value,False
gsm8k,copy,Julie operates the cash register exactly twice as fast as her less-experienced c,ok,136,50,52,50,52,2.0,True,True,True,,False,False,False,False,False,question,False,,,3,3,eq_operand,changed,1078,1050,,copying,True,complete hallucination,True
gsm8k,copy,"Reggie, Lynn, and Paisley ran together. Paisley ran 4 miles. Reggie ran 5 times ",ok,75,4,3,4,3,-1.0,True,True,True,,True,False,True,False,False,question,False,,,2,2,prose_mid,unchanged,17,17,,copying,True,complete hallucination,False
gsm8k,copy,Bill is ordering a new truck. He has decided to purchase a two-ton truck with se,ok,345,"2,500","2,501",2500,2501,1.0,True,True,True,,False,False,False,False,False,cot,True,,,1,1,eq_operand,not_analyzable,,43500,,copying,True,partial hallucination,False
gsm8k,copy,James buys a new wardrobe.  He buys 10 suits and 10 dress pants.  He also buys 3,ok,145,5,6,5,6,1.0,True,True,True,,False,False,False,False,False,question,False,,,6,6,prose_mid,unchanged,10800,10800,,copying,True,directly redoes calculation,False
gsm8k,copy,Steve is 60 years old. His wife is 4 years older than him. Their son is currentl,ok,125,64,67,64,67,3.0,True,True,True,,False,False,False,False,False,cot,False,,,0,0,no_verified_eqs,not_analyzable,,29,,copying,True,partial hallucination,False
gsm8k,copy,"On Tuesday, Clara bought 20 pomegranates at $20 each. At the till she got $2 off",ok,441,60,57,60,57,-3.0,True,True,True,,False,False,False,False,False,cot,False,,,6,6,prose_mid,unchanged,142,142,,copying,True,partial hallucination,False
gsm8k,copy,James hires a horse-drawn carriage from 5 PM to 9 PM.  He gets 1 hour free.  The,ok,86,5,7,5,7,2.0,True,True,True,,False,False,False,False,False,question,False,,,3,3,prose_mid,unchanged,75,75,,copying,False,,False
gsm8k,copy,A pound of almonds costs $10 while a pound of walnuts costs $15. How much more d,ok,642,2,3,2,3,1.0,True,True,True,,True,True,True,True,False,question,False,,,3,3,after_last_eq,unchanged,3,3,,other,True,complete hallucination,False
gsm8k,copy,John decides to take a cooking class.  The class meets 4 times a week for 2 hour,ok,332,8,6,8,6,-2.0,True,True,True,,True,True,True,False,False,cot,False,,,3,3,eq_operand,changed,24,32,,copying,True,states correct value,True
gsm8k,copy,"Rayna has 60 more dollars than Kassidy, and Kassidy has 3/4 times as much money ",ok,75,4,2,4,2,-2.0,True,True,True,,False,False,False,False,False,question,False,,,4,4,prose_mid,unchanged,120,120,,copying,True,complete hallucination,False
gsm8k,copy,Sarah’s basketball games are 4 quarters that are each 12 minutes long. In the la,ok,280,5,8,5,8,3.0,True,True,True,,False,False,False,False,False,cot,False,,,0,0,no_verified_eqs,not_analyzable,,53,,copying,True,states correct value,False
gsm8k,copy,"Chris has a two-speed lawn mower. He can mow his entire lawn in ""turtle"" mode in",ok,378,40,39,40,39,-1.0,True,True,True,,False,False,False,False,False,question,False,,,0,0,no_verified_eqs,not_analyzable,,50,,copying,True,complete hallucination,False
gsm8k,copy,"Catherine goes to the grocery store. She buys 1 kilo of apples for $4, 2 kilos o",ok,160,2,1,2,1,-1.0,True,True,True,,True,True,True,False,False,question,False,,,4,4,prose_mid,unchanged,14,14,,copying,True,directly redoes calculation,False
gsm8k,copy,Manolo bought five lollipops and four candies that cost $3.20. If each lollipop ,ok,551,0.30,2.3,0.3,2.3,2.0,True,True,True,,False,False,False,False,False,cot,False,,,6,6,eq_operand,changed,27,7,,copying,True,partial hallucination,False
gsm8k,copy,Brittany's quilted comforter has many 1-foot by 1-foot colored squares. The comf,ok,335,12,10,12,10,-2.0,True,True,True,,False,False,False,False,False,question,False,,,4,4,prose_mid,unchanged,68,68,,copying,True,directly redoes calculation,False
gsm8k,copy,Great Grandma Jones has three children.  And each of her children has three chil,ok,108,3,2,3,2,-1.0,True,True,True,,False,False,False,False,False,cot,False,,,2,2,eq_operand,changed,18,27,,copying,True,states correct value,False
gsm8k,copy,Ginger and Amy both start with 100 pieces of Halloween candy. Ginger eats 4 piec,ok,556,14,15,14,15,1.0,True,True,True,,False,False,False,False,True,cot,True,,,0,0,no_verified_eqs,not_analyzable,,14,,calculation,True,states correct value,False
gsm8k,copy,"Mr Boarden is remodeling his bathroom. For every square foot, he needs 24 mosaic",ok,388,24,27,24,27,3.0,True,True,True,,False,False,False,False,False,question,False,,,0,0,no_verified_eqs,not_analyzable,,576,,copying,True,states correct value,False
gsm8k,copy,"A company wanted to buy 500 computers and had $700 for each computer. However, w",ok,400,770,773,770,773,3.0,True,True,True,,False,False,False,False,False,cot,False,,,2,2,eq_operand,changed,386500,385000,,copying,True,partial hallucination,False
gsm8k,copy,"100 people apply for a job at Google. Of the people that apply, only 30% receive",ok,386,2,1,2,1,-1.0,True,True,True,,False,False,False,False,True,cot,True,,,3,3,eq_rhs,changed,1,2,,calculation,True,states correct value,False
gsm8k,copy,Goldy bought 20 sacks of rice and gave 3 sacks to her cousin and 4 sacks to her ,ok,267,175,173,175,173,-2.0,True,True,True,,False,False,False,False,True,cot,False,,,0,0,no_verified_eqs,not_analyzable,,175,,copying,True,partial hallucination,False
gsm8k,copy,Parker chews 4 pieces of gum a day.  A pack of gum has 15 pieces of chewing gum ,ok,386,120,119,120,119,-1.0,True,True,True,,False,False,False,False,False,cot,False,,,2,2,eq_operand,changed,7.933333333,8,,copying,False,,False
gsm8k,copy,Each sleeve of graham crackers makes the base for 8 large smores.  There are 3 s,ok,208,6,3,6,3,-3.0,True,True,True,,True,False,True,False,False,question,False,,,4,4,prose_mid,not_analyzable,,1,,copying,True,states correct value,False
gsm8k,copy,Alice has 6 more books than Steven. Clara has two times as many books as Steven.,ok,30,20,22,20,22,2.0,True,True,True,,False,False,False,False,False,question,False,,,3,3,prose_mid,unchanged,4,4,,copying,True,explicitly identifies error,False
gsm8k,copy,"Jeremy saw 12 birds in their backyard and threw a stone at them, scaring away 1/",ok,130,1,4,1,4,3.0,True,True,True,,False,False,False,False,False,question,False,,,3,3,eq_operand,changed,16,28,,copying,True,complete hallucination,True
gsm8k,copy,"In a certain school, two classes have a total of 80 students. Each class has the",ok,736,24,26,24,26,2.0,True,True,True,,False,False,False,False,True,cot,False,,,3,3,after_last_eq,unchanged,24,24,,copying,True,complete hallucination,False
gsm8k,copy,Carl has four times as many marbles as Sean and Sean has half as many marbles as,ok,480,224,222,224,222,-2.0,True,True,True,,False,False,False,False,False,cot,False,,,3,3,eq_operand,changed,334,336,,copying,True,directly redoes calculation,True
gsm8k,copy,20% of 50 people think horse #2 will win the big race.  60% of the remaining peo,ok,309,7,4,7,4,-3.0,True,True,True,,False,False,False,False,False,question,False,,,4,4,prose_mid,unchanged,16,16,,other,True,complete hallucination,False
gsm8k,copy,Marissa bought a ball at the store for $20. If she had $80 on her and used the r,ok,105,20,21,20,21,1.0,True,True,True,,False,False,False,False,False,question,False,,,2,2,prose_mid,unchanged,12,12,,copying,True,partial hallucination,False
gsm8k,copy,Ava and Emma want to know who is better at the new video game Ava got for her bi,ok,909,120,117,120,117,-3.0,True,True,True,,False,False,False,False,False,cot,False,,,0,0,no_verified_eqs,not_analyzable,,25,,copying,True,partial hallucination,False
gsm8k,copy,Four friends ordered four pizzas for a total of 64 dollars. If two of the pizzas,ok,159,30,32,30,32,2.0,True,True,True,,False,False,False,False,False,question,False,,,2,2,prose_mid,unchanged,17,17,,copying,True,states correct value,False
gsm8k,copy,Mike needed a new pair of jeans.  When he got to the mall he saw that his favori,ok,388,20,18,20,18,-2.0,True,True,True,,False,False,False,False,True,cot,False,,,3,3,after_last_eq,unchanged,20,20,,copying,True,states correct value,False
gsm8k,copy,"Carrie is planning the caroling schedule. The choir plans to sing ""Deck the Hall",ok,394,240,238,240,238,-2.0,True,True,True,,False,False,False,False,False,question,False,,,1,1,after_last_eq,not_analyzable,,540,,copying,True,complete hallucination,False
gsm8k,copy,"When Billy was first hired, he was paid at a rate of $10 per hour.  After 2 mont",ok,561,10.50,11.5,10.5,11.5,1.0,True,True,True,,False,True,True,False,False,cot,False,,,3,3,prose_mid,unchanged,20,20,,copying,True,partial hallucination,False
gsm8k,copy,Kris is trying to earn a video game achievement for playing a total of 30 hours.,ok,570,30,33,30,33,3.0,True,True,True,,False,False,False,False,False,question,False,,,4,4,eq_operand,changed,12,9,,copying,True,complete hallucination,True
gsm8k,copy,Two cars are driving on a highway.  The first car is traveling at an average spe,ok,294,10,8,10,8,-2.0,True,True,True,,False,False,False,False,False,cot,False,,,2,2,prose_mid,unchanged,20,20,,copying,True,states correct value,False
gsm8k,copy,James buys a ring for his bride-to-be.  The diamond cost $600 and the gold cost ,ok,132,300,297,300,297,-3.0,True,True,True,,False,False,False,False,False,question,False,,,3,3,prose_mid,unchanged,1170,1170,,copying,True,partial hallucination,False
gsm8k,copy,Janet is collecting the results of Herbert Hoover Elementary School's annual sta,ok,302,40,39,40,39,-1.0,True,True,True,,False,False,False,False,False,question,False,,,6,6,prose_mid,not_analyzable,,70,,copying,True,partial hallucination,False
gsm8k,copy,John and DeSean bought a bag of marshmallows to make s'mores together. The bag h,ok,499,14,17,14,17,3.0,True,True,True,,False,False,False,False,False,cot,False,,,3,3,prose_mid,unchanged,7,7,,copying,True,states correct value,False
gsm8k,copy,Britany records 18 4-minute TikTok videos each week. She spends 2 hours a week w,ok,376,90,93,90,93,3.0,True,True,True,,False,False,False,False,False,cot,True,,,5,5,prose_mid,unchanged,1128,1128,,copying,True,directly redoes calculation,False
gsm8k,copy,An interior design firm offers installation for $129.00.  It includes hanging 4 ,ok,109,2,4,2,4,2.0,True,True,True,,True,True,True,False,False,question,True,,,2,2,prose_mid,unchanged,324,324,,calculation,True,states correct value,False
gsm8k,copy,Roy has saved 40% more in money earned by chores than his brother Anthony.  Anth,ok,254,40,42,40,42,2.0,True,True,True,,False,False,False,True,False,question,False,,,3,3,prose_mid,unchanged,42,42,,copying,True,partial hallucination,False
gsm8k,copy,"Patrick has three glue sticks that are partially used. One has 1/6 left, the sec",ok,243,2,3,2,3,1.0,True,True,True,,True,False,True,False,False,question,False,,,3,0,no_verified_eqs,not_analyzable,,16,,copying,True,complete hallucination,False
gsm8k,copy,"While on vacation in Bali, Thea bought a hat from a craftsman worth $70. If she ",ok,178,10,11,10,11,1.0,True,True,True,,False,False,False,False,True,cot,True,,,2,2,after_last_eq,unchanged,10,10,,copying,True,directly redoes calculation,False
gsm8k,copy,Craig has 2 twenty dollar bills. He buys six squirt guns for $2 each.  He also b,ok,242,2,1,2,1,-1.0,True,True,True,,False,False,False,False,False,question,False,,,5,5,eq_operand,changed,25,19,,copying,True,states correct value,True
gsm8k,copy,Peter has twice as many socks as Jack and half times as many dishes as jack. Jac,ok,225,60,57,60,57,-3.0,True,True,True,,False,False,False,False,False,question,True,,,3,3,prose_mid,not_analyzable,,180,,copying,True,directly redoes calculation,False
gsm8k,copy,Calvin is making soup for his family for dinner. He has a pot with enough soup t,ok,197,2,1,2,1,-1.0,True,True,True,,False,False,False,True,False,cot,False,,,3,3,eq_operand,not_analyzable,,1,,copying,True,complete hallucination,True
gsm8k,copy,Jo has been making face masks. She can make 4 small masks with 2 yards of materi,ok,417,20,18,20,18,-2.0,True,True,True,,False,False,False,False,False,question,False,,,0,0,no_verified_eqs,not_analyzable,,16,,copying,True,complete hallucination,False
gsm8k,copy,John drinks a bottle of water every half hour.  A normal sudoku puzzle takes him,ok,60,45,44,45,44,-1.0,True,True,True,,False,False,False,False,False,question,False,,,0,0,no_verified_eqs,not_analyzable,,6,,copying,True,directly redoes calculation,False
gsm8k,copy,Bruce works for 5 hours on Tuesday. On Wednesday he works twice the time he work,ok,126,10,9,10,9,-1.0,True,True,True,,False,False,False,False,False,cot,True,,,3,3,prose_mid,unchanged,23,23,,copying,True,directly redoes calculation,False
gsm8k,copy,Julia and Nadine were given the same amount of allowance by their mother. The tw,ok,649,14.,13,14,13,-1.0,True,True,True,,False,False,False,False,True,cot,True,,,3,3,eq_rhs,changed,13,14,,calculation,True,states correct value,False
gsm8k,copy,"Lana is brewing cups of tea for her friends. She has 27 cups, and she divides th",ok,550,2,-1,2,-1,-3.0,True,True,True,,False,False,False,False,True,cot,False,,,0,0,no_verified_eqs,not_analyzable,,2,,copying,True,states correct value,False
gsm8k,copy,Andrew bakes 200 mini cinnamon rolls and 300 mini blueberry muffins. A normal ci,ok,704,300,298,300,298,-2.0,True,True,True,,False,False,False,False,False,question,False,,,5,5,eq_operand,changed,84700,85000,,copying,False,,True
gsm8k,copy,"The combined age of Peter, Paul and Jean is 100 years old. Find the age of Peter",ok,376,10,8,10,8,-2.0,True,True,True,,False,False,False,False,False,question,False,,,0,0,no_verified_eqs,not_analyzable,,50,,copying,False,,False
gsm8k,copy,James loves to go swimming and has to swim across a 20-mile lake.  He can swim a,ok,841,1,0,1,0,-1.0,True,True,True,,False,False,False,False,False,cot,False,,,7,7,eq_operand,unchanged,17,17,,copying,True,states correct value,True
gsm8k,copy,Jasmine's teacher gives stickers for reward. She was given 15 stickers for parti,ok,65,7,6,7,6,-1.0,True,True,True,,False,False,False,False,False,question,False,,,2,2,eq_operand,changed,14,13,,copying,True,directly redoes calculation,False
gsm8k,copy,"Bahati, Azibo, and Dinar each contributed to their team's 45 points. Bahati scor",ok,830,30,29,30,29,-1.0,True,True,True,,False,False,False,False,False,cot,False,,,0,0,no_verified_eqs,not_analyzable,,5,,copying,True,complete hallucination,False
gsm8k,copy,"Robyn sends sixteen emails a day. Seven are work emails, and two-thirds of the r",ok,130,9,7,9,7,-2.0,True,True,True,,False,True,True,False,False,cot,False,,,0,0,no_verified_eqs,not_analyzable,,1,,copying,True,complete hallucination,False
gsm8k,copy,A pirate crew is digging for buried treasure on the island marked X on a map. Th,ok,585,40,42,40,42,2.0,True,True,True,,False,False,False,False,False,cot,False,,,4,4,eq_operand,changed,13,11,,copying,True,states correct value,False
gsm8k,copy,A bird decides to leave her summer home in the north and travel to her winter ho,ok,32,10,8,10,8,-2.0,True,True,True,,False,False,False,False,False,question,False,,,5,5,prose_mid,unchanged,374,374,,copying,True,complete hallucination,False
gsm8k,copy,"John decides to buy new phones for him, his 2 kids, and his wife.  Each phone af",ok,239,2,3,2,3,1.0,True,True,True,,False,False,False,False,False,question,False,,,4,4,eq_operand,changed,2100,1800,,copying,True,directly redoes calculation,True
gsm8k,copy,India has 4 more than half the number of states in the USA. What's the total num,ok,209,25,28,25,28,3.0,True,True,True,,False,False,False,False,False,cot,False,,,2,2,eq_operand,changed,82,79,,copying,False,,False
gsm8k,copy,Pamela reapplies an ounce of sunscreen every hour she's outside.  Her sunscreen ,ok,497,4,5,4,5,1.0,True,True,True,,False,False,False,False,True,question,False,,,3,3,after_last_eq,unchanged,4,4,,copying,True,directly redoes calculation,False
gsm8k,copy,Katherine has 5 hanging baskets to fill.  In each basket she wants to add 3 petu,ok,147,2.5,1.5,2.5,1.5,-1.0,True,True,True,,False,False,False,False,False,question,False,,,4,4,eq_operand,changed,36,70,,copying,True,directly redoes calculation,True
gsm8k,copy,Adam bought himself some new trousers for $30. His mother gave him $6 for this p,ok,169,6,8,6,8,2.0,True,True,True,,False,False,False,False,False,question,False,,,3,3,eq_operand,changed,8,12,,copying,True,directly redoes calculation,False
gsm8k,copy,"Four children are playing together—Akbar, Alessandro, Helene, and Wilfred. Helen",ok,129,4,7,4,7,3.0,True,True,True,,False,False,False,False,False,question,False,,,4,4,eq_operand,changed,7.285714286,3,,copying,True,explicitly identifies error,False
gsm8k,copy,Walter is collecting money for charity. First he collects $500 from his neighbor,ok,24,500,501,500,501,1.0,True,True,True,,False,False,False,False,False,question,False,,,2,2,prose_mid,unchanged,6600,6600,,copying,True,directly redoes calculation,False
gsm8k,copy,Dylan attended a wedding where there were 100 guests in the reception. Each gues,ok,650,50,51,50,51,1.0,True,True,True,,False,False,False,False,True,cot,False,,,0,0,no_verified_eqs,not_analyzable,,50,,copying,True,complete hallucination,False
gsm8k,copy,The population of porcupines in a park is 50. The number of female porcupines is,ok,828,50,52,50,52,2.0,True,True,True,,False,False,False,False,False,question,True,,,1,1,eq_operand,changed,1492,1490,,copying,True,states correct value,False
gsm8k,copy,The Smith family is getting ready for summer and needs to have their swimming po,ok,486,0.10,1.1,0.1,1.1,1.0,True,True,True,,False,False,False,False,False,question,False,,,0,0,no_verified_eqs,not_analyzable,,826,,copying,True,directly redoes calculation,False
gsm8k,copy,"Two friends are playing pick-up sticks. While playing, they noticed that there a",ok,314,11,8,11,8,-3.0,True,True,True,,False,False,False,False,False,cot,False,,,3,3,eq_operand,changed,31,34,,copying,True,states correct value,False
gsm8k,copy,Brook Hills High School currently enrolls 3000 students. Half of these students ,ok,403,1500,1499,1500,1499,-1.0,True,True,True,,False,False,False,False,False,cot,True,,,7,7,prose_mid,unchanged,1875,1875,,copying,True,complete hallucination,False
gsm8k,copy,A tank has a capacity of 18000 gallons. Wanda and Ms. B decided to pump water fr,ok,114,4,1,4,1,-3.0,True,True,True,,True,True,True,False,False,question,False,,,2,2,prose_mid,unchanged,6000,6000,,copying,True,directly redoes calculation,False
gsm8k,copy,Maria was charging her power bank before going to the park when she disconnected,ok,309,3,0,3,0,-3.0,True,True,True,,False,False,False,False,False,question,False,,,2,0,no_verified_eqs,not_analyzable,,94,,copying,False,,False
gsm8k,copy,One dwarf can mine 12 pounds of ore per day with his bare hands. He can mine twi,ok,423,30,29,30,29,-1.0,True,True,True,,False,False,False,False,False,question,False,,,0,0,no_verified_eqs,not_analyzable,,43200,,copying,False,,False
gsm8k,copy,A store offers sandwiches in 3 different package sizes: the first package with 2,ok,347,1.50,4.5,1.5,4.5,3.0,True,True,True,,False,False,False,False,False,cot,True,,,0,0,no_verified_eqs,not_analyzable,,12,,calculation,True,explicitly identifies error,False
gsm8k,copy,"As Sally walked to school, she was holding the strings to 25 red balloons, 7 gre",ok,582,6,9,6,9,3.0,True,True,True,,False,False,False,False,False,cot,False,,,3,3,prose_mid,unchanged,34,34,,copying,True,states correct value,False
gsm8k,copy,There are forty apples in one box. Uncle Franky ordered two boxes of apples. He ,ok,134,2,1,2,1,-1.0,True,True,True,,False,False,False,False,False,cot,False,,,2,2,eq_operand,changed,5,10,,copying,True,complete hallucination,True
gsm8k,copy,On Monday the post office delivered 425 letters. On Tuesday they delivered 17 mo,ok,531,425,422,425,422,-3.0,True,True,True,,False,False,False,False,False,question,False,,,4,4,prose_mid,unchanged,736,736,,copying,True,partial hallucination,False
gsm8k,copy,"There are 26 countries in South America and, in each country, there are 5 cities",ok,257,1000,1001,1000,1001,1.0,True,True,True,,False,False,False,False,False,question,False,,,2,2,prose_mid,unchanged,130000,130000,,copying,True,partial hallucination,False
gsm8k,copy,John picks 4 bananas on Wednesday. Then he picks 6 bananas on Thursday. On Frida,ok,362,22,21,22,21,-1.0,True,True,True,,False,False,False,False,True,cot,False,,,0,0,no_verified_eqs,not_analyzable,,22,,copying,True,states correct value,False
gsm8k,copy,Greg puts clean sheets on 4 twin beds and 1 king size bed every week.  His laund,ok,516,52,55,52,55,3.0,True,True,True,,False,False,False,False,False,cot,False,,,3,3,prose_mid,unchanged,156,156,,copying,True,complete hallucination,False
gsm8k,copy,Betsy and Donovan made a meal together. Betsy's part took 18 minutes longer than,ok,442,40,39,40,39,-1.0,True,True,True,,False,False,False,False,False,cot,False,,,1,1,prose_mid,unchanged,58,58,,copying,True,states correct value,False
gsm8k,copy,Hannah slips on a banana peel and breaks her arm. The doctor charges her $200 fo,ok,135,30,29,30,29,-1.0,True,True,True,,False,False,False,False,False,question,False,,,1,1,prose_mid,unchanged,482,482,,other,True,complete hallucination,False
gsm8k,copy,James gets 80 emails a day.  20% of those emails don't require any response.  He,ok,386,80,81,80,81,1.0,True,True,True,,False,False,False,False,False,question,False,,,3,3,prose_mid,unchanged,320,320,,copying,True,states correct value,False
gsm8k,copy,The glee club ordered 20 pizzas and ate 70% of them. The football team ordered t,ok,371,80,77,80,77,-3.0,True,True,True,,False,False,False,False,False,question,False,,,6,6,prose_mid,unchanged,14,14,,copying,True,partial hallucination,False
gsm8k,copy,Anthony is sending out coupons for his pizza parlor through the mail. He wants t,ok,422,35,32,35,32,-3.0,True,True,True,,False,False,False,False,False,cot,True,,,4,4,prose_mid,unchanged,245,245,,copying,True,complete hallucination,False
gsm8k,copy,A $2000 watch was put on sale so that Mr. Rogers bought it at 75% of its origina,ok,800,100,101,100,101,1.0,True,True,True,,False,False,False,False,False,cot,False,,,3,3,after_last_eq,not_analyzable,,10,,copying,True,partial hallucination,False
gsm8k,copy,Frankie and Binkie went bowling together.  Frankie's score was 15 better more th,ok,154,195.,198,195,198,3.0,True,True,True,,False,False,False,False,True,cot,False,,,2,2,after_last_eq,unchanged,195,195,,copying,True,directly redoes calculation,False
gsm8k,copy,"A Tyrannosaurus rex ate half of a small triceratops it had hunted. When it left,",ok,462,2,-1,2,-1,-3.0,True,True,True,,False,False,False,False,False,cot,False,,,0,0,no_verified_eqs,not_analyzable,,1080,,copying,True,states correct value,False
gsm8k,copy,Tony is painting a room with four walls. The north and south walls are 10 x 8 fe,ok,339,80,83,80,83,3.0,True,True,True,,False,False,False,False,False,cot,False,,,3,3,eq_operand,changed,147.6225,144,,copying,True,partial hallucination,False
gsm8k,copy,Bobby takes a 30 min lunch and 2 15 minutes break per day at the office.  After ,ok,247,5,8,5,8,3.0,True,True,True,,False,False,False,False,True,question,False,,,0,0,no_verified_eqs,not_analyzable,,5,,copying,True,states correct value,False
gsm8k,copy,Sheila charged $85.00 worth of merchandise on her credit card.  She ended up ret,ok,499,3.,5,3,5,2.0,True,True,True,,False,False,False,False,False,cot,True,,,6,6,prose_mid,unchanged,113,113,,copying,True,states correct value,False
gsm8k,copy,Marty has 100 centimeters of ribbon that he must cut into 4 equal parts. Each of,ok,281,25,23,25,23,-2.0,True,True,True,,False,False,False,False,False,cot,False,,,0,0,no_verified_eqs,not_analyzable,,5,,copying,True,states correct value,False
gsm8k,copy,My mom went to a gardening shop. She bought a set of pots for $19 and a sack of ,ok,221,45,42,45,42,-3.0,True,True,True,,False,False,False,False,False,cot,False,,,2,2,prose_mid,unchanged,38,38,,copying,True,states correct value,False
gsm8k,copy,Three of the women at the cocktail party are wearing 4 inch heels and three are ,ok,420,3,0,3,0,-3.0,True,True,True,,False,False,False,False,True,cot,True,,,2,2,after_last_eq,not_analyzable,,3,,copying,True,states correct value,False
gsm8k,copy,"Pierre, Paul, and Jacques bought 12 kg of apples. Peter wants a quarter of that ",ok,291,3,5,3,5,2.0,True,True,True,,False,False,False,True,False,question,False,,,0,0,no_verified_eqs,not_analyzable,,5,,copying,True,states correct value,False
gsm8k,copy,John visits his parents twice a month.  It takes him 2 hours to drive there at a,ok,712,560,561,560,561,1.0,True,True,True,,False,False,False,False,True,cot,False,,,0,0,no_verified_eqs,not_analyzable,,560,,copying,True,partial hallucination,False
gsm8k,copy,"Alfie, the albatross, flies 400 kilometers every day.  If the circumference of t",ok,170,400,399,400,399,-1.0,True,True,True,,False,False,False,False,False,question,False,,,0,0,no_verified_eqs,not_analyzable,,50,,copying,True,complete hallucination,False
gsm8k,copy,"Liam is 16 years old now. Two years ago, Liam’s age was twice the age of Vince. ",ok,163,7,9,7,9,2.0,True,True,True,,False,False,False,True,False,cot,False,,,3,3,eq_operand,changed,11,9,,copying,True,states correct value,False
gsm8k,copy,Nik has 200 crayons. He wants to separate them into groups of 8 and put them int,ok,788,25,26,25,26,1.0,True,True,True,,False,False,False,False,True,cot,False,,,5,5,after_last_eq,unchanged,25,25,,copying,True,states correct value,False
gsm8k,copy,Jane has saved $4 of her allowance every week for the past 8 weeks. If she conti,ok,248,32,29,32,29,-3.0,True,True,True,,False,False,False,False,False,cot,False,,,1,1,eq_operand,not_analyzable,,7,,copying,True,directly redoes calculation,False
gsm8k,copy,3 trees each had 7 blue birds in them. 2 different trees each had 4 blue birds. ,ok,394,3,1,3,1,-2.0,True,True,True,,True,False,True,False,False,question,False,,,0,0,no_verified_eqs,not_analyzable,,32,,copying,True,states correct value,False
gsm8k,copy,"Bob has a certain number of marbles. If he receives 2 dozen more marbles, he wil",ok,576,10,9,10,9,-1.0,True,True,True,,False,False,False,False,False,question,False,,,3,3,after_last_eq,unchanged,26,26,,other,True,complete hallucination,False
gsm8k,copy,Tim grows 5 trees.  Each year he collects 6 lemons from each tree.  How many lem,ok,163,5,6,5,6,1.0,True,True,True,,True,True,True,False,False,question,False,,,2,2,eq_operand,changed,360,300,,copying,True,directly redoes calculation,True
gsm8k,copy,Faraday owns a flower shop. He sells a sunflower that costs $2 each and a bouque,ok,1062,3,4,3,4,1.0,True,True,True,,False,False,False,False,False,question,False,,,2,2,after_last_eq,not_analyzable,,291,,other,True,states correct value,False
gsm8k,copy,Chatty prepared three dozen eggs for her four children's Easter activity. Assumi,ok,310,4,7,4,7,3.0,True,True,True,,False,False,False,False,False,cot,False,,,2,2,eq_operand,changed,5.142857143,9,,copying,True,directly redoes calculation,True
gsm8k,copy,Sid traveled 110 miles in 2 hours. If Sid then traveled an additional 140 miles ,ok,319,3,0,3,0,-3.0,True,True,True,,False,False,False,False,False,question,False,,,2,2,eq_operand,not_analyzable,,50,,copying,True,states correct value,False
gsm8k,copy,Carl has a cane that is half as long as he is tall.  Carl is one foot taller tha,ok,308,2,5,2,5,3.0,True,True,True,,False,True,True,False,False,cot,False,,,3,3,eq_operand,changed,1.2,3,,copying,True,directly redoes calculation,True
gsm8k,copy,Carla just gave birth to identical octuplets. She dresses 3/4 of them in purple ,ok,656,100,101,100,101,1.0,True,True,True,,False,False,False,False,False,cot,False,,,0,0,no_verified_eqs,not_analyzable,,50,,NOJOIN,NOJOIN,NOJOIN,False
gsm8k,copy,Tyrion changes his face mask two times every time he goes out. If he goes out th,ok,344,12,10,12,10,-2.0,True,True,True,,False,False,False,False,True,cot,True,,,2,2,after_last_eq,unchanged,12,12,,copying,True,directly redoes calculation,False
gsm8k,copy,Cole hid 3 dozen eggs in the yard for the Easter egg hunt.  Lamar finds 5 eggs. ,ok,457,2,5,2,5,3.0,True,True,True,,True,True,True,False,False,question,False,,,6,6,eq_operand,changed,11.4,9,,copying,True,states correct value,True
gsm8k,copy,Tom has 4 bedrooms in his house.  They measure 20 by 12 feet each.  The living r,ok,178,4,5,4,5,1.0,True,True,True,,True,False,True,False,False,question,False,,,4,4,prose_mid,unchanged,3160,3160,,copying,True,complete hallucination,False
gsm8k,copy,Miss Albert's class is composed of 12 boys and 12 girls. One-third of the girls ,ok,612,17,14,17,14,-3.0,True,True,True,,False,False,False,False,True,cot,True,,,4,4,after_last_eq,unchanged,17,17,,NOJOIN,NOJOIN,NOJOIN,False
gsm8k,copy,Mike bought 5 face masks while Johnny bought 2 more than thrice as many as Mike.,ok,209,15,12,15,12,-3.0,True,True,True,,False,False,False,False,False,cot,False,,,2,2,eq_operand,changed,14,17,,copying,True,directly redoes calculation,False
gsm8k,copy,"Two apples fell out of the tree, and one of them landed on Newton's head.  Newto",ok,581,6,9,6,9,3.0,True,True,True,,False,False,False,False,False,question,False,,,0,0,no_verified_eqs,not_analyzable,,11,,copying,True,states correct value,False
gsm8k,copy,Digimon had its 20th anniversary.  When it came out John was twice as old as Jim,ok,89,20,23,20,23,3.0,True,True,True,,False,False,False,False,False,question,False,,,3,3,prose_mid,unchanged,24,24,,copying,True,states correct value,False
gsm8k,copy,"Doxa sliced an apple into 8 pieces. She ate 1 slice, her sister ate 1 more than ",ok,33,1,4,1,4,3.0,True,True,True,,False,False,False,False,False,question,False,,,3,3,prose_mid,unchanged,6,6,,copying,True,states correct value,False
gsm8k,copy,"From her science class study, Brady learned that each whale in the sea has 40 ga",ok,332,10,8,10,8,-2.0,True,True,True,,False,False,False,False,False,cot,False,,,2,2,eq_operand,changed,960,1200,,copying,True,complete hallucination,True
gsm8k,copy,Twenty tourists discovered 700 shells in a strip mall parking lot. They had divi,ok,761,420,419,420,419,-1.0,True,True,True,,False,False,False,False,False,cot,False,,,4,4,eq_operand,changed,167,168,,copying,True,states correct value,False
gsm8k,copy,"John decides to get a loan by mortgaging his home.  His house is worth $250,000.",ok,458,"100,000","100,002",100000,100002,2.0,True,True,True,,False,False,False,False,False,cot,False,,,3,3,eq_operand,changed,40002,40000,,copying,True,partial hallucination,False
gsm8k,copy,"To kick off summer, Jolene is having a water balloon fight with her friends.  Th",ok,362,12,15,12,15,3.0,True,True,True,,False,False,False,False,False,question,False,,,2,2,prose_mid,unchanged,288,288,,copying,False,,False
gsm8k,copy,Stephen borrowed $300 from his sister and promised to return it with an addition,ok,250,11,9,11,9,-2.0,True,True,True,,False,False,False,False,False,question,False,,,2,2,eq_operand,not_analyzable,,31,,copying,True,states correct value,False
gsm8k,copy,Cedar Falls Middle School has students in grades 4 – 7 and each year they are ch,ok,630,45,48,45,48,3.0,True,True,True,,False,False,False,False,False,question,False,,,0,0,no_verified_eqs,not_analyzable,,225,,copying,True,partial hallucination,False
gsm8k,copy,Carly is making cupcakes and brownies for her art class. She makes 2 less than t,ok,109,2,4,2,4,2.0,True,True,True,,False,False,False,False,False,question,False,,,2,2,prose_mid,unchanged,3,3,,copying,True,complete hallucination,False
gsm8k,copy,A basic manicure starts at $35 while a pedicure starts at $40. A certain salon o,ok,160,20,23,20,23,3.0,True,True,True,,False,False,False,False,False,question,False,,,2,2,prose_mid,unchanged,90,90,,copying,True,partial hallucination,False
gsm8k,copy,Bud makes homemade macaroni and cheese once a week.  The pasta costs $1.00 a box,ok,519,10.00,7.0,10,7,-3.0,True,True,True,,False,False,False,False,False,cot,False,,,3,3,prose_mid,unchanged,520,520,,copying,False,,False
gsm8k,copy,A custodian has to clean a school with 80 classrooms. They have 5 days to get it,ok,101,80,83,80,83,3.0,True,True,True,,False,False,False,False,False,question,False,,,0,0,no_verified_eqs,not_analyzable,,50,,copying,True,partial hallucination,False
gsm8k,copy,"Skyler has 100 hats on his hand with the colors red, blue, and white. Half of th",ok,367,30,29,30,29,-1.0,True,True,True,,False,False,False,False,False,cot,False,,,4,4,prose_mid,unchanged,20,20,,copying,True,complete hallucination,False
gsm8k,copy,Audrey has to take two math tests to pass 6th grade. She must correctly answer 7,ok,570,60,63,60,63,3.0,True,True,True,,False,False,False,False,False,question,False,,,2,2,prose_mid,unchanged,35,35,,copying,True,partial hallucination,False
gsm8k,copy,Jason works as a salesperson at a car dealership.  He needs to sell 15 cars this,ok,486,1,3,1,3,2.0,True,True,True,,False,False,False,False,False,cot,False,,,0,0,no_verified_eqs,not_analyzable,,750,,copying,True,partial hallucination,False
gsm8k,copy,Dominick went to his team's changing room and saw half as many robots as helmets,ok,338,20,19,20,19,-1.0,True,True,True,,False,False,False,False,False,question,False,,,3,3,prose_mid,unchanged,70,70,,copying,True,directly redoes calculation,False
gsm8k,copy,Tim spends 6 hours each day at work answering phones.  It takes him 15 minutes t,ok,335,24,25,24,25,1.0,True,True,True,,False,False,False,False,False,cot,True,,,3,3,prose_mid,unchanged,120,120,,copying,True,directly redoes calculation,False
gsm8k,copy,Louise is an artist and needs to apply a coat of varnish to her latest paintings,ok,751,30,33,30,33,3.0,True,True,True,,False,False,False,False,True,cot,False,,,0,0,no_verified_eqs,not_analyzable,,30,,copying,True,partial hallucination,False
gsm8k,copy,There are five phones on a phone plan. The main phone costs twice as much as eac,ok,438,10,8,10,8,-2.0,True,True,True,,False,False,False,False,False,cot,False,,,2,2,eq_operand,not_analyzable,,60,,copying,True,states correct value,False
gsm8k,copy,"Jade bought a new cell phone with an incredible camera, so she spent all week ta",ok,424,5,7,5,7,2.0,True,True,True,,True,True,True,False,True,cot,False,,,0,0,no_verified_eqs,not_analyzable,,5,,copying,True,states correct value,False
gsm8k,copy,Elvis starts driving from his house and travels west for 5 hours. Then he turns ,ok,229,8,6,8,6,-2.0,True,True,True,,False,False,False,False,False,question,False,,,0,0,no_verified_eqs,not_analyzable,,54,,copying,True,states correct value,False
gsm8k,copy,John's car breaks down.  The car weighs 1200 pounds and he has luggage in it wei,ok,184,2,4,2,4,2.0,True,True,True,,False,False,False,False,False,cot,False,,,0,0,no_verified_eqs,not_analyzable,,16,,copying,True,directly redoes calculation,False
gsm8k,copy,"Tom found 214 seashells, Nancy found 432 seashells, and Benny found 86 seashells",ok,163,432,431,432,431,-1.0,True,True,True,,False,False,False,False,False,question,False,,,2,2,prose_mid,unchanged,665,665,,copying,True,complete hallucination,False
gsm8k,copy,Steve put together a puzzle that took 10 hours of hard work to complete. Anna pu,ok,105,2,-1,2,-1,-3.0,True,True,True,,False,False,False,False,False,question,False,,,2,2,prose_mid,unchanged,7,7,,copying,True,states correct value,False
gsm8k,copy,John invited 20 people to a birthday party.  Each guest will eat 2 hot dogs.  He,ok,280,40,41,40,41,1.0,True,True,True,,False,False,False,False,False,cot,False,,,4,4,eq_operand,changed,12.333333333,12,,copying,True,directly redoes calculation,True
gsm8k,copy,Frances sells 20 cupcakes for $2 for each cupcake and  40  cookies at $1 each.  ,ok,190,40,38,40,38,-2.0,True,True,True,,False,False,False,False,False,question,False,,,5,5,prose_mid,unchanged,60,60,,copying,True,directly redoes calculation,False
gsm8k,copy,A small sunflower has 3 dozen seeds and a large sunflower has 50% more seeds tha,ok,136,12,14,12,14,2.0,True,True,True,,False,False,False,False,False,cot,False,,,2,2,prose_mid,unchanged,90,90,,other,True,complete hallucination,False
gsm8k,copy,Timothy has three times the number of pens that George owns. Sarah has half as m,ok,234,27,28,27,28,1.0,True,True,True,,False,False,False,False,True,cot,True,,,2,2,after_last_eq,unchanged,27,27,,copying,True,directly redoes calculation,False
gsm8k,copy,"Randy has 9 oatmeal cookies, 4 chocolate chip cookies, and 5 sugar cookies. He a",ok,325,3,5,3,5,2.0,True,True,True,,True,True,True,False,False,question,False,,,0,0,no_verified_eqs,not_analyzable,,23,,NOJOIN,NOJOIN,NOJOIN,False
gsm8k,copy,Nate's dog can dig six holes a day. He digs for 14 days while Nate is on vacatio,ok,686,7,10,7,10,3.0,True,True,True,,False,False,False,False,False,cot,False,,,4,4,prose_mid,unchanged,4,4,,copying,True,states correct value,False
gsm8k,copy,A basket of green food costs $25 and a basket of red food costs $18. If you buy ,ok,129,2,-1,2,-1,-3.0,True,True,True,,False,False,False,False,False,question,False,,,5,5,prose_mid,unchanged,123,123,,copying,True,directly redoes calculation,False
gsm8k,copy,"While working at the restaurant, each of the forty customers who came into the r",ok,418,800,801,800,801,1.0,True,True,True,,False,False,False,False,False,cot,False,,,2,1,eq_operand,not_analyzable,,1520,,copying,True,partial hallucination,False
gsm8k,copy,Gretchen has some coins. There are 30 more gold coins than silver coins. If she ,ok,181,30,29,30,29,-1.0,True,True,True,,False,False,False,False,False,question,False,,,1,1,prose_mid,not_analyzable,,110,,copying,True,states correct value,False
gsm8k,copy,"George, a grade six teacher, ordered 600 burritos for the sixth-grade class picn",ok,378,520,517,520,517,-3.0,True,True,True,,False,False,False,False,False,cot,False,,,3,3,prose_mid,unchanged,80,80,,copying,True,directly redoes calculation,False
gsm8k,copy,A bumper car rink has 12 red cars. They have 2 fewer green cars than they have r,ok,524,52,49,52,49,-3.0,True,True,True,,False,False,False,False,False,cot,False,,,4,4,eq_operand,changed,26,23,,copying,True,complete hallucination,False
gsm8k,copy,Amy is taking a history test. She correctly answers 80% of the multiple-choice q,ok,353,18,17,18,17,-1.0,True,True,True,,False,False,False,False,False,cot,False,,,0,0,no_verified_eqs,not_analyzable,,41,,copying,True,states correct value,False
gsm8k,copy,"In 10 years, Melanie will be 18 years old. In how many years will her age be thr",ok,373,8,5,8,5,-3.0,True,True,True,,False,False,False,False,False,cot,False,,,1,1,after_last_eq,not_analyzable,,16,,copying,True,directly redoes calculation,False
gsm8k,copy,Kelly is grocery shopping at a supermarket and is making sure she has enough in ,ok,291,2,-1,2,-1,-3.0,True,True,True,,False,False,False,False,False,cot,False,,,8,8,prose_mid,unchanged,5,5,,copying,True,states correct value,False
gsm8k,copy,"Elaina is holding the final concert in her tour. To celebrate her final concert,",ok,405,65,67,65,67,2.0,True,True,True,,False,False,False,False,False,question,True,,,0,0,no_verified_eqs,not_analyzable,,25,,copying,True,directly redoes calculation,False
gsm8k,copy,A singer has 50 microphones that he wants to arrange in pairs on a stage. While ,ok,293,50,48,50,48,-2.0,True,True,True,,False,False,False,False,False,question,False,,,1,1,eq_operand,not_analyzable,,20,,copying,True,complete hallucination,False
gsm8k,copy,Joelle has 5 orchids and 4 African daisies on her balcony.  If the orchids have ,ok,167,25,23,25,23,-2.0,True,True,True,,False,False,False,False,False,cot,True,,,3,3,prose_mid,unchanged,15,15,,copying,True,directly redoes calculation,False
gsm8k,copy,A whirligig spins at five times the speed of a thingamabob. A whatchamacallit sp,ok,332,121,123,121,123,2.0,True,True,True,,False,False,False,False,False,question,True,,,0,0,no_verified_eqs,not_analyzable,,55,,copying,True,partial hallucination,False
gsm8k,copy,Martin's weight is 55 kg. Carl’s weight is 16 kg more than Martin’s weight. Chri,ok,154,71,73,71,73,2.0,True,True,True,,False,False,False,False,False,cot,False,,,0,0,no_verified_eqs,not_analyzable,,74,,copying,True,partial hallucination,False
gsm8k,copy,John had a son James when he was 19.  James is now twice as old as his sister Do,ok,309,18,15,18,15,-3.0,True,True,True,,False,False,False,False,False,cot,False,,,4,4,eq_operand,changed,5,8,,copying,True,partial hallucination,False
gsm8k,copy,Raymond and Samantha are cousins. Raymond was born 6 years before Samantha. Raym,ok,125,31,34,31,34,3.0,True,True,True,,False,False,False,False,False,question,False,,,2,2,eq_operand,changed,17,14,,copying,True,directly redoes calculation,False
gsm8k,copy,Sasha notices that prices for lumber have gone up 50% in the last few months aft,ok,452,10,7,10,7,-3.0,True,True,True,,False,False,False,False,False,question,False,,,9,9,prose_mid,unchanged,90,90,,other,True,states correct value,False
gsm8k,copy,"Well's mother sells watermelons, peppers, and oranges at the local store. A wate",ok,419,10,7,10,7,-3.0,True,True,True,,False,False,False,False,False,question,False,,,0,0,no_verified_eqs,not_analyzable,,880,,copying,True,states correct value,False
gsm8k,copy,A hospital sees 500 people a day.  Each patient is seen for an average of 24 min,ok,142,24,26,24,26,2.0,True,True,True,,False,False,False,False,False,question,False,,,0,0,no_verified_eqs,not_analyzable,,10000,,copying,True,explicitly identifies error,False
gsm8k,copy,"Seth is twice as old as Brooke. In 2 years, the sum of their ages will be 28. Ho",ok,285,2,0,2,0,-2.0,True,True,True,,False,False,False,False,False,question,False,,,0,0,no_verified_eqs,not_analyzable,,16,,copying,True,states correct value,False
gsm8k,copy,Gerald works at a daycare that pays him $30 every day. He worked for an entire w,ok,249,100,103,100,103,3.0,True,True,True,,False,False,False,False,False,question,False,,,1,1,prose_mid,unchanged,110,110,,copying,True,states correct value,False
gsm8k,calc,Kylar went to the store to buy glasses for his new apartment. One glass costs $5,ok,221,8,5,8,5,-3.0,True,True,True,,True,False,True,False,False,,True,False,False,2,2,prose_mid,unchanged,64,64,,calculation,True,states correct value,False
gsm8k,calc,"Carla is downloading a 200 GB file. Normally she can download 2 GB/minute, but 4",ok,330,100,102,100,102,2.0,True,True,True,,False,False,False,False,False,,True,False,False,0,0,no_verified_eqs,not_analyzable,,160,,calculation,True,complete hallucination,False
gsm8k,calc,Eliza's rate per hour for the first 40 hours she works each week is $10. She als,ok,338,12,11,12,11,-1.0,True,True,True,,False,False,False,False,False,,True,False,False,1,1,prose_mid,unchanged,460,460,,calculation,True,complete hallucination,False
gsm8k,calc,"Two trains leave San Rafael at the same time. They begin traveling westward, bot",ok,335,230,227,230,227,-3.0,True,True,True,,False,False,False,False,True,,True,False,False,0,0,no_verified_eqs,not_analyzable,,230,,calculation,True,directly redoes calculation,False
gsm8k,calc,Jill gets paid $20 per hour to teach and $30 to be a cheerleading coach. If she ,ok,284,450,453,450,453,3.0,True,True,True,,False,False,False,False,False,,True,False,False,4,4,eq_rhs,changed,57650,57500,,calculation,True,directly redoes calculation,True
gsm8k,calc,Billy sells DVDs. He has 8 customers on Tuesday. His first 3 customers buy one D,ok,271,7,8,7,8,1.0,True,True,True,,True,False,True,False,True,,True,False,False,3,3,eq_rhs,changed,8,7,,calculation,True,states correct value,False
gsm8k,calc,Gretchen has 110 coins. There are 30 more gold coins than silver coins. How many,ok,675,70,69,70,69,-1.0,True,True,True,,False,False,False,False,True,,True,False,False,1,1,eq_rhs,changed,69,70,,calculation,True,directly redoes calculation,False
gsm8k,calc,Terry eats 2 yogurts a day.  They are currently on sale at 4 yogurts for $5.00. ,ok,279,15,16,15,16,1.0,True,True,True,,False,False,False,False,False,,True,False,False,0,0,no_verified_eqs,not_analyzable,,75,,calculation,False,,False
gsm8k,calc,"The great dragon, Perg, sat high atop mount Farbo, breathing fire upon anything ",ok,229,1200,1198,1200,1198,-2.0,True,True,True,,False,False,False,False,False,,True,False,False,0,0,no_verified_eqs,not_analyzable,,200,,calculation,True,states correct value,False
gsm8k,calc,Grandma Jones baked 5 apple pies for the fireman's luncheon.  She cut each pie i,ok,386,26,25,26,25,-1.0,True,True,True,,False,False,False,False,True,,True,False,False,2,2,eq_rhs,changed,25,26,,calculation,True,states correct value,True
gsm8k,calc,"According to its nutritional info, a bag of chips has 250 calories per serving. ",ok,170,200,197,200,197,-3.0,True,True,True,,False,False,False,False,False,,True,False,False,1,1,eq_rhs,not_analyzable,,48,,calculation,True,states correct value,False
gsm8k,calc,"Charlie wants to sell beeswax candles.  For every pound of beeswax, he can make ",ok,475,40.00,42.0,40,42,2.0,True,True,True,,False,False,False,False,False,,True,False,False,1,1,prose_mid,changed,22,20,,calculation,True,partial hallucination,False
gsm8k,calc,Tom's ship can travel at 10 miles per hour.  He is sailing from 1 to 4 PM.  He t,ok,129,3,0,3,0,-3.0,True,True,True,,False,False,False,False,False,,False,False,False,0,0,no_verified_eqs,not_analyzable,,5,,calculation,True,states correct value,False
gsm8k,calc,The Doubtfire sisters are driving home with 7 kittens adopted from the local ani,ok,157,3,6,3,6,3.0,True,True,True,,False,False,False,False,False,,False,False,True,1,1,eq_operand,not_analyzable,,40,,copying,False,,False
gsm8k,calc,"A basket contains 25 oranges among which 1 is bad, 20% are unripe, 2 are sour an",ok,76,100,99,100,99,-1.0,True,True,True,,False,False,False,False,False,,False,False,False,2,2,prose_mid,unchanged,17,17,,commonsense,True,states correct value,False
gsm8k,calc,Janet buys a brooch for her daughter.  She pays $500 for the material to make it,ok,112,1300,1298,1300,1298,-2.0,True,True,True,,False,False,False,False,False,,True,False,False,3,3,eq_rhs,changed,1427.8,1430,,calculation,True,states correct value,True
gsm8k,calc,"Sophia is thinking of taking a road trip in her car, and would like to know how ",ok,481,300,301,300,301,1.0,True,True,True,,False,False,False,False,True,,True,False,False,0,0,no_verified_eqs,not_analyzable,,300,,calculation,True,partial hallucination,False
gsm8k,calc,Jim spends 2 hours watching TV and then decides to go to bed and reads for half ,ok,416,9,12,9,12,3.0,True,True,True,,False,False,False,False,False,,True,False,False,4,4,eq_rhs,changed,48,36,,calculation,True,states correct value,True
gsm8k,calc,"If Raymond does half as much laundry as Sarah, and Sarah does 4 times as much la",ok,75,200,203,200,203,3.0,True,True,True,,False,False,False,False,False,,True,False,False,3,3,eq_rhs,changed,103,100,,calculation,True,states correct value,True
gsm8k,calc,Christina is planning a birthday party and needs .75 gift bags per invited guest,ok,160,12,15,12,15,3.0,True,True,True,,False,False,False,False,False,,True,False,False,2,2,eq_rhs,changed,30,24,,calculation,True,states correct value,True
gsm8k,calc,Jan has three times the number of pets as Marcia. Marcia has two more pets than ,ok,92,2,0,2,0,-2.0,True,True,True,,False,False,False,False,False,,False,False,True,2,2,eq_operand,not_analyzable,,28,,other,True,states correct value,False
gsm8k,calc,"In a neighborhood, the number of rabbits pets is twelve less than the combined n",ok,188,180,182,180,182,2.0,True,True,True,,False,False,False,False,False,,True,False,False,4,4,eq_rhs,changed,350,348,,calculation,True,partial hallucination,True
gsm8k,calc,Harry slept 9 hours last night. His friend James slept only 2/3 of what Harry sl,ok,151,6,9,6,9,3.0,True,True,True,,True,True,True,False,False,,True,False,False,0,0,no_verified_eqs,not_analyzable,,3,,calculation,True,directly redoes calculation,False
gsm8k,calc,Poppy is solving a 1000-piece jigsaw puzzle. She places a quarter of the pieces ,ok,240,500,498,500,498,-2.0,True,True,True,,False,False,False,False,True,,True,False,False,4,4,eq_rhs,changed,498,500,,calculation,True,states correct value,False
gsm8k,calc,"Cody eats three times as many cookies as Amir eats. If Amir eats 5 cookies, how ",ok,143,3,0,3,0,-3.0,True,True,True,,False,False,False,False,False,,False,False,True,2,2,prose_mid,changed,5,20,,other,True,directly redoes calculation,False
gsm8k,calc,Katy makes coffee using teaspoons of sugar and cups of water in the ratio of 7:1,ok,284,6.,9,6,9,3.0,True,True,True,,False,False,False,False,False,,True,False,False,3,3,eq_rhs,changed,63,42,,calculation,False,,False
gsm8k,calc,Morisette and Kael were asked to bring fruits. Morisette brought 5 apples and 8 ,ok,123,2,1,2,1,-1.0,True,True,True,,False,False,False,False,False,,False,False,True,5,5,prose_mid,changed,26,27,,other,True,partial hallucination,False
gsm8k,calc,Dylan needed chicken sausages and fish sausages to make sausage buns at a party.,ok,266,82,81,82,81,-1.0,True,True,True,,False,False,False,False,True,,True,False,False,2,2,eq_rhs,changed,81,82,,calculation,False,,True
gsm8k,calc,"After transferring to a new school, Amy made 20 more friends than Lily. If Lily ",ok,325,120,121,120,121,1.0,True,True,True,,False,False,False,False,True,,True,False,False,2,2,eq_rhs,changed,121,120,,calculation,True,partial hallucination,True
gsm8k,calc,Nissa hires 60 seasonal workers to play elves in her department store's Santa vi,ok,173,3,4,3,4,1.0,True,True,True,,False,False,False,False,False,,False,False,False,3,3,prose_mid,changed,35,30,,other,True,directly redoes calculation,False
gsm8k,calc,There are 27 unicorns left in the world.  One third of them are in the Scottish ,ok,182,3,6,3,6,3.0,True,True,True,,False,False,False,True,False,,False,False,False,1,1,prose_mid,not_analyzable,,6,,other,True,explicitly identifies error,False
gsm8k,calc,Brittany and her mom go to the museum. The cost of admission is $12 for adults a,ok,334,30.,31,30,31,1.0,True,True,True,,False,False,False,False,True,,True,False,False,2,2,eq_rhs,changed,31,30,,calculation,True,complete hallucination,False
gsm8k,calc,The zookeeper feeds all the apes in the zoo. He orders all the bananas from a lo,ok,293,700,697,700,697,-3.0,True,True,True,,False,False,False,False,False,,True,False,False,0,0,no_verified_eqs,not_analyzable,,1400,,calculation,True,partial hallucination,False
gsm8k,calc,Blake and Kelly are having a contest to see who can run the most in 15 minutes. ,ok,490,2920,2917,2920,2917,-3.0,True,True,True,,False,False,False,False,False,,True,False,False,0,0,no_verified_eqs,not_analyzable,,80,,calculation,True,partial hallucination,False
gsm8k,calc,Sandra's neighbor gives her a basket of 9 eggs every time she babysits their dau,ok,495,5,6,5,6,1.0,True,True,True,,False,False,False,False,True,,True,False,False,0,0,no_verified_eqs,not_analyzable,,5,,calculation,True,states correct value,False
gsm8k,calc,"In a race with 240 Asians, 80 were Japanese, and the rest were Chinese. If the n",ok,429,100,101,100,101,1.0,True,True,True,,False,False,False,False,True,,True,False,False,2,2,eq_rhs,changed,101,100,,calculation,True,states correct value,True
gsm8k,calc,"Sandra, the florist around the corner, is very unhappy with Fred's incomplete or",ok,305,40,43,40,43,3.0,True,True,True,,False,False,False,False,False,,True,False,False,0,0,no_verified_eqs,not_analyzable,,160,,calculation,True,directly redoes calculation,False
gsm8k,calc,Mandy owes Benedict $100. They agreed to have monthly interest of 2%. If Mandy w,ok,64,1,2,1,2,1.0,True,True,True,,True,False,True,False,False,,False,False,False,3,0,no_verified_eqs,not_analyzable,,106,,other,False,,False
gsm8k,calc,Josie grows grapes on her 10-acre farm.  Each acre produces 5 tons of grapes per,ok,193,50,47,50,47,-3.0,True,True,True,,False,False,False,False,False,,True,False,False,0,0,no_verified_eqs,not_analyzable,,100,,calculation,True,directly redoes calculation,False
gsm8k,calc,"Gary likes to walk around the edge of the local park, which is a rectangle that ",ok,247,7.5,8.5,7.5,8.5,1.0,True,True,True,,False,False,False,False,False,,False,False,False,0,0,no_verified_eqs,not_analyzable,,5,,calculation,True,complete hallucination,False
gsm8k,calc,"Kylie and Robert enjoy going to the beach to collect shells. On Monday, Kylie co",ok,172,25,27,25,27,2.0,True,True,True,,False,False,False,False,False,,True,False,False,2,2,eq_rhs,changed,54,50,,calculation,True,states correct value,True
gsm8k,calc,Johnny took his allowance of $20 and added an extra $10 to it.  He then invested,ok,231,90,93,90,93,3.0,True,True,True,,False,False,False,False,True,,True,False,False,2,2,eq_rhs,changed,93,90,,calculation,True,states correct value,True
gsm8k,calc,"The number of students in a school hall was 1000. The hall had 3 entrances A, B,",ok,440,700,703,700,703,3.0,True,True,True,,False,False,False,False,False,,True,False,False,3,3,eq_rhs,changed,283,280,,calculation,True,explicitly identifies error,False
gsm8k,calc,"Ten stalls have 20 cows each. Mr. Sylas buys 40 cows and divides them equally, p",ok,253,24,26,24,26,2.0,True,True,True,,False,False,False,False,False,,True,False,False,2,2,prose_mid,changed,208,192,,calculation,False,,False
gsm8k,calc,Nancy is returning her overdue books to the library. She owes $0.50 cents each o,ok,334,6.00,9.0,6,9,3.0,True,True,True,,False,False,False,False,True,,True,False,False,2,2,eq_rhs,changed,9,6,,calculation,True,states correct value,True
gsm8k,calc,Andrea has 8 more apples than Jamal and half as many bananas as Jamal. Jamal has,ok,98,44,46,44,46,2.0,True,True,True,,False,False,False,False,False,,True,False,False,4,4,eq_rhs,changed,173,168,,calculation,False,,False
gsm8k,calc,"Carmen has $100, Samantha has $25 more than Carmen, and Daisy has $50 more than ",ok,177,175.,177,175,177,2.0,True,True,True,,False,False,False,False,False,,True,False,False,2,2,eq_rhs,not_analyzable,,400,,calculation,False,,False
gsm8k,calc,It takes 20 minutes for the oil to heat up to 300 degrees.  It then takes 40% lo,ok,196,1.40,4.4,1.4,4.4,3.0,True,True,True,,False,False,False,False,False,,False,False,False,0,0,no_verified_eqs,not_analyzable,,91,,calculation,True,directly redoes calculation,False
gsm8k,calc,"Terri is knitting a sweater with two sleeves, a collar, and a decorative rosette",ok,175,2,3,2,3,1.0,True,True,True,,False,False,False,False,False,,False,False,True,5,5,prose_mid,changed,180,315,,other,True,states correct value,False
gsm8k,calc,"It's April, and Mrs. Rylan has been busy on her farm planting different types of",ok,164,800.,798,800,798,-2.0,True,True,True,,False,False,False,False,False,,True,False,False,1,1,prose_mid,changed,3198,3200,,calculation,True,directly redoes calculation,False
gsm8k,calc,It takes Matthew 3 minutes to dig a small hole for shrubs and 10 minutes to dig ,ok,335,150,151,150,151,1.0,True,True,True,,False,False,False,False,False,,True,False,False,0,0,no_verified_eqs,not_analyzable,,4,,calculation,True,partial hallucination,False
gsm8k,calc,A car in the fast lane is traveling at 60 miles/hour. A car in the slow lane is ,ok,208,8,5,8,5,-3.0,True,True,True,,False,False,False,False,False,,True,False,False,0,0,no_verified_eqs,not_analyzable,,16,,,,,False
gsm8k,calc,"Three friends: Mike, Jim, and Tony decided to play a game. After 3 rounds Mike h",ok,257,1,-2,1,-2,-3.0,True,True,True,,False,False,False,False,False,,False,False,False,2,2,prose_mid,not_analyzable,,83,,calculation,True,states correct value,False
gsm8k,calc,Each person in a certain household consumes 0.2 kg of rice every meal. Supposing,ok,465,21,18,21,18,-3.0,True,True,True,,False,False,False,False,False,,True,False,False,0,0,no_verified_eqs,not_analyzable,,3,,calculation,True,states correct value,False
gsm8k,calc,Sam sells bread. He has a target of selling 120 crates of bread in a week. One w,ok,465,55,56,55,56,1.0,True,True,True,,False,False,False,False,True,,True,False,False,2,2,eq_rhs,changed,56,55,,calculation,False,,False
gsm8k,calc,John arm wrestles 20 people.  He beats 80%.  How many people did he lose to?,ok,354,4,3,4,3,-1.0,True,True,True,,False,False,False,False,True,,True,False,False,2,2,eq_rhs,changed,3,4,,calculation,True,states correct value,False
gsm8k,calc,A bakery produces 60 loaves of bread each day. Two-thirds of the loaves are sold,ok,343,10,13,10,13,3.0,True,True,True,,False,False,False,False,True,,True,False,False,1,1,after_last_eq,not_analyzable,,10,,calculation,True,states correct value,False
gsm8k,calc,"In a family of 5, three people eat three eggs each day while the rest eat two eg",ok,70,3,1,3,1,-2.0,True,True,True,,False,False,False,False,False,,False,False,True,4,4,prose_mid,changed,35,91,,calculation,True,states correct value,False
gsm8k,calc,"Trent is 5 years older than Jane, and Jane is 3 years younger than Quinn. If Qui",ok,116,27,24,27,24,-3.0,True,True,True,,False,False,False,False,False,,True,False,False,2,2,eq_rhs,changed,29,32,,calculation,True,states correct value,False
gsm8k,calc,"Six years ago, when Noah was half as old as Cera, the population of Chile was ha",ok,454,"120,000.","120,001",120000,120001,1.0,True,True,True,,False,False,False,False,True,,True,False,False,4,4,eq_rhs,changed,120001,120000,,calculation,True,partial hallucination,False
gsm8k,calc,Solomon bought 20 marbles from his friend Johanna and added them to a store that,ok,269,8,5,8,5,-3.0,True,True,True,,True,True,True,False,False,,True,False,False,3,3,prose_mid,changed,150,156,,calculation,False,,True
gsm8k,calc,John fills a 6 foot by 4 foot pool that is 5 feet deep.  It cost $.1 per cubic f,ok,385,0.1,-2.9,0.1,-2.9,-3.0,True,True,True,,False,False,False,False,False,,False,False,False,0,0,no_verified_eqs,not_analyzable,,12,,other,True,states correct value,False
gsm8k,calc,The ratio of the electric poles and electric wires needed to connect and supply ,ok,468,15,13,15,13,-2.0,True,True,True,,False,False,False,False,True,,False,False,False,2,0,no_verified_eqs,not_analyzable,,15,,calculation,False,,False
gsm8k,calc,A magazine costs half as much as a book. The book costs $4. A pen costs $1 less ,ok,137,2,0,2,0,-2.0,True,True,True,,False,False,False,False,False,,False,False,False,2,2,eq_operand,changed,-1,1,,other,True,directly redoes calculation,False
gsm8k,calc,Jaime is a computer programmer for a company that currently has employed 100 peo,ok,170,40,37,40,37,-3.0,True,True,True,,False,False,False,False,False,,True,False,False,5,5,prose_mid,changed,225200,224000,,calculation,True,explicitly identifies error,False
gsm8k,calc,The cell-phone recharges at the rate of 1 percentage-point of charge per 3 minut,ok,475,2,0,2,0,-2.0,True,True,True,,False,False,False,False,True,,True,False,False,3,2,eq_rhs,changed,0,2,,calculation,True,states correct value,False
gsm8k,calc,Erin has 7 lollipops. Her mother gives Erin another 10 lollipops. If Erin gives ,ok,82,17,19,17,19,2.0,True,True,True,,False,False,False,False,False,,True,False,False,2,2,eq_rhs,changed,16,14,,calculation,False,,False
gsm8k,calc,Robert wants to buy a bookshelf and a sofa and has received two offers. Furnitur,ok,307,"2,250","2,247",2250,2247,-3.0,True,True,True,,False,False,False,False,False,,True,False,False,4,4,eq_rhs,not_analyzable,,100,,calculation,True,partial hallucination,False
gsm8k,calc,Mason needs 30 ounces of sugar to make a batch of suckers and 70 ounces of sugar,ok,425,310,311,310,311,1.0,True,True,True,,False,False,False,False,True,,True,False,False,0,0,no_verified_eqs,not_analyzable,,310,,calculation,False,,False
gsm8k,calc,"A pink frog weighs the same as a blue beetle, the same as a green toad, 10 pound",ok,714,260,262,260,262,2.0,True,True,True,,False,False,False,False,True,,True,False,False,4,4,eq_rhs,changed,262,260,,calculation,False,,False
gsm8k,calc,Davos bought 2 shirts from the mall that cost $30 each. If he bought them with a,ok,178,12,9,12,9,-3.0,True,True,True,,False,False,False,False,False,,True,False,False,3,3,eq_rhs,changed,42,36,,calculation,False,,False
gsm8k,calc,"After Andrea saved some money, she then spent the rest of her money on an $11 sw",ok,160,15,17,15,17,2.0,True,True,True,,False,False,False,False,False,,True,False,False,2,2,eq_rhs,changed,19,21,,calculation,False,,True
gsm8k,calc,"Carver just turned 45 years old, which makes him 5 years less than twice the age",ok,223,50,52,50,52,2.0,True,True,True,,False,False,False,False,False,,False,False,False,1,0,no_verified_eqs,not_analyzable,,25,,calculation,False,,False
gsm8k,calc,"To be promoted to the next school year, Jane takes 3 tests that together must to",ok,180,33,31,33,31,-2.0,True,True,True,,False,False,False,False,False,,True,False,False,2,2,eq_rhs,changed,11,9,,calculation,True,states correct value,False
gsm8k,calc,3 customers were kicked out of the Walmart for refusing to wear masks. A number ,ok,647,19,21,19,21,2.0,True,True,True,,False,True,True,False,True,,True,False,False,4,4,eq_rhs,changed,21,19,,calculation,True,states correct value,False
gsm8k,calc,Mary has 30 sheep. She gets 1 kg of milk from half of them and 2 kg of milk from,ok,721,45,47,45,47,2.0,True,True,True,,False,False,False,False,True,,True,False,False,2,0,no_verified_eqs,not_analyzable,,45,,calculation,True,states correct value,False
gsm8k,calc,There are 40 pupils in a class. Half of the class likes blue. One-fourth of the ,ok,58,1,2,1,2,1.0,True,True,True,,False,False,False,False,False,,False,False,True,2,0,no_verified_eqs,not_analyzable,,15,,other,True,directly redoes calculation,False
gsm8k,calc,"Lucy sells apples from her orchard at $4 per piece. On Monday, she sold all the ",ok,551,50,52,50,52,2.0,True,True,True,,False,False,False,False,True,,True,False,False,2,2,after_last_eq,not_analyzable,,50,,calculation,True,states correct value,False
gsm8k,calc,"Carol spends 4 hours writing a song, half that much time recording it, and 90 mi",ok,252,60,57,60,57,-3.0,True,True,True,,False,False,False,False,False,,False,False,False,1,1,prose_mid,not_analyzable,,20,,commonsense,True,partial hallucination,False
gsm8k,calc,"Alice is 7 years older than Beth, who is 5 years older than Erica. What is the d",ok,207,42,43,42,43,1.0,True,True,True,,False,False,False,False,False,,True,False,False,3,3,eq_rhs,changed,13,12,,calculation,True,states correct value,False
gsm8k,calc,A builder works for 4 weeks every month and for 6 days every week. If he gets pa,ok,267,12,15,12,15,3.0,True,True,True,,False,False,False,False,False,,False,False,False,0,0,no_verified_eqs,not_analyzable,,14400,,commonsense,True,states correct value,False
gsm8k,calc,Tyson decided to make muffaletta sandwiches for the big game.  Each sandwich req,ok,591,15,17,15,17,2.0,True,True,True,,False,False,False,False,False,,True,False,False,5,5,eq_rhs,changed,52,50,,calculation,True,complete hallucination,True
gsm8k,calc,"At Allan's house, there is twice as much corn as cannolis. He has a total of 40 ",ok,214,100,98,100,98,-2.0,True,True,True,,False,False,False,False,False,,True,False,False,5,5,eq_rhs,changed,196,200,,calculation,True,states correct value,False
gsm8k,calc,"Stanley was standing on the side of the mountain, at an elevation of 10,000 feet",ok,164,"6,000","5,998",6000,5998,-2.0,True,True,True,,False,False,False,False,False,,True,False,False,2,2,eq_rhs,changed,2998,3000,,calculation,True,directly redoes calculation,False
gsm8k,calc,"There were 50 cats on a rock. Four boats came and carried away 5 cats each, and ",ok,77,20,19,20,19,-1.0,True,True,True,,False,False,False,False,False,,True,False,False,4,4,eq_rhs,changed,12.4,12,,calculation,True,states correct value,True
gsm8k,calc,15 gallons of gas were equally divided into 5 different containers. Josey needed,ok,150,3,4,3,4,1.0,True,True,True,,True,False,True,False,False,,True,False,False,3,3,eq_rhs,changed,8,6,,calculation,True,states correct value,False
gsm8k,calc,"On a certain day, the total cost of filling up 20 helium balloons was $900. Two ",ok,346,65,66,65,66,1.0,True,True,True,,False,False,False,False,False,,True,False,False,3,3,eq_rhs,changed,11220,11050,,calculation,True,partial hallucination,False
gsm8k,calc,"A car is on a road trip and drives 60 mph for 2 hours, and then 30 mph for 1 hou",ok,373,3,5,3,5,2.0,True,True,True,,False,False,False,False,False,,True,False,False,3,3,after_last_eq,not_analyzable,,50,,calculation,True,states correct value,False
gsm8k,calc,Grayson recycles cans and bottles for money each week. An aluminum can is worth ,ok,801,84,86,84,86,2.0,True,True,True,,False,False,False,False,True,,True,False,False,4,4,eq_rhs,changed,86,84,,calculation,True,partial hallucination,True
gsm8k,calc,Shondra has 7 fewer plants than Toni. Toni has 60% more plants than Frederick. I,ok,290,6,4,6,4,-2.0,True,True,True,,False,False,False,False,False,,False,False,False,0,0,no_verified_eqs,not_analyzable,,9,,calculation,True,complete hallucination,False
gsm8k,calc,Theo bought a pen for $2 and a piece of paper that cost $1 less than three times,ok,292,7.,9,7,9,2.0,True,True,True,,False,False,False,False,False,,True,False,False,2,2,prose_mid,changed,1,3,,calculation,False,,False
gsm8k,calc,It takes 240 minutes of walking to break in a new pair of shoes. Jason wants to ,ok,147,12,13,12,13,1.0,True,True,True,,False,False,False,False,False,,True,False,False,2,2,eq_rhs,changed,18.461538462,20,,calculation,True,states correct value,True
gsm8k,calc,A company decided to take its employees on a tour to explore an ancient site. Th,ok,147,600,599,600,599,-1.0,True,True,True,,False,False,False,False,False,,True,False,False,3,3,eq_rhs,changed,620,621,,calculation,True,states correct value,True
gsm8k,calc,"Belen has two kinds of pennies, a 2010 penny and a 1959 penny. The 2010 penny is",ok,237,36,38,36,38,2.0,True,True,True,,False,False,False,False,False,,True,False,False,0,0,no_verified_eqs,not_analyzable,,84,,calculation,True,partial hallucination,False
gsm8k,calc,Cherrie wants to buy Christmas gifts for her 5 friends. 2 of her friends want 5 ,ok,378,26,27,26,27,1.0,True,True,True,,False,False,False,False,True,,True,False,False,4,4,eq_rhs,changed,27,26,,calculation,True,states correct value,True
gsm8k,calc,The rug is 5 feet wider than the chair. The couch is 2 feet longer than twice th,ok,410,18,17,18,17,-1.0,True,True,True,,False,False,False,False,True,,True,False,False,3,3,eq_rhs,changed,17,18,,calculation,True,complete hallucination,False
gsm8k,calc,The farm has 30 cows and the zoo has 20 sheep.  The zoo has twice as many cows a,ok,499,80,82,80,82,2.0,True,True,True,,False,False,False,False,False,,True,False,False,5,5,eq_rhs,changed,122,120,,calculation,True,states correct value,True
gsm8k,calc,"A house and a lot cost $120,000. If the house cost three times as much as the lo",ok,600,"90,000","90,003",90000,90003,3.0,True,True,True,,False,False,False,False,True,,True,False,False,1,1,eq_rhs,changed,90003,90000,,calculation,True,directly redoes calculation,False
gsm8k,calc,On average Joe throws 25 punches per minute.  A fight lasts 5 rounds of 3 minute,ok,273,375,377,375,377,2.0,True,True,True,,False,False,False,False,True,,True,False,False,2,2,eq_rhs,changed,377,375,,calculation,True,partial hallucination,True
gsm8k,calc,The eighth-grade class held a bake-off. Kelsie made two times more cookies than ,ok,370,2,-1,2,-1,-3.0,True,True,True,,False,False,False,False,False,,False,False,True,2,2,prose_mid,changed,-9,18,,other,True,states correct value,False
gsm8k,calc,It's strawberry-picking time on Grandma Concetta's farm.  Tony can pick 6 quarts,ok,416,29,26,29,26,-3.0,True,True,True,,False,False,False,False,True,,True,False,False,4,4,eq_rhs,changed,26,29,,calculation,True,states correct value,True
gsm8k,calc,Ophelia and Jenna are living in the same apartment building. They each have 2 fe,ok,100,22,19,22,19,-3.0,True,True,True,,False,False,False,False,False,,True,False,False,4,4,eq_rhs,changed,151,172,,calculation,False,,True
gsm8k,calc,Twenty kids went out on a school trip. In one of the several activities they par,ok,695,300,298,300,298,-2.0,True,True,True,,False,False,False,False,True,,True,False,False,4,4,eq_rhs,changed,298,300,,calculation,True,directly redoes calculation,True
gsm8k,calc,Emma can make and upload 72 vlogs per month. But she was only able to make 18 vl,ok,199,54,51,54,51,-3.0,True,True,True,,False,False,False,False,False,,True,False,False,0,0,no_verified_eqs,not_analyzable,,18,,calculation,True,states correct value,False
gsm8k,calc,Jonathan was sad to learn he needed 2 more toys than he already had to have enou,ok,170,5,8,5,8,3.0,True,True,True,,False,False,False,False,False,,False,False,True,2,2,prose_mid,changed,638,398,,other,True,directly redoes calculation,False
gsm8k,calc,How much does it cost you for lunch today at Subway if you pay $40 for a foot-lo,ok,203,3,0,3,0,-3.0,True,True,True,,False,False,False,False,False,,True,False,True,2,2,eq_operand,changed,40,160,,other,True,directly redoes calculation,False
gsm8k,calc,"In the first week, Judy read for 15 minutes each night before going to sleep. In",ok,166,105,108,105,108,3.0,True,True,True,,False,False,False,False,False,,True,False,False,4,3,eq_rhs,changed,244,240,,calculation,True,partial hallucination,False
gsm8k,calc,The tooth fairy left Sharon $5.00 in exchange for the first tooth Sharon lost.  ,ok,253,0.50,-0.5,0.5,-0.5,-1.0,True,True,True,,False,False,False,False,False,,True,False,True,4,4,eq_rhs,changed,7,9,,calculation,True,partial hallucination,False
gsm8k,calc,"Three teenagers are playing soccer on the weekend. Richie, the first teenager, s",ok,164,60,61,60,61,1.0,True,True,True,,False,False,False,False,False,,True,False,False,2,2,eq_rhs,not_analyzable,,175,,calculation,True,directly redoes calculation,False
gsm8k,calc,Michael is replacing the carpet in his bedroom.  The new carpet he's chosen cost,ok,1134,11232,11231,11232,11231,-1.0,True,True,True,,False,False,False,False,True,,True,False,False,6,6,eq_rhs,changed,11231,11232,,calculation,True,complete hallucination,True
gsm8k,calc,Judy bought a dozen cups and twice as many dishes as cups to take to the church',ok,155,24,26,24,26,2.0,True,True,True,,False,False,False,False,False,,True,False,False,3,3,eq_rhs,changed,124,120,,calculation,True,states correct value,True
gsm8k,calc,Jerry is twice as old as he was 5 years ago. How old will Jerry be in 3 years?,ok,135,2,4,2,4,2.0,True,True,True,,False,False,False,False,False,,False,False,True,1,1,prose_mid,unchanged,13,13,,other,True,directly redoes calculation,False
gsm8k,calc,The basketball team went to the steakhouse to eat dinner.  The first player ate ,ok,295,14,11,14,11,-3.0,True,True,True,,False,False,False,False,False,,True,False,False,3,3,eq_rhs,changed,27,30,,calculation,True,states correct value,True
gsm8k,calc,"Max bought stamps at the post office. Some of the stamps had a snowflake design,",ok,228,10,12,10,12,2.0,True,True,True,,False,False,False,False,False,,True,False,False,3,3,eq_rhs,changed,47,45,,calculation,True,states correct value,True
gsm8k,calc,Tommy caught 3 more fish than Darren and Darren caught 6 less than Naomi. If Nao,ok,241,14,13,14,13,-1.0,True,True,True,,False,False,False,False,True,,True,False,False,2,2,eq_rhs,changed,13,14,,calculation,True,complete hallucination,False
gsm8k,calc,Julie operates the cash register exactly twice as fast as her less-experienced c,ok,615,1050,1053,1050,1053,3.0,True,True,True,,False,False,False,False,True,,True,False,False,3,3,eq_rhs,changed,1053,1050,,calculation,True,partial hallucination,True
gsm8k,calc,James buys a new wardrobe.  He buys 10 suits and 10 dress pants.  He also buys 3,ok,80,7500,7501,7500,7501,1.0,True,True,True,,False,False,False,False,False,,True,False,False,6,6,eq_rhs,changed,10801,10800,,calculation,True,directly redoes calculation,True
gsm8k,calc,Steve is 60 years old. His wife is 4 years older than him. Their son is currentl,ok,152,32,31,32,31,-1.0,True,True,True,,False,False,False,False,False,,True,False,False,0,0,no_verified_eqs,not_analyzable,,29,,calculation,True,states correct value,False
gsm8k,calc,James hires a horse-drawn carriage from 5 PM to 9 PM.  He gets 1 hour free.  The,ok,321,30.,32,30,32,2.0,True,True,True,,False,False,False,False,False,,True,False,False,3,3,eq_rhs,changed,79,75,,calculation,False,,False
gsm8k,calc,A pound of almonds costs $10 while a pound of walnuts costs $15. How much more d,ok,532,7,4,7,4,-3.0,True,True,True,,False,False,False,False,False,,True,False,False,3,3,eq_rhs,changed,6,3,,calculation,False,,False
gsm8k,calc,John decides to take a cooking class.  The class meets 4 times a week for 2 hour,ok,336,48,45,48,45,-3.0,True,True,True,,False,False,False,False,False,,True,False,False,3,3,eq_rhs,changed,30,32,,calculation,True,directly redoes calculation,True
gsm8k,calc,"Rayna has 60 more dollars than Kassidy, and Kassidy has 3/4 times as much money ",ok,209,90,89,90,89,-1.0,True,True,True,,False,False,False,False,False,,True,False,False,4,4,eq_rhs,changed,119.333333333,120,,calculation,True,directly redoes calculation,False
gsm8k,calc,Sarah’s basketball games are 4 quarters that are each 12 minutes long. In the la,ok,292,53,52,53,52,-1.0,True,True,True,,False,False,False,False,True,,True,False,False,0,0,no_verified_eqs,not_analyzable,,53,,calculation,False,,False
gsm8k,calc,"Chris has a two-speed lawn mower. He can mow his entire lawn in ""turtle"" mode in",ok,395,20,22,20,22,2.0,True,True,True,,False,False,False,False,False,,True,False,False,0,0,no_verified_eqs,not_analyzable,,50,,calculation,True,partial hallucination,False
gsm8k,calc,"Catherine goes to the grocery store. She buys 1 kilo of apples for $4, 2 kilos o",ok,278,6,7,6,7,1.0,True,True,True,,False,False,False,False,False,,True,False,False,4,4,eq_rhs,changed,15,14,,calculation,True,states correct value,True
gsm8k,calc,Brittany's quilted comforter has many 1-foot by 1-foot colored squares. The comf,ok,232,24,23,24,23,-1.0,True,True,True,,False,False,False,False,False,,True,False,False,4,4,eq_rhs,changed,66,68,,calculation,True,states correct value,True
gsm8k,calc,Great Grandma Jones has three children.  And each of her children has three chil,ok,214,27,25,27,25,-2.0,True,True,True,,False,False,False,False,True,,True,False,False,2,2,eq_rhs,changed,25,27,,calculation,True,partial hallucination,False
gsm8k,calc,Ginger and Amy both start with 100 pieces of Halloween candy. Ginger eats 4 piec,ok,184,56,57,56,57,1.0,True,True,True,,False,False,False,False,False,,True,False,False,0,0,no_verified_eqs,not_analyzable,,14,,calculation,True,partial hallucination,False
gsm8k,calc,"100 people apply for a job at Google. Of the people that apply, only 30% receive",ok,224,6,5,6,5,-1.0,True,True,True,,False,False,False,False,False,,False,False,False,3,3,prose_mid,changed,1.666666667,2,,calculation,True,partial hallucination,False
gsm8k,calc,Goldy bought 20 sacks of rice and gave 3 sacks to her cousin and 4 sacks to her ,ok,225,175,172,175,172,-3.0,True,True,True,,False,False,False,False,True,,True,False,False,0,0,no_verified_eqs,not_analyzable,,175,,calculation,True,partial hallucination,False
gsm8k,calc,Parker chews 4 pieces of gum a day.  A pack of gum has 15 pieces of chewing gum ,ok,397,8,7,8,7,-1.0,True,True,True,,False,False,False,False,True,,True,False,False,2,2,eq_rhs,changed,7,8,,calculation,True,complete hallucination,False
gsm8k,calc,Each sleeve of graham crackers makes the base for 8 large smores.  There are 3 s,ok,104,18,21,18,21,3.0,True,True,True,,False,False,False,False,False,,True,False,False,4,4,eq_rhs,not_analyzable,,1,,calculation,True,states correct value,True
gsm8k,calc,Alice has 6 more books than Steven. Clara has two times as many books as Steven.,ok,388,16,13,16,13,-3.0,True,True,True,,False,False,False,False,False,,True,False,False,3,3,eq_rhs,changed,7,4,,calculation,False,,False
gsm8k,calc,"Jeremy saw 12 birds in their backyard and threw a stone at them, scaring away 1/",ok,134,4,7,4,7,3.0,True,True,True,,False,False,False,False,False,,True,False,False,3,3,eq_rhs,changed,25,28,,calculation,True,states correct value,True
gsm8k,calc,"In a certain school, two classes have a total of 80 students. Each class has the",ok,703,24,27,24,27,3.0,True,True,True,,False,False,False,False,True,,True,False,False,3,3,eq_rhs,changed,27,24,,calculation,True,states correct value,False
gsm8k,calc,Carl has four times as many marbles as Sean and Sean has half as many marbles as,ok,488,336,334,336,334,-2.0,True,True,True,,False,False,False,False,True,,True,False,False,3,3,eq_rhs,changed,334,336,,calculation,False,,True
gsm8k,calc,20% of 50 people think horse #2 will win the big race.  60% of the remaining peo,ok,391,24,21,24,21,-3.0,True,True,True,,False,False,False,False,False,,True,False,False,4,4,eq_rhs,changed,19,16,,calculation,True,complete hallucination,False
gsm8k,calc,Marissa bought a ball at the store for $20. If she had $80 on her and used the r,ok,145,60,58,60,58,-2.0,True,True,True,,False,False,False,False,False,,True,False,False,2,2,eq_rhs,changed,11.6,12,,calculation,False,,False
gsm8k,calc,Ava and Emma want to know who is better at the new video game Ava got for her bi,ok,599,120,119,120,119,-1.0,True,True,True,,False,False,False,False,False,,False,False,False,0,0,no_verified_eqs,not_analyzable,,25,,calculation,True,partial hallucination,False
gsm8k,calc,Four friends ordered four pizzas for a total of 64 dollars. If two of the pizzas,ok,390,17,15,17,15,-2.0,True,True,True,,False,False,False,False,True,,True,False,False,2,2,eq_rhs,changed,15,17,,calculation,True,states correct value,False
gsm8k,calc,"Carrie is planning the caroling schedule. The choir plans to sing ""Deck the Hall",ok,247,300,298,300,298,-2.0,True,True,True,,False,False,False,False,False,,True,False,False,1,1,eq_rhs,not_analyzable,,540,,calculation,True,explicitly identifies error,False
gsm8k,calc,"When Billy was first hired, he was paid at a rate of $10 per hour.  After 2 mont",ok,590,210.,209,210,209,-1.0,True,True,True,,False,False,False,False,False,,True,False,False,3,3,prose_mid,changed,21,20,,calculation,False,,False
gsm8k,calc,Two cars are driving on a highway.  The first car is traveling at an average spe,ok,184,10,8,10,8,-2.0,True,True,True,,False,False,False,False,False,,True,False,False,2,2,eq_rhs,changed,16,20,,calculation,True,states correct value,False
gsm8k,calc,John and DeSean bought a bag of marshmallows to make s'mores together. The bag h,ok,181,21,23,21,23,2.0,True,True,True,,False,False,False,False,False,,True,False,False,3,3,eq_rhs,changed,6,7,,calculation,False,,False
gsm8k,calc,Britany records 18 4-minute TikTok videos each week. She spends 2 hours a week w,ok,522,282,283,282,283,1.0,True,True,True,,False,False,False,False,False,,True,False,False,5,5,eq_rhs,changed,1132,1128,,calculation,False,,True
gsm8k,calc,An interior design firm offers installation for $129.00.  It includes hanging 4 ,ok,420,195.00,192.0,195,192,-3.0,True,True,True,,False,False,False,False,False,,True,False,False,2,2,eq_rhs,changed,321,324,,calculation,False,,False
gsm8k,calc,Roy has saved 40% more in money earned by chores than his brother Anthony.  Anth,ok,320,12,9,12,9,-3.0,True,True,True,,False,False,False,False,False,,True,False,False,3,3,eq_rhs,changed,39,42,,calculation,True,directly redoes calculation,True
gsm8k,calc,"Patrick has three glue sticks that are partially used. One has 1/6 left, the sec",ok,514,16,18,16,18,2.0,True,True,True,,False,False,False,False,True,,True,False,False,3,0,no_verified_eqs,not_analyzable,,16,,calculation,False,,False
gsm8k,calc,"While on vacation in Bali, Thea bought a hat from a craftsman worth $70. If she ",ok,80,80,83,80,83,3.0,True,True,True,,False,False,False,False,False,,True,False,False,2,2,eq_rhs,changed,13,10,,calculation,True,states correct value,True
gsm8k,calc,Craig has 2 twenty dollar bills. He buys six squirt guns for $2 each.  He also b,ok,383,9,8,9,8,-1.0,True,True,True,,False,False,False,False,False,,True,False,False,5,5,eq_rhs,changed,20,19,,calculation,True,complete hallucination,True
gsm8k,calc,Peter has twice as many socks as Jack and half times as many dishes as jack. Jac,ok,438,180,179,180,179,-1.0,True,True,True,,False,False,False,False,True,,True,False,False,3,3,after_last_eq,not_analyzable,,180,,calculation,True,explicitly identifies error,False
gsm8k,calc,Calvin is making soup for his family for dinner. He has a pot with enough soup t,ok,187,2,1,2,1,-1.0,True,True,True,,False,False,False,True,False,,False,False,True,3,3,prose_mid,not_analyzable,,1,,other,True,states correct value,False
gsm8k,calc,Jo has been making face masks. She can make 4 small masks with 2 yards of materi,ok,567,6,5,6,5,-1.0,True,True,True,,False,False,False,False,False,,True,False,False,0,0,no_verified_eqs,not_analyzable,,16,,calculation,True,partial hallucination,False
gsm8k,calc,Bruce works for 5 hours on Tuesday. On Wednesday he works twice the time he work,ok,122,10,9,10,9,-1.0,True,True,True,,False,False,False,False,False,,True,False,False,3,3,eq_rhs,changed,21,23,,calculation,True,states correct value,True
gsm8k,calc,Julia and Nadine were given the same amount of allowance by their mother. The tw,ok,310,14.,12,14,12,-2.0,True,True,True,,False,True,True,False,True,,True,False,False,3,3,eq_rhs,changed,12,14,,calculation,True,complete hallucination,False
gsm8k,calc,"Lana is brewing cups of tea for her friends. She has 27 cups, and she divides th",ok,189,12,15,12,15,3.0,True,True,True,,True,True,True,False,False,,True,False,False,0,0,no_verified_eqs,not_analyzable,,2,,calculation,True,states correct value,False
gsm8k,calc,Andrew bakes 200 mini cinnamon rolls and 300 mini blueberry muffins. A normal ci,ok,574,40000,40001,40000,40001,1.0,True,True,True,,False,False,False,False,False,,True,False,False,5,5,eq_rhs,changed,85001,85000,,calculation,True,partial hallucination,True
gsm8k,calc,"The combined age of Peter, Paul and Jean is 100 years old. Find the age of Peter",ok,724,50,52,50,52,2.0,True,True,True,,False,False,False,False,True,,True,False,False,0,0,no_verified_eqs,not_analyzable,,50,,calculation,True,complete hallucination,False
gsm8k,calc,Jasmine's teacher gives stickers for reward. She was given 15 stickers for parti,ok,69,8,5,8,5,-3.0,True,True,True,,True,False,True,False,False,,True,False,False,2,2,eq_rhs,changed,10,13,,calculation,True,states correct value,False
gsm8k,calc,"Bahati, Azibo, and Dinar each contributed to their team's 45 points. Bahati scor",ok,812,30,33,30,33,3.0,True,True,True,,False,False,False,False,False,,False,False,False,0,0,no_verified_eqs,not_analyzable,,5,,calculation,False,,False
gsm8k,calc,"Robyn sends sixteen emails a day. Seven are work emails, and two-thirds of the r",ok,173,6,7,6,7,1.0,True,True,True,,False,True,True,False,False,,True,False,False,0,0,no_verified_eqs,not_analyzable,,1,,calculation,True,states correct value,False
gsm8k,calc,A pirate crew is digging for buried treasure on the island marked X on a map. Th,ok,96,13,10,13,10,-3.0,True,True,True,,False,True,True,False,False,,False,False,True,4,4,eq_operand,changed,14,11,,other,True,states correct value,False
gsm8k,calc,A bird decides to leave her summer home in the north and travel to her winter ho,ok,113,300,298,300,298,-2.0,True,True,True,,False,False,False,False,False,,True,False,False,5,5,eq_rhs,changed,372,374,,calculation,True,partial hallucination,False
gsm8k,calc,"John decides to buy new phones for him, his 2 kids, and his wife.  Each phone af",ok,326,1800,1803,1800,1803,3.0,True,True,True,,False,False,False,False,True,,True,False,False,4,4,eq_rhs,changed,1803,1800,,calculation,True,directly redoes calculation,True
gsm8k,calc,India has 4 more than half the number of states in the USA. What's the total num,ok,218,29,27,29,27,-2.0,True,True,True,,False,False,False,False,False,,True,False,False,2,2,eq_rhs,changed,77,79,,calculation,True,directly redoes calculation,False
gsm8k,calc,Pamela reapplies an ounce of sunscreen every hour she's outside.  Her sunscreen ,ok,154,32,34,32,34,2.0,True,True,True,,False,False,False,False,False,,True,False,False,3,3,eq_rhs,changed,4.25,4,,calculation,True,states correct value,True
gsm8k,calc,Katherine has 5 hanging baskets to fill.  In each basket she wants to add 3 petu,ok,367,70.00,73.0,70,73,3.0,True,True,True,,False,False,False,False,True,,True,False,False,4,4,eq_rhs,changed,73,70,,calculation,True,complete hallucination,True
gsm8k,calc,Adam bought himself some new trousers for $30. His mother gave him $6 for this p,ok,174,12.,13,12,13,1.0,True,True,True,,False,False,False,False,True,,True,False,False,3,3,eq_rhs,changed,11,12,,calculation,True,directly redoes calculation,False
gsm8k,calc,"Four children are playing together—Akbar, Alessandro, Helene, and Wilfred. Helen",ok,133,5,2,5,2,-3.0,True,True,True,,False,False,False,False,False,,True,False,False,4,4,eq_rhs,changed,9,3,,calculation,True,states correct value,False
gsm8k,calc,Walter is collecting money for charity. First he collects $500 from his neighbor,ok,315,6600.,6602,6600,6602,2.0,True,True,True,,False,False,False,False,True,,True,False,False,2,2,eq_rhs,changed,6602,6600,,calculation,True,directly redoes calculation,False
gsm8k,calc,Dylan attended a wedding where there were 100 guests in the reception. Each gues,ok,191,1500,1503,1500,1503,3.0,True,True,True,,False,False,False,False,False,,True,False,False,0,0,no_verified_eqs,not_analyzable,,50,,calculation,True,directly redoes calculation,False
gsm8k,calc,The population of porcupines in a park is 50. The number of female porcupines is,ok,397,120,117,120,117,-3.0,True,True,True,,False,False,False,False,False,,True,False,False,1,1,prose_mid,unchanged,1490,1490,,calculation,True,directly redoes calculation,False
gsm8k,calc,The Smith family is getting ready for summer and needs to have their swimming po,ok,229,1400,1398,1400,1398,-2.0,True,True,True,,False,False,False,False,False,,True,False,False,0,0,no_verified_eqs,not_analyzable,,826,,calculation,True,directly redoes calculation,False
gsm8k,calc,"Two friends are playing pick-up sticks. While playing, they noticed that there a",ok,319,34,32,34,32,-2.0,True,True,True,,False,False,False,False,True,,True,False,False,3,3,eq_rhs,changed,32,34,,calculation,True,complete hallucination,False
gsm8k,calc,A tank has a capacity of 18000 gallons. Wanda and Ms. B decided to pump water fr,ok,320,3000,3002,3000,3002,2.0,True,True,True,,False,False,False,False,False,,True,False,False,2,2,prose_mid,changed,5998,6000,,calculation,True,partial hallucination,False
gsm8k,calc,Maria was charging her power bank before going to the park when she disconnected,ok,324,21,22,21,22,1.0,True,True,True,,False,False,False,False,False,,True,False,False,2,0,no_verified_eqs,not_analyzable,,94,,calculation,False,,False
gsm8k,calc,One dwarf can mine 12 pounds of ore per day with his bare hands. He can mine twi,ok,316,1440,1442,1440,1442,2.0,True,True,True,,False,False,False,False,False,,True,False,False,0,0,no_verified_eqs,not_analyzable,,43200,,calculation,False,,False
gsm8k,calc,A store offers sandwiches in 3 different package sizes: the first package with 2,ok,605,12,14,12,14,2.0,True,True,True,,False,False,False,False,True,,True,False,False,0,0,no_verified_eqs,not_analyzable,,12,,calculation,True,complete hallucination,False
gsm8k,calc,On Monday the post office delivered 425 letters. On Tuesday they delivered 17 mo,ok,377,209,210,209,210,1.0,True,True,True,,False,False,False,False,False,,True,False,False,4,4,eq_rhs,changed,737,736,,calculation,False,,False
gsm8k,calc,"There are 26 countries in South America and, in each country, there are 5 cities",ok,158,130,132,130,132,2.0,True,True,True,,False,False,False,False,False,,True,False,False,2,2,eq_rhs,changed,132000,130000,,calculation,True,partial hallucination,False
gsm8k,calc,John picks 4 bananas on Wednesday. Then he picks 6 bananas on Thursday. On Frida,ok,106,10,9,10,9,-1.0,True,True,True,,False,False,False,False,False,,True,False,False,0,0,no_verified_eqs,not_analyzable,,22,,calculation,False,,False
gsm8k,calc,Greg puts clean sheets on 4 twin beds and 1 king size bed every week.  His laund,ok,534,156,154,156,154,-2.0,True,True,True,,False,False,False,False,True,,True,False,False,3,3,eq_rhs,changed,154,156,,calculation,False,,True
gsm8k,calc,Betsy and Donovan made a meal together. Betsy's part took 18 minutes longer than,ok,519,58,55,58,55,-3.0,True,True,True,,False,False,False,False,True,,True,False,False,1,1,eq_rhs,changed,55,58,,calculation,True,directly redoes calculation,False
gsm8k,calc,Hannah slips on a banana peel and breaks her arm. The doctor charges her $200 fo,ok,472,12.,10,12,10,-2.0,True,True,True,,False,False,False,False,False,,False,False,False,1,1,prose_mid,changed,480,482,,calculation,True,partial hallucination,False
gsm8k,calc,The glee club ordered 20 pizzas and ate 70% of them. The football team ordered t,ok,121,14,16,14,16,2.0,True,True,True,,False,False,False,False,True,,True,False,False,6,6,eq_rhs,changed,12,14,,calculation,True,states correct value,True
gsm8k,calc,Anthony is sending out coupons for his pizza parlor through the mail. He wants t,ok,186,2,3,2,3,1.0,True,True,True,,False,False,False,False,False,,False,False,True,4,4,prose_mid,changed,350,245,,other,False,,False
gsm8k,calc,A $2000 watch was put on sale so that Mr. Rogers bought it at 75% of its origina,ok,806,10,13,10,13,3.0,True,True,True,,False,False,False,False,True,,True,False,False,3,3,after_last_eq,not_analyzable,,10,,calculation,True,states correct value,False
gsm8k,calc,Frankie and Binkie went bowling together.  Frankie's score was 15 better more th,ok,126,195.,197,195,197,2.0,True,True,True,,False,False,False,False,True,,True,False,False,2,2,eq_rhs,changed,197,195,,calculation,False,,False
gsm8k,calc,"A Tyrannosaurus rex ate half of a small triceratops it had hunted. When it left,",ok,234,2,4,2,4,2.0,True,True,True,,False,False,False,False,False,,False,False,False,0,0,no_verified_eqs,not_analyzable,,1080,,other,True,states correct value,False
gsm8k,calc,Tony is painting a room with four walls. The north and south walls are 10 x 8 fe,ok,267,80,81,80,81,1.0,True,True,True,,False,False,False,False,False,,True,False,False,3,3,prose_mid,changed,145.2025,144,,calculation,True,partial hallucination,False
gsm8k,calc,Bobby takes a 30 min lunch and 2 15 minutes break per day at the office.  After ,ok,256,300,297,300,297,-3.0,True,True,True,,False,False,False,False,False,,True,False,False,0,0,no_verified_eqs,not_analyzable,,5,,calculation,True,directly redoes calculation,False
gsm8k,calc,Sheila charged $85.00 worth of merchandise on her credit card.  She ended up ret,ok,496,3,4,3,4,1.0,True,True,True,,False,True,True,False,False,,True,False,False,6,6,eq_rhs,changed,112,113,,calculation,True,complete hallucination,True
gsm8k,calc,Marty has 100 centimeters of ribbon that he must cut into 4 equal parts. Each of,ok,123,25,23,25,23,-2.0,True,True,True,,False,False,False,False,False,,True,False,False,0,0,no_verified_eqs,not_analyzable,,5,,calculation,True,states correct value,False
gsm8k,calc,My mom went to a gardening shop. She bought a set of pots for $19 and a sack of ,ok,147,45.,48,45,48,3.0,True,True,True,,False,False,False,False,False,,True,False,False,2,2,eq_rhs,changed,41,38,,calculation,False,,False
gsm8k,calc,Three of the women at the cocktail party are wearing 4 inch heels and three are ,ok,203,6,4,6,4,-2.0,True,True,True,,True,True,True,False,False,,True,False,False,2,2,eq_rhs,not_analyzable,,3,,calculation,True,states correct value,False
gsm8k,calc,"Pierre, Paul, and Jacques bought 12 kg of apples. Peter wants a quarter of that ",ok,305,7,8,7,8,1.0,True,True,True,,False,False,False,False,False,,True,False,False,0,0,no_verified_eqs,not_analyzable,,5,,calculation,True,states correct value,False
gsm8k,calc,John visits his parents twice a month.  It takes him 2 hours to drive there at a,ok,229,140,143,140,143,3.0,True,True,True,,False,False,False,False,False,,True,False,False,0,0,no_verified_eqs,not_analyzable,,560,,calculation,True,partial hallucination,False
gsm8k,calc,"Alfie, the albatross, flies 400 kilometers every day.  If the circumference of t",ok,125,"20,000","20,001",20000,20001,1.0,True,True,True,,False,False,False,False,False,,False,False,False,0,0,no_verified_eqs,not_analyzable,,50,,calculation,True,partial hallucination,False
gsm8k,calc,"Liam is 16 years old now. Two years ago, Liam’s age was twice the age of Vince. ",ok,171,9,10,9,10,1.0,True,True,True,,False,False,False,False,True,,True,False,False,3,3,eq_rhs,changed,10,9,,calculation,True,states correct value,False
gsm8k,calc,Nik has 200 crayons. He wants to separate them into groups of 8 and put them int,ok,545,400,403,400,403,3.0,True,True,True,,False,False,False,False,False,,True,False,False,5,5,eq_rhs,changed,25.1875,25,,calculation,True,directly redoes calculation,False
gsm8k,calc,Jane has saved $4 of her allowance every week for the past 8 weeks. If she conti,ok,404,7,6,7,6,-1.0,True,True,True,,False,False,False,False,True,,True,False,False,1,1,after_last_eq,not_analyzable,,7,,calculation,False,,False
gsm8k,calc,3 trees each had 7 blue birds in them. 2 different trees each had 4 blue birds. ,ok,240,8,6,8,6,-2.0,True,True,True,,False,False,False,False,False,,True,False,False,0,0,no_verified_eqs,not_analyzable,,32,,calculation,True,directly redoes calculation,False
gsm8k,calc,"Bob has a certain number of marbles. If he receives 2 dozen more marbles, he wil",ok,154,12,9,12,9,-3.0,True,True,True,,False,False,False,False,False,,False,False,True,3,3,prose_mid,changed,32,26,,commonsense,True,states correct value,False
gsm8k,calc,Tim grows 5 trees.  Each year he collects 6 lemons from each tree.  How many lem,ok,334,300,302,300,302,2.0,True,True,True,,False,False,False,False,True,,True,False,False,2,2,eq_rhs,changed,302,300,,calculation,True,directly redoes calculation,True
gsm8k,calc,Faraday owns a flower shop. He sells a sunflower that costs $2 each and a bouque,ok,575,84,82,84,82,-2.0,True,True,True,,False,False,False,False,False,,True,False,False,2,2,after_last_eq,not_analyzable,,291,,calculation,True,partial hallucination,False
gsm8k,calc,Chatty prepared three dozen eggs for her four children's Easter activity. Assumi,ok,292,4,1,4,1,-3.0,True,True,True,,False,True,True,False,False,,False,False,True,2,2,prose_mid,changed,36,9,,other,True,directly redoes calculation,False
gsm8k,calc,Sid traveled 110 miles in 2 hours. If Sid then traveled an additional 140 miles ,ok,323,5,7,5,7,2.0,True,True,True,,False,False,False,False,False,,True,False,False,2,2,eq_rhs,not_analyzable,,50,,calculation,True,states correct value,False
gsm8k,calc,Carl has a cane that is half as long as he is tall.  Carl is one foot taller tha,ok,129,5,8,5,8,3.0,True,True,True,,False,False,False,False,False,,True,False,False,3,3,eq_rhs,changed,4.5,3,,calculation,True,states correct value,True
gsm8k,calc,Carla just gave birth to identical octuplets. She dresses 3/4 of them in purple ,ok,157,6,3,6,3,-3.0,True,True,True,,True,True,True,False,False,,True,False,False,0,0,no_verified_eqs,not_analyzable,,50,,,,,False
gsm8k,calc,Tyrion changes his face mask two times every time he goes out. If he goes out th,ok,190,6,4,6,4,-2.0,True,True,True,,False,False,False,False,False,,True,False,False,2,2,eq_rhs,changed,8,12,,calculation,True,states correct value,True
gsm8k,calc,Tom has 4 bedrooms in his house.  They measure 20 by 12 feet each.  The living r,ok,254,960,962,960,962,2.0,True,True,True,,False,False,False,False,False,,True,False,False,4,4,eq_rhs,changed,3162,3160,,calculation,True,partial hallucination,True
gsm8k,calc,Mike bought 5 face masks while Johnny bought 2 more than thrice as many as Mike.,ok,129,3,2,3,2,-1.0,True,True,True,,True,True,True,False,False,,False,False,True,2,2,prose_mid,changed,12,17,,other,True,states correct value,False
gsm8k,calc,"Two apples fell out of the tree, and one of them landed on Newton's head.  Newto",ok,614,11,10,11,10,-1.0,True,True,True,,False,False,False,False,True,,True,False,False,0,0,no_verified_eqs,not_analyzable,,11,,calculation,True,directly redoes calculation,False
gsm8k,calc,Digimon had its 20th anniversary.  When it came out John was twice as old as Jim,ok,244,2,0,2,0,-2.0,True,True,True,,False,False,False,False,False,,False,False,True,3,3,eq_operand,unchanged,24,24,,other,True,states correct value,False
gsm8k,calc,"Doxa sliced an apple into 8 pieces. She ate 1 slice, her sister ate 1 more than ",ok,70,2,1,2,1,-1.0,True,True,True,,True,True,True,False,False,,True,False,False,3,3,eq_rhs,changed,4,6,,calculation,True,directly redoes calculation,False
gsm8k,calc,"From her science class study, Brady learned that each whale in the sea has 40 ga",ok,176,120,119,120,119,-1.0,True,True,True,,False,False,False,False,False,,True,False,False,2,2,eq_rhs,changed,1190,1200,,calculation,True,states correct value,True
gsm8k,calc,Twenty tourists discovered 700 shells in a strip mall parking lot. They had divi,ok,182,280,283,280,283,3.0,True,True,True,,False,False,False,False,False,,True,False,False,4,4,eq_rhs,changed,166.8,168,,calculation,True,complete hallucination,False
gsm8k,calc,"To kick off summer, Jolene is having a water balloon fight with her friends.  Th",ok,385,288,285,288,285,-3.0,True,True,True,,False,False,False,False,True,,True,False,False,2,2,eq_rhs,changed,285,288,,calculation,False,,True
gsm8k,calc,Cedar Falls Middle School has students in grades 4 – 7 and each year they are ch,ok,649,225,228,225,228,3.0,True,True,True,,False,False,False,False,True,,True,False,False,0,0,no_verified_eqs,not_analyzable,,225,,calculation,True,directly redoes calculation,False
gsm8k,calc,Carly is making cupcakes and brownies for her art class. She makes 2 less than t,ok,409,12.,14,12,14,2.0,True,True,True,,False,False,False,False,False,,True,False,False,2,2,prose_mid,changed,3.5,3,,calculation,False,,False
gsm8k,calc,A basic manicure starts at $35 while a pedicure starts at $40. A certain salon o,ok,119,75.,73,75,73,-2.0,True,True,True,,False,False,False,False,False,,True,False,False,2,2,prose_mid,changed,88,90,,calculation,False,,False
gsm8k,calc,Bud makes homemade macaroni and cheese once a week.  The pasta costs $1.00 a box,ok,536,520.00,522.0,520,522,2.0,True,True,True,,False,False,False,False,True,,True,False,False,3,3,eq_rhs,changed,522,520,,calculation,True,partial hallucination,True
gsm8k,calc,A custodian has to clean a school with 80 classrooms. They have 5 days to get it,ok,468,100.,101,100,101,1.0,True,True,True,,False,False,False,False,False,,False,False,False,0,0,no_verified_eqs,not_analyzable,,50,,commonsense,True,partial hallucination,False
gsm8k,calc,"Skyler has 100 hats on his hand with the colors red, blue, and white. Half of th",ok,390,20,17,20,17,-3.0,True,True,True,,False,False,False,False,True,,True,False,False,4,4,eq_rhs,changed,17,20,,calculation,True,states correct value,True
gsm8k,calc,Audrey has to take two math tests to pass 6th grade. She must correctly answer 7,ok,609,42,44,42,44,2.0,True,True,True,,False,False,False,False,False,,True,False,False,2,2,prose_mid,changed,33,35,,calculation,False,,False
gsm8k,calc,Jason works as a salesperson at a car dealership.  He needs to sell 15 cars this,ok,122,2,-1,2,-1,-3.0,True,True,True,,False,False,False,False,False,,False,False,True,0,0,no_verified_eqs,not_analyzable,,750,,other,True,states correct value,False
gsm8k,calc,Dominick went to his team's changing room and saw half as many robots as helmets,ok,111,10,9,10,9,-1.0,True,True,True,,False,False,False,False,False,,True,False,False,3,3,eq_rhs,changed,69,70,,calculation,True,states correct value,True
gsm8k,calc,Tim spends 6 hours each day at work answering phones.  It takes him 15 minutes t,ok,85,60,61,60,61,1.0,True,True,True,,False,False,False,False,False,,False,False,False,3,3,prose_mid,changed,122,120,,commonsense,True,partial hallucination,False
gsm8k,calc,Louise is an artist and needs to apply a coat of varnish to her latest paintings,ok,471,72,71,72,71,-1.0,True,True,True,,False,False,False,False,False,,True,False,False,0,0,no_verified_eqs,not_analyzable,,30,,calculation,True,partial hallucination,False
gsm8k,calc,There are five phones on a phone plan. The main phone costs twice as much as eac,ok,227,10.,12,10,12,2.0,True,True,True,,False,False,False,False,False,,True,False,False,2,2,eq_rhs,not_analyzable,,60,,calculation,False,,False
gsm8k,calc,"Jade bought a new cell phone with an incredible camera, so she spent all week ta",ok,400,5,6,5,6,1.0,True,True,True,,True,True,True,False,True,,True,False,False,0,0,no_verified_eqs,not_analyzable,,5,,calculation,True,states correct value,False
gsm8k,calc,Elvis starts driving from his house and travels west for 5 hours. Then he turns ,ok,145,90,92,90,92,2.0,True,True,True,,False,False,False,False,False,,True,False,False,0,0,no_verified_eqs,not_analyzable,,54,,calculation,True,partial hallucination,False
gsm8k,calc,John's car breaks down.  The car weighs 1200 pounds and he has luggage in it wei,ok,434,16,14,16,14,-2.0,True,True,True,,False,False,False,False,True,,True,False,False,0,0,no_verified_eqs,not_analyzable,,16,,calculation,True,complete hallucination,False
gsm8k,calc,"Tom found 214 seashells, Nancy found 432 seashells, and Benny found 86 seashells",ok,233,732,730,732,730,-2.0,True,True,True,,False,False,False,False,False,,True,False,False,2,2,eq_rhs,changed,663,665,,calculation,False,,False
gsm8k,calc,Steve put together a puzzle that took 10 hours of hard work to complete. Anna pu,ok,182,7,10,7,10,3.0,True,True,True,,True,True,True,False,True,,True,False,False,2,2,eq_rhs,changed,10,7,,calculation,True,states correct value,True
gsm8k,calc,John invited 20 people to a birthday party.  Each guest will eat 2 hot dogs.  He,ok,596,12,9,12,9,-3.0,True,True,True,,False,False,False,False,True,,True,False,False,4,4,eq_rhs,changed,9,12,,calculation,True,states correct value,True
gsm8k,calc,Frances sells 20 cupcakes for $2 for each cupcake and  40  cookies at $1 each.  ,ok,333,80,81,80,81,1.0,True,True,True,,False,False,False,False,False,,True,False,False,5,5,eq_rhs,changed,61,60,,calculation,True,states correct value,True
gsm8k,calc,A small sunflower has 3 dozen seeds and a large sunflower has 50% more seeds tha,ok,529,54,52,54,52,-2.0,True,True,True,,False,False,False,False,False,,True,False,False,2,2,eq_rhs,changed,88,90,,calculation,True,states correct value,False
gsm8k,calc,"Randy has 9 oatmeal cookies, 4 chocolate chip cookies, and 5 sugar cookies. He a",ok,708,23,26,23,26,3.0,True,True,True,,False,False,False,False,True,,True,False,False,0,0,no_verified_eqs,not_analyzable,,23,,,,,False
gsm8k,calc,Nate's dog can dig six holes a day. He digs for 14 days while Nate is on vacatio,ok,697,4,6,4,6,2.0,True,True,True,,True,True,True,False,True,,True,False,False,4,4,eq_rhs,changed,6,4,,calculation,True,states correct value,True
gsm8k,calc,A basket of green food costs $25 and a basket of red food costs $18. If you buy ,ok,260,54,51,54,51,-3.0,True,True,True,,False,False,False,False,False,,True,False,False,5,5,eq_rhs,changed,120,123,,calculation,True,states correct value,True
gsm8k,calc,"While working at the restaurant, each of the forty customers who came into the r",ok,431,720.,721,720,721,1.0,True,True,True,,False,False,False,False,False,,True,False,False,2,1,eq_rhs,not_analyzable,,1520,,calculation,True,directly redoes calculation,False
gsm8k,calc,Gretchen has some coins. There are 30 more gold coins than silver coins. If she ,ok,380,110,108,110,108,-2.0,True,True,True,,False,False,False,False,True,,True,False,False,1,1,after_last_eq,not_analyzable,,110,,calculation,True,directly redoes calculation,False
gsm8k,calc,A bumper car rink has 12 red cars. They have 2 fewer green cars than they have r,ok,206,30,32,30,32,2.0,True,True,True,,False,False,False,False,False,,True,False,False,4,4,eq_rhs,changed,21,23,,calculation,True,partial hallucination,False
gsm8k,calc,Amy is taking a history test. She correctly answers 80% of the multiple-choice q,ok,212,3,5,3,5,2.0,True,True,True,,True,True,True,False,False,,True,False,False,0,0,no_verified_eqs,not_analyzable,,41,,calculation,True,states correct value,False
gsm8k,calc,"In 10 years, Melanie will be 18 years old. In how many years will her age be thr",ok,334,24,21,24,21,-3.0,True,True,True,,False,False,False,False,False,,True,False,False,1,1,after_last_eq,not_analyzable,,16,,calculation,False,,False
gsm8k,calc,Kelly is grocery shopping at a supermarket and is making sure she has enough in ,ok,402,24,27,24,27,3.0,True,True,True,,False,False,False,False,False,,True,False,False,8,8,eq_rhs,changed,2,5,,calculation,True,states correct value,True
gsm8k,calc,"Elaina is holding the final concert in her tour. To celebrate her final concert,",ok,418,50,47,50,47,-3.0,True,True,True,,False,False,False,False,False,,True,False,False,0,0,no_verified_eqs,not_analyzable,,25,,calculation,False,,False
gsm8k,calc,A singer has 50 microphones that he wants to arrange in pairs on a stage. While ,ok,201,10,8,10,8,-2.0,True,True,True,,False,False,False,False,False,,True,False,False,1,1,prose_mid,not_analyzable,,20,,calculation,False,,False
gsm8k,calc,Joelle has 5 orchids and 4 African daisies on her balcony.  If the orchids have ,ok,339,40,39,40,39,-1.0,True,True,True,,False,False,False,False,False,,True,False,False,3,3,eq_rhs,changed,14,15,,calculation,True,directly redoes calculation,True
gsm8k,calc,Martin's weight is 55 kg. Carl’s weight is 16 kg more than Martin’s weight. Chri,ok,81,71,70,71,70,-1.0,True,True,True,,False,False,False,False,False,,True,False,False,0,0,no_verified_eqs,not_analyzable,,74,,calculation,False,,False
gsm8k,calc,John had a son James when he was 19.  James is now twice as old as his sister Do,ok,170,2,1,2,1,-1.0,True,True,True,,False,False,False,False,False,,False,False,True,4,4,eq_operand,changed,-1,8,,other,True,partial hallucination,False
gsm8k,calc,Raymond and Samantha are cousins. Raymond was born 6 years before Samantha. Raym,ok,276,14,13,14,13,-1.0,True,True,True,,False,False,False,False,True,,True,False,False,2,2,eq_rhs,changed,13,14,,calculation,True,complete hallucination,False
gsm8k,calc,Sasha notices that prices for lumber have gone up 50% in the last few months aft,ok,566,24,23,24,23,-1.0,True,True,True,,False,False,False,False,False,,True,False,False,9,9,eq_rhs,changed,85,90,,calculation,True,partial hallucination,True
gsm8k,calc,"Well's mother sells watermelons, peppers, and oranges at the local store. A wate",ok,156,3,0,3,0,-3.0,True,True,True,,False,False,False,False,False,,False,False,True,0,0,no_verified_eqs,not_analyzable,,880,,other,True,states correct value,False
gsm8k,calc,A hospital sees 500 people a day.  Each patient is seen for an average of 24 min,ok,166,"12,000","11,998",12000,11998,-2.0,True,True,True,,False,False,False,False,False,,True,False,False,0,0,no_verified_eqs,not_analyzable,,10000,,calculation,True,explicitly identifies error,False
gsm8k,calc,"Seth is twice as old as Brooke. In 2 years, the sum of their ages will be 28. Ho",ok,592,24,27,24,27,3.0,True,True,True,,False,False,False,False,False,,True,False,False,0,0,no_verified_eqs,not_analyzable,,16,,calculation,False,,False
gsm8k,calc,Gerald works at a daycare that pays him $30 every day. He worked for an entire w,ok,212,210,208,210,208,-2.0,True,True,True,,False,False,False,False,False,,True,False,False,1,1,prose_mid,changed,108,110,,calculation,True,complete hallucination,False
gsm8k,propcalc,Kylar went to the store to buy glasses for his new apartment. One glass costs $5,ok,441,40.,43,40,43,3.0,True,True,True,True,False,False,False,False,False,,True,False,False,2,2,prose_mid,changed,67,64,,calculation,False,,False
gsm8k,propcalc,"Carla is downloading a 200 GB file. Normally she can download 2 GB/minute, but 4",ok,89,80,81,80,81,1.0,True,True,True,True,False,False,False,False,False,,True,False,False,0,0,no_verified_eqs,not_analyzable,,160,,calculation,False,,False
gsm8k,propcalc,Eliza's rate per hour for the first 40 hours she works each week is $10. She als,ok,135,400,403,400,403,3.0,True,True,True,True,False,False,False,False,False,,True,False,False,1,1,prose_mid,changed,463,460,,calculation,True,complete hallucination,False
gsm8k,propcalc,"Two trains leave San Rafael at the same time. They begin traveling westward, bot",ok,335,230,232,230,232,2.0,True,True,True,True,False,False,False,False,True,,True,False,False,0,0,no_verified_eqs,not_analyzable,,230,,calculation,True,complete hallucination,False
gsm8k,propcalc,Jill gets paid $20 per hour to teach and $30 to be a cheerleading coach. If she ,ok,284,450,448,450,448,-2.0,True,True,True,True,False,False,False,False,False,,True,False,False,4,4,eq_rhs,changed,57400,57500,,calculation,False,,False
gsm8k,propcalc,Billy sells DVDs. He has 8 customers on Tuesday. His first 3 customers buy one D,ok,224,0,-2,0,-2,-2.0,True,True,True,True,False,False,False,False,False,,False,False,False,3,3,prose_mid,changed,5,7,,other,True,explicitly identifies error,False
gsm8k,propcalc,Gretchen has 110 coins. There are 30 more gold coins than silver coins. How many,ok,489,40,38,40,38,-2.0,True,True,True,True,False,False,False,False,False,,True,False,False,1,1,prose_mid,changed,68,70,,calculation,False,,False
gsm8k,propcalc,Terry eats 2 yogurts a day.  They are currently on sale at 4 yogurts for $5.00. ,ok,423,75.00,78.0,75,78,3.0,True,True,True,True,False,False,False,False,True,,True,False,False,0,0,no_verified_eqs,not_analyzable,,75,,calculation,True,complete hallucination,False
gsm8k,propcalc,"The great dragon, Perg, sat high atop mount Farbo, breathing fire upon anything ",ok,229,1200,1198,1200,1198,-2.0,True,True,True,True,False,False,False,False,False,,True,False,False,0,0,no_verified_eqs,not_analyzable,,200,,calculation,False,,False
gsm8k,propcalc,Grandma Jones baked 5 apple pies for the fireman's luncheon.  She cut each pie i,ok,386,26,24,26,24,-2.0,True,True,True,True,False,False,False,False,True,,True,False,False,2,2,eq_rhs,changed,24,26,,calculation,False,,False
gsm8k,propcalc,"According to its nutritional info, a bag of chips has 250 calories per serving. ",ok,702,0.16,3.16,0.16,3.16,3.0,True,True,True,True,False,False,False,False,False,,True,False,False,1,1,after_last_eq,not_analyzable,,48,,calculation,False,,False
gsm8k,propcalc,"Charlie wants to sell beeswax candles.  For every pound of beeswax, he can make ",ok,475,40.00,39.0,40,39,-1.0,True,True,True,True,False,False,False,False,False,,True,False,False,1,1,prose_mid,changed,19,20,,calculation,False,,False
gsm8k,propcalc,Tom's ship can travel at 10 miles per hour.  He is sailing from 1 to 4 PM.  He t,ok,413,5,4,5,4,-1.0,True,True,True,True,True,True,True,False,True,,True,False,False,0,0,no_verified_eqs,not_analyzable,,5,,calculation,False,,False
gsm8k,propcalc,The Doubtfire sisters are driving home with 7 kittens adopted from the local ani,ok,165,21,22,21,22,1.0,True,True,True,True,False,False,False,False,False,,True,False,False,1,1,eq_rhs,not_analyzable,,40,,calculation,False,,False
gsm8k,propcalc,"A basket contains 25 oranges among which 1 is bad, 20% are unripe, 2 are sour an",ok,214,3,2,3,2,-1.0,True,True,True,True,True,True,True,False,False,,True,False,False,2,2,eq_rhs,changed,18,17,,calculation,False,,False
gsm8k,propcalc,Janet buys a brooch for her daughter.  She pays $500 for the material to make it,ok,211,130,133,130,133,3.0,True,True,True,True,False,False,False,False,False,,True,False,False,3,3,eq_rhs,changed,1433,1430,,calculation,False,,False
gsm8k,propcalc,"Sophia is thinking of taking a road trip in her car, and would like to know how ",ok,481,300,301,300,301,1.0,True,True,True,True,False,False,False,False,True,,True,False,False,0,0,no_verified_eqs,not_analyzable,,300,,calculation,True,complete hallucination,False
gsm8k,propcalc,Jim spends 2 hours watching TV and then decides to go to bed and reads for half ,ok,580,36,33,36,33,-3.0,True,True,True,True,False,False,False,False,True,,True,False,False,4,4,eq_rhs,changed,33,36,,calculation,False,,False
gsm8k,propcalc,"If Raymond does half as much laundry as Sarah, and Sarah does 4 times as much la",ok,75,200,198,200,198,-2.0,True,True,True,True,False,False,False,False,False,,True,False,False,3,3,eq_rhs,changed,98,100,,calculation,False,,False
gsm8k,propcalc,Gene is sewing a quilt out of old souvenir t-shirts. He has one shirt from each ,ok,160,11,10,11,10,-1.0,True,True,True,True,False,False,False,False,False,,True,False,False,1,1,eq_rhs,not_analyzable,,44,,calculation,False,,False
gsm8k,propcalc,Jan has three times the number of pets as Marcia. Marcia has two more pets than ,ok,344,28,27,28,27,-1.0,True,True,True,True,False,False,False,False,True,,True,False,False,2,2,after_last_eq,not_analyzable,,28,,calculation,False,,False
gsm8k,propcalc,Harry slept 9 hours last night. His friend James slept only 2/3 of what Harry sl,ok,151,6,7,6,7,1.0,True,True,True,True,False,False,False,False,False,,True,False,False,0,0,no_verified_eqs,not_analyzable,,3,,calculation,False,,False
gsm8k,propcalc,"Cody eats three times as many cookies as Amir eats. If Amir eats 5 cookies, how ",ok,157,15,18,15,18,3.0,True,True,True,True,False,False,False,False,False,,True,False,False,2,2,eq_rhs,changed,23,20,,calculation,False,,False
gsm8k,propcalc,Katy makes coffee using teaspoons of sugar and cups of water in the ratio of 7:1,ok,445,42.,44,42,44,2.0,True,True,True,True,False,False,False,False,True,,True,False,False,3,3,eq_rhs,changed,44,42,,calculation,False,,False
gsm8k,propcalc,A customs officer at the main port of SeaSide clearances counted 2 containers of,ok,104,10,8,10,8,-2.0,True,True,True,True,False,False,False,False,False,,True,False,False,3,3,eq_rhs,changed,4.4,4,,calculation,True,explicitly identifies error,False
gsm8k,propcalc,Dylan needed chicken sausages and fish sausages to make sausage buns at a party.,ok,145,44,42,44,42,-2.0,True,True,True,True,False,False,False,False,False,,True,False,False,2,2,eq_rhs,changed,80,82,,calculation,False,,False
gsm8k,propcalc,"After transferring to a new school, Amy made 20 more friends than Lily. If Lily ",ok,149,70,68,70,68,-2.0,True,True,True,True,False,False,False,False,False,,True,False,False,2,2,eq_rhs,changed,118,120,,calculation,False,,False
gsm8k,propcalc,Brittany and her mom go to the museum. The cost of admission is $12 for adults a,ok,334,30.,31,30,31,1.0,True,True,True,True,False,False,False,False,True,,True,False,False,2,2,eq_rhs,changed,31,30,,calculation,True,directly redoes calculation,False
gsm8k,propcalc,The zookeeper feeds all the apes in the zoo. He orders all the bananas from a lo,ok,467,1400,1398,1400,1398,-2.0,True,True,True,True,False,False,False,False,True,,True,False,False,0,0,no_verified_eqs,not_analyzable,,1400,,calculation,True,complete hallucination,False
gsm8k,propcalc,Blake and Kelly are having a contest to see who can run the most in 15 minutes. ,ok,490,2920,2919,2920,2919,-1.0,True,True,True,True,False,False,False,False,False,,True,False,False,0,0,no_verified_eqs,not_analyzable,,80,,calculation,False,,False
gsm8k,propcalc,Sandra's neighbor gives her a basket of 9 eggs every time she babysits their dau,ok,216,45,44,45,44,-1.0,True,True,True,True,False,False,False,False,False,,True,False,False,0,0,no_verified_eqs,not_analyzable,,5,,calculation,True,explicitly identifies error,False
gsm8k,propcalc,"In a race with 240 Asians, 80 were Japanese, and the rest were Chinese. If the n",ok,181,160,163,160,163,3.0,True,True,True,True,False,False,False,False,False,,True,False,False,2,2,eq_rhs,changed,103,100,,calculation,False,,False
gsm8k,propcalc,"Sandra, the florist around the corner, is very unhappy with Fred's incomplete or",ok,602,160,158,160,158,-2.0,True,True,True,True,False,False,False,False,True,,True,False,False,0,0,no_verified_eqs,not_analyzable,,160,,calculation,True,complete hallucination,False
gsm8k,propcalc,Mandy owes Benedict $100. They agreed to have monthly interest of 2%. If Mandy w,ok,292,106,105,106,105,-1.0,True,True,True,True,False,False,False,False,True,,True,False,False,3,0,no_verified_eqs,not_analyzable,,106,,calculation,True,directly redoes calculation,False
gsm8k,propcalc,John collects peaches for 3 hours.  He can collect 2 peaches a minute.  How many,ok,92,60,59,60,59,-1.0,True,True,True,True,False,False,False,False,False,,False,False,False,2,2,prose_mid,changed,354,360,,calculation,True,explicitly identifies error,False
gsm8k,propcalc,Josie grows grapes on her 10-acre farm.  Each acre produces 5 tons of grapes per,ok,193,50,53,50,53,3.0,True,True,True,True,False,False,False,False,False,,True,False,False,0,0,no_verified_eqs,not_analyzable,,100,,calculation,True,complete hallucination,False
gsm8k,propcalc,A watermelon farm produced 120 baby watermelons. Ashlyn went to the farm after t,ok,849,21,23,21,23,2.0,True,True,True,True,False,False,False,False,True,,True,False,False,3,3,eq_rhs,changed,23,21,,calculation,False,,False
gsm8k,propcalc,"Kylie and Robert enjoy going to the beach to collect shells. On Monday, Kylie co",ok,172,25,23,25,23,-2.0,True,True,True,True,False,False,False,False,False,,True,False,False,2,2,eq_rhs,changed,46,50,,calculation,False,,False
gsm8k,propcalc,Johnny took his allowance of $20 and added an extra $10 to it.  He then invested,ok,231,90,93,90,93,3.0,True,True,True,True,False,False,False,False,True,,True,False,False,2,2,eq_rhs,changed,93,90,,calculation,True,directly redoes calculation,False
gsm8k,propcalc,"The number of students in a school hall was 1000. The hall had 3 entrances A, B,",ok,225,300,299,300,299,-1.0,True,True,True,True,False,False,False,False,False,,True,False,False,3,3,eq_rhs,changed,281,280,,calculation,False,,False
gsm8k,propcalc,Jason has a phone plan of 1000 minutes per month. Every day he has a 15-minute c,ok,456,750,752,750,752,2.0,True,True,True,True,False,False,False,False,False,,True,False,False,3,3,eq_rhs,changed,248,250,,calculation,False,,False
gsm8k,propcalc,"Ten stalls have 20 cows each. Mr. Sylas buys 40 cows and divides them equally, p",ok,399,192,195,192,195,3.0,True,True,True,True,False,False,False,False,True,,True,False,False,2,2,eq_rhs,changed,195,192,,calculation,False,,False
gsm8k,propcalc,Nancy is returning her overdue books to the library. She owes $0.50 cents each o,ok,145,4.00,6.0,4,6,2.0,True,True,True,True,False,False,False,True,False,,True,False,False,2,2,eq_rhs,changed,8,6,,calculation,False,,False
gsm8k,propcalc,Andrea has 8 more apples than Jamal and half as many bananas as Jamal. Jamal has,ok,271,24,27,24,27,3.0,True,True,True,True,False,False,False,False,False,,True,False,False,4,4,eq_rhs,changed,171,168,,calculation,False,,False
gsm8k,propcalc,There are 6 trees in Chris's yard.  Ferdinand has half the number of trees that ,ok,90,3,0,3,0,-3.0,True,True,True,True,False,False,False,False,False,,True,False,False,2,2,eq_rhs,changed,11,8,,calculation,True,directly redoes calculation,False
gsm8k,propcalc,"Carmen has $100, Samantha has $25 more than Carmen, and Daisy has $50 more than ",ok,87,125.,123,125,123,-2.0,True,True,True,True,False,False,False,False,False,,True,False,False,2,2,eq_rhs,not_analyzable,,400,,calculation,False,,False
gsm8k,propcalc,It takes 20 minutes for the oil to heat up to 300 degrees.  It then takes 40% lo,ok,713,91,88,91,88,-3.0,True,True,True,True,False,False,False,False,True,,True,False,False,0,0,no_verified_eqs,not_analyzable,,91,,calculation,False,,False
gsm8k,propcalc,"Terri is knitting a sweater with two sleeves, a collar, and a decorative rosette",ok,345,1170,1171,1170,1171,1.0,True,True,True,True,False,False,False,False,False,,True,False,False,5,5,eq_rhs,changed,314.5,315,,calculation,False,,False
gsm8k,propcalc,"It's April, and Mrs. Rylan has been busy on her farm planting different types of",ok,333,2400.,2397,2400,2397,-3.0,True,True,True,True,False,False,False,False,False,,True,False,False,1,1,prose_mid,changed,3197,3200,,calculation,False,,False
gsm8k,propcalc,"Carly had 80 cards, 2/5 of the cards had the letter A on them, 1/2 of the remain",ok,523,15,16,15,16,1.0,True,True,True,True,False,False,False,False,False,,True,False,False,6,6,eq_rhs,changed,8,9,,calculation,False,,False
gsm8k,propcalc,A car in the fast lane is traveling at 60 miles/hour. A car in the slow lane is ,ok,655,16,18,16,18,2.0,True,True,True,True,False,False,False,False,True,,True,False,False,0,0,no_verified_eqs,not_analyzable,,16,,NOJOIN,NOJOIN,NOJOIN,False
gsm8k,propcalc,Susan earns $5 every 10 minutes for an online task she does. If she works betwee,ok,191,2.5,-0.5,2.5,-0.5,-3.0,True,True,True,True,False,False,False,False,False,,True,False,False,0,0,no_verified_eqs,not_analyzable,,75,,calculation,True,complete hallucination,False
gsm8k,propcalc,"Three friends: Mike, Jim, and Tony decided to play a game. After 3 rounds Mike h",ok,150,42,40,42,40,-2.0,True,True,True,True,False,False,False,False,False,,True,False,False,2,2,prose_mid,not_analyzable,,83,,calculation,False,,False
gsm8k,propcalc,Each person in a certain household consumes 0.2 kg of rice every meal. Supposing,ok,190,1,0,1,0,-1.0,True,True,True,True,False,False,False,False,False,,True,False,False,0,0,no_verified_eqs,not_analyzable,,3,,calculation,True,states correct value,False
gsm8k,propcalc,Sam sells bread. He has a target of selling 120 crates of bread in a week. One w,ok,291,65,63,65,63,-2.0,True,True,True,True,False,False,False,False,False,,True,False,False,2,2,eq_rhs,changed,57,55,,calculation,False,,False
gsm8k,propcalc,A bakery produces 60 loaves of bread each day. Two-thirds of the loaves are sold,ok,255,20,23,20,23,3.0,True,True,True,True,False,False,False,False,False,,True,False,False,1,1,eq_rhs,not_analyzable,,10,,calculation,False,,False
gsm8k,propcalc,"Trent is 5 years older than Jane, and Jane is 3 years younger than Quinn. If Qui",ok,116,27,28,27,28,1.0,True,True,True,True,False,False,False,False,False,,True,False,False,2,2,eq_rhs,changed,33,32,,calculation,False,,False
gsm8k,propcalc,"Six years ago, when Noah was half as old as Cera, the population of Chile was ha",ok,109,40,43,40,43,3.0,True,True,True,True,False,False,False,False,False,,True,False,False,4,4,eq_rhs,changed,129000,120000,,calculation,False,,False
gsm8k,propcalc,Solomon bought 20 marbles from his friend Johanna and added them to a store that,ok,269,8,6,8,6,-2.0,True,True,True,True,False,False,False,False,False,,True,False,False,3,3,prose_mid,changed,152,156,,calculation,False,,False
gsm8k,propcalc,John fills a 6 foot by 4 foot pool that is 5 feet deep.  It cost $.1 per cubic f,ok,231,120,119,120,119,-1.0,True,True,True,True,False,False,False,False,False,,True,False,False,0,0,no_verified_eqs,not_analyzable,,12,,calculation,False,,False
gsm8k,propcalc,The ratio of the electric poles and electric wires needed to connect and supply ,ok,468,15,14,15,14,-1.0,True,True,True,True,False,False,False,False,True,,False,False,False,2,0,no_verified_eqs,not_analyzable,,15,,calculation,False,,False
gsm8k,propcalc,A magazine costs half as much as a book. The book costs $4. A pen costs $1 less ,ok,137,2,0,2,0,-2.0,True,True,True,True,False,False,False,False,False,,False,False,False,2,2,eq_operand,changed,-1,1,,other,True,directly redoes calculation,False
gsm8k,propcalc,Jaime is a computer programmer for a company that currently has employed 100 peo,ok,170,40,41,40,41,1.0,True,True,True,True,False,False,False,False,False,,True,False,False,5,5,prose_mid,changed,223600,224000,,calculation,False,,False
gsm8k,propcalc,The cell-phone recharges at the rate of 1 percentage-point of charge per 3 minut,ok,330,120,117,120,117,-3.0,True,True,True,True,False,False,False,False,False,,True,False,False,3,2,eq_rhs,changed,1.95,2,,calculation,False,,False
gsm8k,propcalc,Erin has 7 lollipops. Her mother gives Erin another 10 lollipops. If Erin gives ,ok,82,17,18,17,18,1.0,True,True,True,True,False,False,False,False,False,,True,False,False,2,2,eq_rhs,changed,15,14,,calculation,False,,False
gsm8k,propcalc,Robert wants to buy a bookshelf and a sofa and has received two offers. Furnitur,ok,202,"3,450","3,448",3450,3448,-2.0,True,True,True,True,False,False,False,False,False,,True,False,False,4,4,eq_rhs,not_analyzable,,100,,calculation,False,,False
gsm8k,propcalc,Mason needs 30 ounces of sugar to make a batch of suckers and 70 ounces of sugar,ok,227,240,243,240,243,3.0,True,True,True,True,False,False,False,False,False,,True,False,False,0,0,no_verified_eqs,not_analyzable,,310,,calculation,False,,False
gsm8k,propcalc,"A pink frog weighs the same as a blue beetle, the same as a green toad, 10 pound",ok,714,260,262,260,262,2.0,True,True,True,True,False,False,False,False,True,,True,False,False,4,4,eq_rhs,changed,262,260,,calculation,False,,False
gsm8k,propcalc,Davos bought 2 shirts from the mall that cost $30 each. If he bought them with a,ok,178,12,10,12,10,-2.0,True,True,True,True,False,False,False,False,False,,True,False,False,3,3,eq_rhs,changed,40,36,,calculation,False,,False
gsm8k,propcalc,"After Andrea saved some money, she then spent the rest of her money on an $11 sw",ok,160,15,17,15,17,2.0,True,True,True,True,False,False,False,False,False,,True,False,False,2,2,eq_rhs,changed,19,21,,calculation,False,,False
gsm8k,propcalc,"Carver just turned 45 years old, which makes him 5 years less than twice the age",ok,173,2,3,2,3,1.0,True,True,True,True,False,False,False,False,False,,True,False,True,1,0,no_verified_eqs,not_analyzable,,25,,calculation,False,,False
gsm8k,propcalc,"To be promoted to the next school year, Jane takes 3 tests that together must to",ok,383,9,10,9,10,1.0,True,True,True,True,False,False,False,False,True,,True,False,False,2,2,eq_rhs,changed,10,9,,calculation,False,,False
gsm8k,propcalc,3 customers were kicked out of the Walmart for refusing to wear masks. A number ,ok,204,7,5,7,5,-2.0,True,True,True,True,True,True,True,False,False,,True,False,False,4,4,eq_rhs,unchanged,19,19,,calculation,False,,False
gsm8k,propcalc,Mary has 30 sheep. She gets 1 kg of milk from half of them and 2 kg of milk from,ok,721,45,43,45,43,-2.0,True,True,True,True,False,False,False,False,True,,True,False,False,2,0,no_verified_eqs,not_analyzable,,45,,calculation,True,complete hallucination,False
gsm8k,propcalc,There are 40 pupils in a class. Half of the class likes blue. One-fourth of the ,ok,339,15,17,15,17,2.0,True,True,True,True,False,False,False,False,True,,True,False,False,2,0,no_verified_eqs,not_analyzable,,15,,calculation,False,,False
gsm8k,propcalc,"Lucy sells apples from her orchard at $4 per piece. On Monday, she sold all the ",ok,353,24,26,24,26,2.0,True,True,True,True,False,False,False,False,False,,True,False,False,2,2,eq_rhs,not_analyzable,,50,,calculation,False,,False
gsm8k,propcalc,The ratio of popsicles that Betty and Sam have is 5:6. If the total number of po,ok,70,11.,13,11,13,2.0,True,True,True,True,False,False,False,False,False,,True,False,False,5,5,eq_rhs,changed,12.692307692,15,,NOJOIN,NOJOIN,NOJOIN,False
gsm8k,propcalc,"Carol spends 4 hours writing a song, half that much time recording it, and 90 mi",ok,446,7.5,4.5,7.5,4.5,-3.0,True,True,True,True,False,False,False,False,False,,True,False,False,1,1,after_last_eq,not_analyzable,,20,,calculation,False,,False
gsm8k,propcalc,"Alice is 7 years older than Beth, who is 5 years older than Erica. What is the d",ok,207,42,43,42,43,1.0,True,True,True,True,False,False,False,False,False,,True,False,False,3,3,eq_rhs,changed,13,12,,calculation,False,,False
gsm8k,propcalc,A builder works for 4 weeks every month and for 6 days every week. If he gets pa,ok,188,1200,1198,1200,1198,-2.0,True,True,True,True,False,False,False,False,False,,True,False,False,0,0,no_verified_eqs,not_analyzable,,14400,,calculation,False,,False
gsm8k,propcalc,Tyson decided to make muffaletta sandwiches for the big game.  Each sandwich req,ok,733,50,48,50,48,-2.0,True,True,True,True,False,False,False,False,True,,True,False,False,5,5,eq_rhs,changed,48,50,,calculation,False,,False
gsm8k,propcalc,"At Allan's house, there is twice as much corn as cannolis. He has a total of 40 ",ok,214,100,101,100,101,1.0,True,True,True,True,False,False,False,False,False,,True,False,False,5,5,eq_rhs,changed,202,200,,other,True,states correct value,False
gsm8k,propcalc,A herd consists of camels and dromedaries. There are 180 heads and 304 bumps. Ho,ok,307,2,4,2,4,2.0,True,True,True,True,False,False,False,False,False,,False,False,True,0,0,no_verified_eqs,not_analyzable,,56,,calculation,True,complete hallucination,False
gsm8k,propcalc,"Stanley was standing on the side of the mountain, at an elevation of 10,000 feet",ok,164,"6,000","6,002",6000,6002,2.0,True,True,True,True,False,False,False,False,False,,True,False,False,2,2,eq_rhs,changed,3002,3000,,calculation,False,,False
gsm8k,propcalc,"There were 50 cats on a rock. Four boats came and carried away 5 cats each, and ",ok,457,12,9,12,9,-3.0,True,True,True,True,False,False,False,False,True,,True,False,False,4,4,eq_rhs,changed,9,12,,calculation,False,,False
gsm8k,propcalc,15 gallons of gas were equally divided into 5 different containers. Josey needed,ok,263,8,6,8,6,-2.0,True,True,True,True,False,False,False,True,False,,False,False,False,3,3,prose_mid,changed,4.5,6,,commonsense,False,,False
gsm8k,propcalc,"On a certain day, the total cost of filling up 20 helium balloons was $900. Two ",ok,172,45,46,45,46,1.0,True,True,True,True,False,False,False,False,False,,True,False,False,3,3,eq_rhs,changed,11220,11050,,calculation,False,,False
gsm8k,propcalc,"A car is on a road trip and drives 60 mph for 2 hours, and then 30 mph for 1 hou",ok,154,120,121,120,121,1.0,True,True,True,True,False,False,False,False,False,,True,False,False,3,3,eq_rhs,not_analyzable,,50,,calculation,True,complete hallucination,False
gsm8k,propcalc,Jenna starts out with 8 sapphires. She trades 3 sapphires for two rubies. If sap,ok,144,5,8,5,8,3.0,True,True,True,True,True,True,True,False,False,,True,False,False,4,4,eq_rhs,changed,8800,6400,,calculation,True,complete hallucination,False
gsm8k,propcalc,Grayson recycles cans and bottles for money each week. An aluminum can is worth ,ok,314,5,4,5,4,-1.0,True,True,True,True,False,False,False,False,False,,False,False,True,4,4,prose_mid,changed,72,84,,other,False,,False
gsm8k,propcalc,Shondra has 7 fewer plants than Toni. Toni has 60% more plants than Frederick. I,ok,308,16,14,16,14,-2.0,True,True,True,True,False,False,False,False,False,,True,False,False,0,0,no_verified_eqs,not_analyzable,,9,,calculation,False,,False
gsm8k,propcalc,Theo bought a pen for $2 and a piece of paper that cost $1 less than three times,ok,199,5.,4,5,4,-1.0,True,True,True,True,False,False,False,False,False,,True,False,False,2,2,eq_rhs,unchanged,3,3,,calculation,False,,False
gsm8k,propcalc,It takes 240 minutes of walking to break in a new pair of shoes. Jason wants to ,ok,117,3,2,3,2,-1.0,True,True,True,True,False,False,False,False,False,,False,False,True,2,2,prose_mid,changed,30,20,,other,False,,False
gsm8k,propcalc,A company decided to take its employees on a tour to explore an ancient site. Th,ok,147,600,598,600,598,-2.0,True,True,True,True,False,False,False,False,False,,True,False,False,3,3,eq_rhs,changed,619,621,,calculation,True,directly redoes calculation,False
gsm8k,propcalc,"Belen has two kinds of pennies, a 2010 penny and a 1959 penny. The 2010 penny is",ok,434,84,86,84,86,2.0,True,True,True,True,False,False,False,False,True,,True,False,False,0,0,no_verified_eqs,not_analyzable,,84,,calculation,False,,False
gsm8k,propcalc,Heather's razors come 4 to a pack and cost $4.00 a pack.  They are currently on ,ok,344,8,6,8,6,-2.0,True,True,True,True,False,False,False,False,False,,True,False,False,3,3,eq_rhs,not_analyzable,,25,,calculation,True,explicitly identifies error,False
gsm8k,propcalc,Cherrie wants to buy Christmas gifts for her 5 friends. 2 of her friends want 5 ,ok,205,6,5,6,5,-1.0,True,True,True,True,True,True,True,False,False,,True,False,False,4,4,eq_rhs,changed,25,26,,calculation,True,partial hallucination,False
gsm8k,propcalc,The rug is 5 feet wider than the chair. The couch is 2 feet longer than twice th,ok,303,16,18,16,18,2.0,True,True,True,True,False,False,False,True,False,,True,False,False,3,3,eq_rhs,changed,20,18,,calculation,False,,False
gsm8k,propcalc,The farm has 30 cows and the zoo has 20 sheep.  The zoo has twice as many cows a,ok,499,80,79,80,79,-1.0,True,True,True,True,False,False,False,False,False,,True,False,False,5,5,eq_rhs,changed,119,120,,calculation,False,,False
gsm8k,propcalc,"A house and a lot cost $120,000. If the house cost three times as much as the lo",ok,600,"90,000","90,001",90000,90001,1.0,True,True,True,True,False,False,False,False,True,,True,False,False,1,1,eq_rhs,changed,90001,90000,,calculation,True,complete hallucination,False
gsm8k,propcalc,On average Joe throws 25 punches per minute.  A fight lasts 5 rounds of 3 minute,ok,273,375,377,375,377,2.0,True,True,True,True,False,False,False,False,True,,True,False,False,2,2,eq_rhs,changed,377,375,,calculation,True,complete hallucination,False
gsm8k,propcalc,Ali has four $10 bills and six $20 bills that he saved after working for Mr. Jam,ok,337,80,78,80,78,-2.0,True,True,True,True,False,False,False,False,False,,True,False,False,7,7,eq_rhs,changed,32.8,32,,calculation,False,,False
gsm8k,propcalc,It's strawberry-picking time on Grandma Concetta's farm.  Tony can pick 6 quarts,ok,220,2,3,2,3,1.0,True,True,True,True,False,False,False,False,False,,False,False,True,4,4,eq_operand,changed,38,29,,other,True,complete hallucination,False
gsm8k,propcalc,Ophelia and Jenna are living in the same apartment building. They each have 2 fe,ok,292,64,61,64,61,-3.0,True,True,True,True,False,False,False,False,False,,True,False,False,4,4,eq_rhs,changed,169,172,,calculation,False,,False
gsm8k,propcalc,"Errol bought a computer, 2 monitors, and a printer for $2,400. He paid $400 less",ok,291,1800,1798,1800,1798,-2.0,True,True,True,True,False,False,False,False,False,,True,False,False,4,4,eq_rhs,changed,301,300,,calculation,False,,False
gsm8k,propcalc,Twenty kids went out on a school trip. In one of the several activities they par,ok,312,600,603,600,603,3.0,True,True,True,True,False,False,False,False,False,,True,False,False,4,4,eq_rhs,changed,301.5,300,,calculation,True,complete hallucination,False
gsm8k,propcalc,Emma can make and upload 72 vlogs per month. But she was only able to make 18 vl,ok,199,54,53,54,53,-1.0,True,True,True,True,False,False,False,False,False,,True,False,False,0,0,no_verified_eqs,not_analyzable,,18,,calculation,False,,False
gsm8k,propcalc,Jonathan was sad to learn he needed 2 more toys than he already had to have enou,ok,181,400,398,400,398,-2.0,True,True,True,True,False,False,False,True,False,,True,False,False,2,2,eq_rhs,changed,396,398,,calculation,False,,False
gsm8k,propcalc,How much does it cost you for lunch today at Subway if you pay $40 for a foot-lo,ok,214,120,121,120,121,1.0,True,True,True,True,False,False,False,False,False,,True,False,False,2,2,eq_rhs,changed,161,160,,calculation,False,,False
gsm8k,propcalc,"In the first week, Judy read for 15 minutes each night before going to sleep. In",ok,310,4,2,4,2,-2.0,True,True,True,True,True,True,True,False,False,,True,False,False,4,3,prose_mid,changed,170,240,,calculation,False,,False
gsm8k,propcalc,The tooth fairy left Sharon $5.00 in exchange for the first tooth Sharon lost.  ,ok,253,0.50,3.5,0.5,3.5,3.0,True,True,True,True,False,False,False,False,False,,True,False,True,4,4,eq_rhs,changed,15,9,,calculation,True,complete hallucination,False
gsm8k,propcalc,"Three teenagers are playing soccer on the weekend. Richie, the first teenager, s",ok,164,60,62,60,62,2.0,True,True,True,True,False,False,False,False,False,,True,False,False,2,2,eq_rhs,not_analyzable,,175,,calculation,False,,False
gsm8k,propcalc,Michael is replacing the carpet in his bedroom.  The new carpet he's chosen cost,ok,943,7344,7347,7344,7347,3.0,True,True,True,True,False,False,False,False,False,,True,False,False,6,6,eq_rhs,changed,11235,11232,,calculation,False,,False
gsm8k,propcalc,Judy bought a dozen cups and twice as many dishes as cups to take to the church',ok,506,120,118,120,118,-2.0,True,True,True,True,False,False,False,False,True,,True,False,False,3,3,eq_rhs,changed,118,120,,calculation,False,,False
gsm8k,propcalc,Jerry is twice as old as he was 5 years ago. How old will Jerry be in 3 years?,ok,599,13,16,13,16,3.0,True,True,True,True,False,False,False,False,True,,True,False,False,1,1,eq_rhs,changed,16,13,,calculation,True,complete hallucination,False
gsm8k,propcalc,The jumbo bottle of shampoo costs $24.00.  The directions say to use 2 pumps of ,ok,280,240,237,240,237,-3.0,True,True,True,True,False,False,False,False,False,,True,False,False,0,0,no_verified_eqs,not_analyzable,,10,,calculation,False,,False
gsm8k,propcalc,Juan wants to add croissants to his bakery menu.  It takes 1/4 pound of butter t,ok,429,7,9,7,9,2.0,True,True,True,True,False,False,False,False,True,,False,False,False,0,0,no_verified_eqs,not_analyzable,,7,,commonsense,False,,False
gsm8k,propcalc,The basketball team went to the steakhouse to eat dinner.  The first player ate ,ok,204,1,-2,1,-2,-3.0,True,True,True,True,False,False,False,False,False,,False,False,True,3,3,prose_mid,changed,6,30,,other,True,directly redoes calculation,True
gsm8k,propcalc,A Reddit group has 1000 members. If each member posts an average of 3 posts per ,ok,210,3000,3002,3000,3002,2.0,True,True,True,True,False,False,False,False,False,,True,False,False,1,1,eq_rhs,not_analyzable,,93000,,calculation,False,,False
gsm8k,propcalc,Each pole on a road intersection has 4 street lights. If the number of poles at ,ok,181,24,26,24,26,2.0,True,True,True,True,False,False,False,False,False,,True,False,False,3,3,eq_rhs,changed,84,76,,calculation,True,explicitly identifies error,False
gsm8k,propcalc,"Max bought stamps at the post office. Some of the stamps had a snowflake design,",ok,129,19,22,19,22,3.0,True,True,True,True,False,False,False,False,False,,True,False,False,3,3,eq_rhs,changed,51,45,,calculation,False,,False
gsm8k,propcalc,Tommy caught 3 more fish than Darren and Darren caught 6 less than Naomi. If Nao,ok,149,11,14,11,14,3.0,True,True,True,True,False,False,False,True,False,,True,False,False,2,2,eq_rhs,changed,17,14,,calculation,False,,False
gsm8k,propcalc,Julie operates the cash register exactly twice as fast as her less-experienced c,ok,372,150,153,150,153,3.0,True,True,True,True,False,False,False,False,False,,True,False,False,3,3,eq_rhs,changed,1071,1050,,calculation,False,,False
gsm8k,propcalc,"Reggie, Lynn, and Paisley ran together. Paisley ran 4 miles. Reggie ran 5 times ",ok,222,17,16,17,16,-1.0,True,True,True,True,False,False,False,False,True,,True,False,False,2,2,eq_rhs,changed,16,17,,calculation,False,,False
gsm8k,propcalc,Bill is ordering a new truck. He has decided to purchase a two-ton truck with se,ok,182,"2,500","2,503",2500,2503,3.0,True,True,True,True,False,False,False,False,False,,True,False,False,1,1,prose_mid,not_analyzable,,43500,,calculation,False,,False
gsm8k,propcalc,James buys a new wardrobe.  He buys 10 suits and 10 dress pants.  He also buys 3,ok,160,150,152,150,152,2.0,True,True,True,True,False,False,False,False,False,,True,False,False,6,6,eq_rhs,changed,10820,10800,,calculation,False,,False
gsm8k,propcalc,Steve is 60 years old. His wife is 4 years older than him. Their son is currentl,ok,243,29,27,29,27,-2.0,True,True,True,True,False,False,False,False,True,,True,False,False,0,0,no_verified_eqs,not_analyzable,,29,,calculation,True,complete hallucination,False
gsm8k,propcalc,James hires a horse-drawn carriage from 5 PM to 9 PM.  He gets 1 hour free.  The,ok,485,75,74,75,74,-1.0,True,True,True,True,False,False,False,False,True,,True,False,False,3,3,eq_rhs,changed,74,75,,calculation,False,,False
gsm8k,propcalc,A pound of almonds costs $10 while a pound of walnuts costs $15. How much more d,ok,532,7,8,7,8,1.0,True,True,True,True,False,False,False,False,False,,True,False,False,3,3,eq_rhs,changed,2,3,,calculation,False,,False
gsm8k,propcalc,John decides to take a cooking class.  The class meets 4 times a week for 2 hour,ok,134,8,5,8,5,-3.0,True,True,True,True,False,False,False,False,False,,True,False,False,3,3,eq_rhs,changed,20,32,,calculation,True,explicitly identifies error,False
gsm8k,propcalc,"Rayna has 60 more dollars than Kassidy, and Kassidy has 3/4 times as much money ",ok,209,90,91,90,91,1.0,True,True,True,True,False,False,False,False,False,,True,False,False,4,4,eq_rhs,changed,120.666666667,120,,calculation,False,,False
gsm8k,propcalc,Sarah’s basketball games are 4 quarters that are each 12 minutes long. In the la,ok,243,5,6,5,6,1.0,True,True,True,True,False,False,False,False,False,,False,False,True,0,0,no_verified_eqs,not_analyzable,,53,,other,False,,False
gsm8k,propcalc,"Catherine goes to the grocery store. She buys 1 kilo of apples for $4, 2 kilos o",ok,278,6,5,6,5,-1.0,True,True,True,True,False,False,False,False,False,,True,False,False,4,4,eq_rhs,changed,13,14,,calculation,True,complete hallucination,False
gsm8k,propcalc,Manolo bought five lollipops and four candies that cost $3.20. If each lollipop ,ok,388,0.30,3.3,0.3,3.3,3.0,True,True,True,True,False,False,False,False,False,,True,False,False,6,6,eq_rhs,changed,37,7,,calculation,True,complete hallucination,False
gsm8k,propcalc,Brittany's quilted comforter has many 1-foot by 1-foot colored squares. The comf,ok,125,18,16,18,16,-2.0,True,True,True,True,False,False,False,False,False,,True,False,False,4,4,eq_rhs,changed,62,68,,calculation,False,,False
gsm8k,propcalc,Great Grandma Jones has three children.  And each of her children has three chil,ok,214,27,26,27,26,-1.0,True,True,True,True,False,False,False,False,True,,True,False,False,2,2,eq_rhs,changed,26,27,,calculation,True,complete hallucination,False
gsm8k,propcalc,Ginger and Amy both start with 100 pieces of Halloween candy. Ginger eats 4 piec,ok,78,14,16,14,16,2.0,True,True,True,True,False,False,False,False,True,,True,False,False,0,0,no_verified_eqs,not_analyzable,,14,,calculation,False,,False
gsm8k,propcalc,"A company wanted to buy 500 computers and had $700 for each computer. However, w",ok,413,"385,000","384,999",385000,384999,-1.0,True,True,True,True,False,False,False,False,True,,True,False,False,2,2,eq_rhs,changed,384999,385000,,calculation,True,complete hallucination,False
gsm8k,propcalc,"100 people apply for a job at Google. Of the people that apply, only 30% receive",ok,224,6,8,6,8,2.0,True,True,True,True,False,False,False,False,False,,False,False,False,3,3,prose_mid,changed,2.666666667,2,,calculation,False,,False
gsm8k,propcalc,Goldy bought 20 sacks of rice and gave 3 sacks to her cousin and 4 sacks to her ,ok,112,7,4,7,4,-3.0,True,True,True,True,True,True,True,False,False,,True,False,False,0,0,no_verified_eqs,not_analyzable,,175,,calculation,False,,False
gsm8k,propcalc,Parker chews 4 pieces of gum a day.  A pack of gum has 15 pieces of chewing gum ,ok,397,8,7,8,7,-1.0,True,True,True,True,False,False,False,False,True,,True,False,False,2,2,eq_rhs,changed,7,8,,calculation,False,,False
gsm8k,propcalc,Each sleeve of graham crackers makes the base for 8 large smores.  There are 3 s,ok,219,24,25,24,25,1.0,True,True,True,True,False,False,False,False,False,,True,False,False,4,4,eq_rhs,not_analyzable,,1,,calculation,False,,False
gsm8k,propcalc,Alice has 6 more books than Steven. Clara has two times as many books as Steven.,ok,256,10,12,10,12,2.0,True,True,True,True,False,False,False,False,False,,True,False,False,3,3,eq_rhs,changed,2,4,,calculation,False,,False
gsm8k,propcalc,"Jeremy saw 12 birds in their backyard and threw a stone at them, scaring away 1/",ok,134,4,5,4,5,1.0,True,True,True,True,False,False,False,False,False,,True,False,False,3,3,eq_rhs,changed,27,28,,calculation,False,,False
gsm8k,propcalc,"In a certain school, two classes have a total of 80 students. Each class has the",ok,169,2,0,2,0,-2.0,True,True,True,True,False,False,False,False,False,,False,False,True,3,3,prose_mid,unchanged,24,24,,other,True,explicitly identifies error,False
gsm8k,propcalc,Carl has four times as many marbles as Sean and Sean has half as many marbles as,ok,302,4,3,4,3,-1.0,True,True,True,True,False,False,False,False,False,,False,False,True,3,3,prose_mid,changed,280,336,,other,False,,True
gsm8k,propcalc,20% of 50 people think horse #2 will win the big race.  60% of the remaining peo,ok,124,10,7,10,7,-3.0,True,True,True,True,True,False,True,False,False,,True,False,False,4,4,eq_rhs,changed,17.2,16,,calculation,False,,False
gsm8k,propcalc,Marissa bought a ball at the store for $20. If she had $80 on her and used the r,ok,300,12,9,12,9,-3.0,True,True,True,True,False,False,False,False,True,,True,False,False,2,2,eq_rhs,changed,9,12,,calculation,False,,False
gsm8k,propcalc,Ava and Emma want to know who is better at the new video game Ava got for her bi,ok,599,120,123,120,123,3.0,True,True,True,True,False,False,False,False,False,,False,False,False,0,0,no_verified_eqs,not_analyzable,,25,,calculation,False,,False
gsm8k,propcalc,Four friends ordered four pizzas for a total of 64 dollars. If two of the pizzas,ok,228,34,33,34,33,-1.0,True,True,True,True,False,False,False,False,False,,True,False,False,2,2,eq_rhs,changed,16.5,17,,calculation,False,,False
gsm8k,propcalc,Mike needed a new pair of jeans.  When he got to the mall he saw that his favori,ok,138,10.,11,10,11,1.0,True,True,True,True,False,False,False,False,False,,True,False,False,3,3,eq_rhs,changed,21,20,,calculation,False,,False
gsm8k,propcalc,"Carrie is planning the caroling schedule. The choir plans to sing ""Deck the Hall",ok,575,540,537,540,537,-3.0,True,True,True,True,False,False,False,False,True,,True,False,False,1,1,after_last_eq,not_analyzable,,540,,calculation,True,complete hallucination,False
gsm8k,propcalc,"When Billy was first hired, he was paid at a rate of $10 per hour.  After 2 mont",ok,229,11.50,10.5,11.5,10.5,-1.0,True,True,True,True,False,False,False,False,False,,True,False,False,3,3,eq_rhs,unchanged,20,20,,calculation,False,,False
gsm8k,propcalc,Kris is trying to earn a video game achievement for playing a total of 30 hours.,ok,179,7,6,7,6,-1.0,True,True,True,True,False,False,False,False,False,,True,False,False,4,4,eq_rhs,changed,12,9,,calculation,False,,False
gsm8k,propcalc,Two cars are driving on a highway.  The first car is traveling at an average spe,ok,184,10,13,10,13,3.0,True,True,True,True,False,False,False,False,False,,True,False,False,2,2,eq_rhs,changed,26,20,,calculation,False,,False
gsm8k,propcalc,Janet is collecting the results of Herbert Hoover Elementary School's annual sta,ok,567,320,323,320,323,3.0,True,True,True,True,False,False,False,False,False,,True,False,False,6,6,eq_rhs,not_analyzable,,70,,calculation,False,,False
gsm8k,propcalc,John and DeSean bought a bag of marshmallows to make s'mores together. The bag h,ok,181,21,24,21,24,3.0,True,True,True,True,False,False,False,False,False,,True,False,False,3,3,eq_rhs,changed,5.5,7,,calculation,False,,False
gsm8k,propcalc,Britany records 18 4-minute TikTok videos each week. She spends 2 hours a week w,ok,113,72,69,72,69,-3.0,True,True,True,True,False,False,False,False,False,,True,False,False,5,5,eq_rhs,changed,1116,1128,,calculation,True,directly redoes calculation,False
gsm8k,propcalc,An interior design firm offers installation for $129.00.  It includes hanging 4 ,ok,420,195.00,192.0,195,192,-3.0,True,True,True,True,False,False,False,False,False,,True,False,False,2,2,eq_rhs,changed,321,324,,calculation,False,,False
gsm8k,propcalc,Roy has saved 40% more in money earned by chores than his brother Anthony.  Anth,ok,171,30,29,30,29,-1.0,True,True,True,True,False,False,False,False,False,,True,False,False,3,3,eq_rhs,changed,40.6,42,,calculation,False,,False
gsm8k,propcalc,"Patrick has three glue sticks that are partially used. One has 1/6 left, the sec",ok,315,8,5,8,5,-3.0,True,True,True,True,False,False,False,False,False,,True,False,False,3,0,no_verified_eqs,not_analyzable,,16,,calculation,False,,False
gsm8k,propcalc,"While on vacation in Bali, Thea bought a hat from a craftsman worth $70. If she ",ok,80,80,82,80,82,2.0,True,True,True,True,False,False,False,False,False,,True,False,False,2,2,eq_rhs,changed,12,10,,calculation,False,,False
gsm8k,propcalc,Craig has 2 twenty dollar bills. He buys six squirt guns for $2 each.  He also b,ok,383,9,11,9,11,2.0,True,True,True,True,False,False,False,False,False,,True,False,False,5,5,eq_rhs,changed,17,19,,calculation,False,,False
gsm8k,propcalc,Peter has twice as many socks as Jack and half times as many dishes as jack. Jac,ok,122,2,5,2,5,3.0,True,True,True,True,False,False,False,False,False,,False,False,True,3,3,eq_operand,not_analyzable,,180,,other,True,states correct value,False
gsm8k,propcalc,Calvin is making soup for his family for dinner. He has a pot with enough soup t,ok,187,2,3,2,3,1.0,True,True,True,True,False,False,False,False,False,,False,False,True,3,3,prose_mid,not_analyzable,,1,,other,False,,False
gsm8k,propcalc,Jo has been making face masks. She can make 4 small masks with 2 yards of materi,ok,200,0.5,-0.5,0.5,-0.5,-1.0,True,True,True,True,False,False,False,False,False,,True,False,False,0,0,no_verified_eqs,not_analyzable,,16,,calculation,True,complete hallucination,False
gsm8k,propcalc,John drinks a bottle of water every half hour.  A normal sudoku puzzle takes him,ok,187,6,8,6,8,2.0,True,True,True,True,False,False,False,False,True,,True,False,False,0,0,no_verified_eqs,not_analyzable,,6,,calculation,False,,False
gsm8k,propcalc,Bruce works for 5 hours on Tuesday. On Wednesday he works twice the time he work,ok,293,23,26,23,26,3.0,True,True,True,True,False,False,False,False,True,,True,False,False,3,3,eq_rhs,changed,26,23,,calculation,False,,False
gsm8k,propcalc,Julia and Nadine were given the same amount of allowance by their mother. The tw,ok,493,28.,27,28,27,-1.0,True,True,True,True,False,False,False,False,False,,True,False,False,3,3,prose_mid,changed,13.5,14,,calculation,False,,False
gsm8k,propcalc,"Lana is brewing cups of tea for her friends. She has 27 cups, and she divides th",ok,499,2,1,2,1,-1.0,True,True,True,True,False,False,False,False,True,,False,False,False,0,0,no_verified_eqs,not_analyzable,,2,,other,True,states correct value,False
gsm8k,propcalc,Andrew bakes 200 mini cinnamon rolls and 300 mini blueberry muffins. A normal ci,ok,574,40000,39997,40000,39997,-3.0,True,True,True,True,False,False,False,False,False,,True,False,False,5,5,eq_rhs,changed,84997,85000,,calculation,True,directly redoes calculation,False
gsm8k,propcalc,"The combined age of Peter, Paul and Jean is 100 years old. Find the age of Peter",ok,724,50,49,50,49,-1.0,True,True,True,True,False,False,False,False,True,,True,False,False,0,0,no_verified_eqs,not_analyzable,,50,,calculation,True,explicitly identifies error,False
gsm8k,propcalc,James loves to go swimming and has to swim across a 20-mile lake.  He can swim a,ok,118,0.6,-0.4,0.6,-0.4,-1.0,True,True,True,True,False,False,False,False,False,,False,False,False,7,7,prose_mid,changed,22,17,,other,True,directly redoes calculation,True
gsm8k,propcalc,Jasmine's teacher gives stickers for reward. She was given 15 stickers for parti,ok,69,8,10,8,10,2.0,True,True,True,True,False,False,False,False,False,,True,False,False,2,2,eq_rhs,changed,15,13,,calculation,False,,False
gsm8k,propcalc,"Bahati, Azibo, and Dinar each contributed to their team's 45 points. Bahati scor",ok,807,3,4,3,4,1.0,True,True,True,True,False,False,False,False,False,,False,False,False,0,0,no_verified_eqs,not_analyzable,,5,,calculation,False,,False
gsm8k,propcalc,"Robyn sends sixteen emails a day. Seven are work emails, and two-thirds of the r",ok,84,9,6,9,6,-3.0,True,True,True,True,False,False,False,False,False,,True,False,False,0,0,no_verified_eqs,not_analyzable,,1,,calculation,True,explicitly identifies error,False
gsm8k,propcalc,A bird decides to leave her summer home in the north and travel to her winter ho,ok,271,264,263,264,263,-1.0,True,True,True,True,False,False,False,False,False,,True,False,False,5,5,eq_rhs,changed,373,374,,calculation,False,,False
gsm8k,propcalc,"John decides to buy new phones for him, his 2 kids, and his wife.  Each phone af",ok,177,300,297,300,297,-3.0,True,True,True,True,False,False,False,False,False,,True,False,False,4,4,eq_rhs,changed,1794,1800,,calculation,True,directly redoes calculation,False
gsm8k,propcalc,India has 4 more than half the number of states in the USA. What's the total num,ok,112,25.,27,25,27,2.0,True,True,True,True,False,False,False,False,False,,False,False,False,2,2,prose_mid,changed,81,79,,calculation,False,,False
gsm8k,propcalc,Pamela reapplies an ounce of sunscreen every hour she's outside.  Her sunscreen ,ok,154,32,31,32,31,-1.0,True,True,True,True,False,False,False,False,False,,True,False,False,3,3,eq_rhs,changed,3.875,4,,calculation,True,explicitly identifies error,False
gsm8k,propcalc,Katherine has 5 hanging baskets to fill.  In each basket she wants to add 3 petu,ok,223,14.00,16.0,14,16,2.0,True,True,True,True,False,False,False,False,False,,True,False,False,4,4,eq_rhs,changed,80,70,,calculation,False,,False
gsm8k,propcalc,Adam bought himself some new trousers for $30. His mother gave him $6 for this p,ok,174,12.,15,12,15,3.0,True,True,True,True,False,False,False,False,True,,True,False,False,3,3,eq_rhs,changed,9,12,,calculation,False,,False
gsm8k,propcalc,"Four children are playing together—Akbar, Alessandro, Helene, and Wilfred. Helen",ok,133,5,6,5,6,1.0,True,True,True,True,False,False,False,False,False,,True,False,False,4,4,eq_rhs,changed,1,3,,calculation,False,,False
gsm8k,propcalc,Walter is collecting money for charity. First he collects $500 from his neighbor,ok,191,2200.,2197,2200,2197,-3.0,True,True,True,True,False,False,False,False,False,,True,False,False,2,2,eq_rhs,changed,6591,6600,,calculation,False,,False
gsm8k,propcalc,Dylan attended a wedding where there were 100 guests in the reception. Each gues,ok,191,1500,1502,1500,1502,2.0,True,True,True,True,False,False,False,False,False,,True,False,False,0,0,no_verified_eqs,not_analyzable,,50,,calculation,True,explicitly identifies error,False
gsm8k,propcalc,The population of porcupines in a park is 50. The number of female porcupines is,ok,210,30,28,30,28,-2.0,True,True,True,True,False,False,False,False,False,,True,False,False,1,1,prose_mid,unchanged,1490,1490,,calculation,False,,False
gsm8k,propcalc,The Smith family is getting ready for summer and needs to have their swimming po,ok,361,8260,8263,8260,8263,3.0,True,True,True,True,False,False,False,False,False,,True,False,False,0,0,no_verified_eqs,not_analyzable,,826,,calculation,False,,False
gsm8k,propcalc,"Two friends are playing pick-up sticks. While playing, they noticed that there a",ok,217,11,14,11,14,3.0,True,True,True,True,False,True,True,False,False,,True,False,False,3,3,eq_rhs,changed,37,34,,calculation,False,,False
gsm8k,propcalc,Brook Hills High School currently enrolls 3000 students. Half of these students ,ok,79,2,-1,2,-1,-3.0,True,True,True,True,False,False,False,False,False,,False,False,False,7,7,prose_mid,changed,-8250,1875,,other,True,directly redoes calculation,True
gsm8k,propcalc,A tank has a capacity of 18000 gallons. Wanda and Ms. B decided to pump water fr,ok,185,3375,3374,3375,3374,-1.0,True,True,True,True,False,False,False,False,False,,True,False,False,2,2,prose_mid,changed,6001,6000,,calculation,True,complete hallucination,False
gsm8k,propcalc,Maria was charging her power bank before going to the park when she disconnected,ok,425,66,69,66,69,3.0,True,True,True,True,False,False,False,False,False,,True,False,False,2,0,no_verified_eqs,not_analyzable,,94,,calculation,False,,False
gsm8k,propcalc,One dwarf can mine 12 pounds of ore per day with his bare hands. He can mine twi,ok,194,36,33,36,33,-3.0,True,True,True,True,False,False,False,False,False,,True,False,False,0,0,no_verified_eqs,not_analyzable,,43200,,calculation,False,,False
gsm8k,propcalc,A store offers sandwiches in 3 different package sizes: the first package with 2,ok,605,12,9,12,9,-3.0,True,True,True,True,False,False,False,False,True,,True,False,False,0,0,no_verified_eqs,not_analyzable,,12,,calculation,False,,False
gsm8k,propcalc,"As Sally walked to school, she was holding the strings to 25 red balloons, 7 gre",ok,272,6,9,6,9,3.0,True,True,True,True,False,False,False,False,False,,True,False,False,3,3,prose_mid,changed,28,34,,calculation,False,,False
gsm8k,propcalc,On Monday the post office delivered 425 letters. On Tuesday they delivered 17 mo,ok,298,2,3,2,3,1.0,True,True,True,True,False,False,False,False,False,,False,False,True,4,4,prose_mid,changed,838,736,,other,False,,False
gsm8k,propcalc,"There are 26 countries in South America and, in each country, there are 5 cities",ok,158,130,129,130,129,-1.0,True,True,True,True,False,False,False,False,False,,True,False,False,2,2,eq_rhs,changed,129000,130000,,calculation,True,complete hallucination,False
gsm8k,propcalc,John picks 4 bananas on Wednesday. Then he picks 6 bananas on Thursday. On Frida,ok,106,10,7,10,7,-3.0,True,True,True,True,False,False,False,False,False,,True,False,False,0,0,no_verified_eqs,not_analyzable,,22,,calculation,False,,False
gsm8k,propcalc,Greg puts clean sheets on 4 twin beds and 1 king size bed every week.  His laund,ok,534,156,157,156,157,1.0,True,True,True,True,False,False,False,False,True,,True,False,False,3,3,eq_rhs,changed,157,156,,calculation,False,,False
gsm8k,propcalc,Betsy and Donovan made a meal together. Betsy's part took 18 minutes longer than,ok,319,2,5,2,5,3.0,True,True,True,True,False,False,False,False,False,,False,False,False,1,1,prose_mid,unchanged,58,58,,calculation,True,explicitly identifies error,False
gsm8k,propcalc,Hannah slips on a banana peel and breaks her arm. The doctor charges her $200 fo,ok,635,482,481,482,481,-1.0,True,True,True,True,False,False,False,False,True,,True,False,False,1,1,eq_rhs,changed,481,482,,calculation,True,directly redoes calculation,False
gsm8k,propcalc,James gets 80 emails a day.  20% of those emails don't require any response.  He,ok,401,64,66,64,66,2.0,True,True,True,True,False,False,False,False,False,,True,False,False,3,3,eq_rhs,changed,330,320,,calculation,False,,False
gsm8k,propcalc,The glee club ordered 20 pizzas and ate 70% of them. The football team ordered t,ok,421,32,29,32,29,-3.0,True,True,True,True,False,False,False,False,False,,True,False,False,6,6,eq_rhs,changed,17,14,,calculation,False,,False
gsm8k,propcalc,Frankie and Binkie went bowling together.  Frankie's score was 15 better more th,ok,126,195.,196,195,196,1.0,True,True,True,True,False,False,False,False,True,,True,False,False,2,2,eq_rhs,changed,196,195,,calculation,True,directly redoes calculation,False
gsm8k,propcalc,"A Tyrannosaurus rex ate half of a small triceratops it had hunted. When it left,",ok,251,540,542,540,542,2.0,True,True,True,True,False,False,False,False,False,,True,False,False,0,0,no_verified_eqs,not_analyzable,,1080,,calculation,False,,False
gsm8k,propcalc,Tony is painting a room with four walls. The north and south walls are 10 x 8 fe,ok,267,80,78,80,78,-2.0,True,True,True,True,False,False,False,False,False,,True,False,False,3,3,prose_mid,changed,141.61,144,,calculation,True,explicitly identifies error,False
gsm8k,propcalc,Bobby takes a 30 min lunch and 2 15 minutes break per day at the office.  After ,ok,143,60,57,60,57,-3.0,True,True,True,True,False,False,False,False,False,,True,False,False,0,0,no_verified_eqs,not_analyzable,,5,,calculation,False,,False
gsm8k,propcalc,Sheila charged $85.00 worth of merchandise on her credit card.  She ended up ret,ok,576,27,29,27,29,2.0,True,True,True,True,False,False,False,False,False,,True,False,False,6,6,eq_rhs,changed,115,113,,calculation,False,,False
gsm8k,propcalc,Marty has 100 centimeters of ribbon that he must cut into 4 equal parts. Each of,ok,123,25,28,25,28,3.0,True,True,True,True,False,False,False,False,False,,True,False,False,0,0,no_verified_eqs,not_analyzable,,5,,calculation,False,,False
gsm8k,propcalc,My mom went to a gardening shop. She bought a set of pots for $19 and a sack of ,ok,238,38.,40,38,40,2.0,True,True,True,True,False,False,False,False,True,,True,False,False,2,2,eq_rhs,changed,40,38,,calculation,False,,False
gsm8k,propcalc,"Pierre, Paul, and Jacques bought 12 kg of apples. Peter wants a quarter of that ",ok,84,4,6,4,6,2.0,True,True,True,True,False,False,False,False,False,,False,False,False,0,0,no_verified_eqs,not_analyzable,,5,,other,False,,False
gsm8k,propcalc,John visits his parents twice a month.  It takes him 2 hours to drive there at a,ok,685,560,557,560,557,-3.0,True,True,True,True,False,False,False,False,True,,True,False,False,0,0,no_verified_eqs,not_analyzable,,560,,calculation,True,complete hallucination,False
gsm8k,propcalc,"Alfie, the albatross, flies 400 kilometers every day.  If the circumference of t",ok,374,50,51,50,51,1.0,True,True,True,True,False,False,False,False,True,,True,False,False,0,0,no_verified_eqs,not_analyzable,,50,,calculation,True,complete hallucination,False
gsm8k,propcalc,"Liam is 16 years old now. Two years ago, Liam’s age was twice the age of Vince. ",ok,122,7,9,7,9,2.0,True,True,True,True,False,False,False,True,False,,True,False,False,3,3,eq_rhs,changed,11,9,,calculation,False,,False
gsm8k,propcalc,Nik has 200 crayons. He wants to separate them into groups of 8 and put them int,ok,157,25,24,25,24,-1.0,True,True,True,True,False,False,False,False,True,,True,False,False,5,5,eq_rhs,changed,24,25,,calculation,False,,False
gsm8k,propcalc,Jane has saved $4 of her allowance every week for the past 8 weeks. If she conti,ok,254,28.,25,28,25,-3.0,True,True,True,True,False,False,False,False,False,,True,False,False,1,1,eq_rhs,not_analyzable,,7,,calculation,True,explicitly identifies error,False
gsm8k,propcalc,3 trees each had 7 blue birds in them. 2 different trees each had 4 blue birds. ,ok,113,21,22,21,22,1.0,True,True,True,True,False,False,False,False,False,,True,False,False,0,0,no_verified_eqs,not_analyzable,,32,,calculation,False,,False
gsm8k,propcalc,"Bob has a certain number of marbles. If he receives 2 dozen more marbles, he wil",ok,350,36,39,36,39,3.0,True,True,True,True,False,False,False,False,False,,True,False,False,3,3,eq_rhs,changed,29,26,,calculation,False,,False
gsm8k,propcalc,Tim grows 5 trees.  Each year he collects 6 lemons from each tree.  How many lem,ok,334,300,301,300,301,1.0,True,True,True,True,False,False,False,False,True,,True,False,False,2,2,eq_rhs,changed,301,300,,calculation,True,directly redoes calculation,False
gsm8k,propcalc,Faraday owns a flower shop. He sells a sunflower that costs $2 each and a bouque,ok,822,97,100,97,100,3.0,True,True,True,True,False,False,False,False,False,,True,False,False,2,2,after_last_eq,not_analyzable,,291,,calculation,False,,False
gsm8k,propcalc,Chatty prepared three dozen eggs for her four children's Easter activity. Assumi,ok,312,9,11,9,11,2.0,True,True,True,True,False,False,False,False,True,,True,False,False,2,2,eq_rhs,changed,11,9,,calculation,False,,False
gsm8k,propcalc,Sid traveled 110 miles in 2 hours. If Sid then traveled an additional 140 miles ,ok,171,250,251,250,251,1.0,True,True,True,True,False,False,False,False,False,,True,False,False,2,2,eq_rhs,not_analyzable,,50,,calculation,False,,False
gsm8k,propcalc,Carl has a cane that is half as long as he is tall.  Carl is one foot taller tha,ok,170,1,0,1,0,-1.0,True,True,True,True,False,False,False,False,False,,False,False,True,3,3,prose_mid,changed,2.5,3,,other,True,complete hallucination,False
gsm8k,propcalc,Carla just gave birth to identical octuplets. She dresses 3/4 of them in purple ,ok,157,6,8,6,8,2.0,True,True,True,True,False,True,True,False,False,,True,False,False,0,0,no_verified_eqs,not_analyzable,,50,,NOJOIN,NOJOIN,NOJOIN,False
gsm8k,propcalc,Tyrion changes his face mask two times every time he goes out. If he goes out th,ok,190,6,8,6,8,2.0,True,True,True,True,False,False,False,False,False,,True,False,False,2,2,eq_rhs,changed,16,12,,calculation,False,,False
gsm8k,propcalc,Cole hid 3 dozen eggs in the yard for the Easter egg hunt.  Lamar finds 5 eggs. ,ok,683,9,10,9,10,1.0,True,True,True,True,False,True,True,False,True,,True,False,False,6,6,eq_rhs,changed,10,9,,calculation,False,,False
gsm8k,propcalc,Tom has 4 bedrooms in his house.  They measure 20 by 12 feet each.  The living r,ok,141,240,238,240,238,-2.0,True,True,True,True,False,False,False,False,False,,True,False,False,4,4,eq_rhs,changed,3142,3160,,calculation,False,,False
gsm8k,propcalc,Miss Albert's class is composed of 12 boys and 12 girls. One-third of the girls ,ok,405,7,8,7,8,1.0,True,True,True,True,False,False,False,False,False,,True,False,False,4,4,eq_rhs,changed,16,17,,NOJOIN,NOJOIN,NOJOIN,False
gsm8k,propcalc,Mike bought 5 face masks while Johnny bought 2 more than thrice as many as Mike.,ok,201,15,14,15,14,-1.0,True,True,True,True,False,False,False,False,False,,True,False,False,2,2,eq_rhs,changed,16,17,,calculation,True,complete hallucination,False
gsm8k,propcalc,Digimon had its 20th anniversary.  When it came out John was twice as old as Jim,ok,248,4,3,4,3,-1.0,True,True,True,True,False,False,False,False,False,,True,False,False,3,3,eq_rhs,changed,23,24,,calculation,False,,False
gsm8k,propcalc,"Doxa sliced an apple into 8 pieces. She ate 1 slice, her sister ate 1 more than ",ok,138,3,6,3,6,3.0,True,True,True,True,False,False,False,True,False,,True,False,False,3,3,eq_rhs,changed,9,6,,calculation,False,,False
gsm8k,propcalc,"From her science class study, Brady learned that each whale in the sea has 40 ga",ok,339,1200,1201,1200,1201,1.0,True,True,True,True,False,False,False,False,True,,True,False,False,2,2,eq_rhs,changed,1201,1200,,calculation,True,directly redoes calculation,False
gsm8k,propcalc,"John decides to get a loan by mortgaging his home.  His house is worth $250,000.",ok,282,"60,000.","60,001",60000,60001,1.0,True,True,True,True,False,False,False,False,False,,True,False,False,3,3,eq_rhs,changed,39999,40000,,calculation,False,,False
gsm8k,propcalc,"To kick off summer, Jolene is having a water balloon fight with her friends.  Th",ok,184,300,303,300,303,3.0,True,True,True,True,False,False,False,False,False,,True,False,False,2,2,eq_rhs,changed,291,288,,calculation,True,explicitly identifies error,False
gsm8k,propcalc,Stephen borrowed $300 from his sister and promised to return it with an addition,ok,256,275,278,275,278,3.0,True,True,True,True,False,False,False,False,False,,True,False,False,2,2,eq_rhs,not_analyzable,,31,,calculation,False,,False
gsm8k,propcalc,Carly is making cupcakes and brownies for her art class. She makes 2 less than t,ok,409,12.,13,12,13,1.0,True,True,True,True,False,False,False,False,False,,True,False,False,2,2,prose_mid,changed,3.25,3,,calculation,True,explicitly identifies error,False
gsm8k,propcalc,A basic manicure starts at $35 while a pedicure starts at $40. A certain salon o,ok,119,75.,77,75,77,2.0,True,True,True,True,False,False,False,False,False,,True,False,False,2,2,prose_mid,changed,92,90,,calculation,False,,False
gsm8k,propcalc,Bud makes homemade macaroni and cheese once a week.  The pasta costs $1.00 a box,ok,536,520.00,523.0,520,523,3.0,True,True,True,True,False,False,False,False,True,,True,False,False,3,3,eq_rhs,changed,523,520,,calculation,True,complete hallucination,False
gsm8k,propcalc,"Skyler has 100 hats on his hand with the colors red, blue, and white. Half of th",ok,288,30,31,30,31,1.0,True,True,True,True,False,False,False,False,False,,True,False,False,4,4,eq_rhs,changed,19,20,,calculation,False,,False
gsm8k,propcalc,Jason works as a salesperson at a car dealership.  He needs to sell 15 cars this,ok,288,30,32,30,32,2.0,True,True,True,True,False,False,False,False,False,,True,False,False,0,0,no_verified_eqs,not_analyzable,,750,,calculation,False,,False
gsm8k,propcalc,Dominick went to his team's changing room and saw half as many robots as helmets,ok,212,40,38,40,38,-2.0,True,True,True,True,False,False,False,False,False,,True,False,False,3,3,eq_rhs,changed,68,70,,calculation,False,,False
gsm8k,propcalc,Louise is an artist and needs to apply a coat of varnish to her latest paintings,ok,722,30,31,30,31,1.0,True,True,True,True,False,False,False,False,True,,True,False,False,0,0,no_verified_eqs,not_analyzable,,30,,calculation,True,complete hallucination,False
gsm8k,propcalc,There are five phones on a phone plan. The main phone costs twice as much as eac,ok,171,2,5,2,5,3.0,True,True,True,True,False,False,False,False,False,,False,False,True,2,2,prose_mid,not_analyzable,,60,,other,False,,False
gsm8k,propcalc,"Jade bought a new cell phone with an incredible camera, so she spent all week ta",ok,400,5,8,5,8,3.0,True,True,True,True,False,False,False,False,True,,True,False,False,0,0,no_verified_eqs,not_analyzable,,5,,calculation,False,,False
gsm8k,propcalc,Elvis starts driving from his house and travels west for 5 hours. Then he turns ,ok,425,54,55,54,55,1.0,True,True,True,True,False,False,False,False,True,,True,False,False,0,0,no_verified_eqs,not_analyzable,,54,,calculation,False,,False
gsm8k,propcalc,John's car breaks down.  The car weighs 1200 pounds and he has luggage in it wei,ok,123,2,1,2,1,-1.0,True,True,True,True,True,False,True,False,False,,False,False,True,0,0,no_verified_eqs,not_analyzable,,16,,other,True,complete hallucination,False
gsm8k,propcalc,"Tom found 214 seashells, Nancy found 432 seashells, and Benny found 86 seashells",ok,233,732,730,732,730,-2.0,True,True,True,True,False,False,False,False,False,,True,False,False,2,2,eq_rhs,changed,663,665,,calculation,False,,False
gsm8k,propcalc,Steve put together a puzzle that took 10 hours of hard work to complete. Anna pu,ok,182,7,6,7,6,-1.0,True,True,True,True,False,False,False,False,True,,True,False,False,2,2,eq_rhs,changed,6,7,,calculation,False,,False
gsm8k,propcalc,John invited 20 people to a birthday party.  Each guest will eat 2 hot dogs.  He,ok,596,12,10,12,10,-2.0,True,True,True,True,False,False,False,False,True,,True,False,False,4,4,eq_rhs,changed,10,12,,calculation,False,,False
gsm8k,propcalc,Timothy has three times the number of pens that George owns. Sarah has half as m,ok,230,27,28,27,28,1.0,True,True,True,True,False,False,False,False,True,,True,False,False,2,2,eq_rhs,changed,28,27,,calculation,True,directly redoes calculation,False
gsm8k,propcalc,"Randy has 9 oatmeal cookies, 4 chocolate chip cookies, and 5 sugar cookies. He a",ok,554,10,7,10,7,-3.0,True,True,True,True,False,False,False,False,False,,False,False,False,0,0,no_verified_eqs,not_analyzable,,23,,NOJOIN,NOJOIN,NOJOIN,False
gsm8k,propcalc,Nate's dog can dig six holes a day. He digs for 14 days while Nate is on vacatio,ok,646,7,4,7,4,-3.0,True,True,True,True,False,False,False,True,False,,False,False,False,4,4,prose_mid,changed,7,4,,commonsense,False,,False
gsm8k,propcalc,A basket of green food costs $25 and a basket of red food costs $18. If you buy ,ok,260,54,51,54,51,-3.0,True,True,True,True,False,False,False,False,False,,True,False,False,5,5,eq_rhs,changed,120,123,,calculation,False,,False
gsm8k,propcalc,"While working at the restaurant, each of the forty customers who came into the r",ok,431,720.,719,720,719,-1.0,True,True,True,True,False,False,False,False,False,,True,False,False,2,1,eq_rhs,not_analyzable,,1520,,calculation,False,,False
gsm8k,propcalc,Gretchen has some coins. There are 30 more gold coins than silver coins. If she ,ok,225,40,39,40,39,-1.0,True,True,True,True,False,False,False,False,False,,True,False,False,1,1,eq_rhs,not_analyzable,,110,,calculation,False,,False
gsm8k,propcalc,"George, a grade six teacher, ordered 600 burritos for the sixth-grade class picn",ok,110,10,8,10,8,-2.0,True,True,True,True,False,False,False,False,False,,False,False,True,3,3,prose_mid,changed,180,80,,other,False,,False
gsm8k,propcalc,A bumper car rink has 12 red cars. They have 2 fewer green cars than they have r,ok,375,52,53,52,53,1.0,True,True,True,True,False,False,False,False,False,,True,False,False,4,4,eq_rhs,changed,22,23,,calculation,False,,False
gsm8k,propcalc,Amy is taking a history test. She correctly answers 80% of the multiple-choice q,ok,426,15,16,15,16,1.0,True,True,True,True,False,False,False,False,False,,True,False,False,0,0,no_verified_eqs,not_analyzable,,41,,calculation,False,,False
gsm8k,propcalc,"In 10 years, Melanie will be 18 years old. In how many years will her age be thr",ok,334,24,27,24,27,3.0,True,True,True,True,False,False,False,False,False,,True,False,False,1,1,after_last_eq,not_analyzable,,16,,calculation,False,,False
gsm8k,propcalc,Kelly is grocery shopping at a supermarket and is making sure she has enough in ,ok,402,24,22,24,22,-2.0,True,True,True,True,False,False,False,False,False,,True,False,False,8,8,eq_rhs,changed,7,5,,calculation,False,,False
gsm8k,propcalc,"Elaina is holding the final concert in her tour. To celebrate her final concert,",ok,418,50,51,50,51,1.0,True,True,True,True,False,False,False,False,False,,True,False,False,0,0,no_verified_eqs,not_analyzable,,25,,calculation,False,,False
gsm8k,propcalc,A singer has 50 microphones that he wants to arrange in pairs on a stage. While ,ok,303,40,42,40,42,2.0,True,True,True,True,False,False,False,False,False,,True,False,False,1,1,eq_rhs,not_analyzable,,20,,calculation,False,,False
gsm8k,propcalc,Joelle has 5 orchids and 4 African daisies on her balcony.  If the orchids have ,ok,339,40,41,40,41,1.0,True,True,True,True,False,False,False,False,False,,True,False,False,3,3,eq_rhs,changed,16,15,,calculation,True,directly redoes calculation,False
gsm8k,propcalc,A whirligig spins at five times the speed of a thingamabob. A whatchamacallit sp,ok,625,55,57,55,57,2.0,True,True,True,True,False,False,False,False,True,,True,False,False,0,0,no_verified_eqs,not_analyzable,,55,,calculation,True,complete hallucination,False
gsm8k,propcalc,Martin's weight is 55 kg. Carl’s weight is 16 kg more than Martin’s weight. Chri,ok,268,74,75,74,75,1.0,True,True,True,True,False,False,False,False,True,,True,False,False,0,0,no_verified_eqs,not_analyzable,,74,,calculation,False,,False
gsm8k,propcalc,John had a son James when he was 19.  James is now twice as old as his sister Do,ok,438,5,6,5,6,1.0,True,True,True,True,False,False,False,False,False,,True,False,False,4,4,eq_rhs,changed,9,8,,calculation,False,,False
gsm8k,propcalc,Raymond and Samantha are cousins. Raymond was born 6 years before Samantha. Raym,ok,134,37,38,37,38,1.0,True,True,True,True,False,False,False,False,False,,True,False,False,2,2,eq_rhs,changed,15,14,,calculation,False,,False
gsm8k,propcalc,Sasha notices that prices for lumber have gone up 50% in the last few months aft,ok,332,180,177,180,177,-3.0,True,True,True,True,False,False,False,False,False,,True,False,False,9,9,eq_rhs,changed,93,90,,calculation,False,,False
gsm8k,propcalc,"Well's mother sells watermelons, peppers, and oranges at the local store. A wate",ok,560,400,402,400,402,2.0,True,True,True,True,False,False,False,False,False,,True,False,False,0,0,no_verified_eqs,not_analyzable,,880,,calculation,False,,False
gsm8k,propcalc,A hospital sees 500 people a day.  Each patient is seen for an average of 24 min,ok,787,"10,000","9,999",10000,9999,-1.0,True,True,True,True,False,False,False,False,True,,True,False,False,0,0,no_verified_eqs,not_analyzable,,10000,,calculation,True,explicitly identifies error,False
gsm8k,propcalc,"Seth is twice as old as Brooke. In 2 years, the sum of their ages will be 28. Ho",ok,545,3,1,3,1,-2.0,True,True,True,True,False,True,True,False,False,,False,False,False,0,0,no_verified_eqs,not_analyzable,,16,,calculation,False,,False
gsm8k,propcalc,Gerald works at a daycare that pays him $30 every day. He worked for an entire w,ok,374,110,109,110,109,-1.0,True,True,True,True,False,False,False,False,True,,True,False,False,1,1,eq_rhs,changed,109,110,,calculation,False,,False
asdiv,copy,Allan brought two balloons and Jake brought four balloons to the park. How many ,ok,236,6,8,6,8,2.0,True,True,True,,False,False,False,False,True,cot,False,,,0,0,no_verified_eqs,not_analyzable,,6,,copying,True,states correct value,False
asdiv,copy,Brian has four more plums than Paul. Paul has seven plums. How many plums does B,ok,188,11,10,11,10,-1.0,True,True,True,,False,False,False,False,True,cot,False,,,1,1,after_last_eq,unchanged,11,11,,copying,True,states correct value,False
asdiv,copy,"1 lonely pigeons was eating breadcrumbs. Another pigeon came to eat breadcrumbs,",ok,107,1,4,1,4,3.0,True,True,True,,False,False,False,False,False,question,False,,,1,1,eq_operand,changed,5,2,,copying,True,directly redoes calculation,False
asdiv,copy,2 toucans are sitting on a tree limb. 1 more toucan joins them. How many toucans,ok,53,1,-1,1,-1,-2.0,True,True,True,,False,False,False,False,False,question,False,,,1,1,prose_mid,unchanged,3,3,,copying,True,complete hallucination,False
asdiv,copy,Mrs. Hilt's favorite first grade classes are baking muffins. Mrs. Brier's class ,ok,132,38,39,38,39,1.0,True,True,True,,False,False,False,False,False,cot,True,,,2,2,prose_mid,unchanged,55,55,,copying,True,directly redoes calculation,False
asdiv,copy,Mrs. Hilt bought a yoyo for 24 cents and a whistle for 14 cents. How much did sh,ok,221,14,11,14,11,-3.0,True,True,True,,False,False,False,False,False,question,False,,,0,0,no_verified_eqs,not_analyzable,,38,,copying,True,partial hallucination,False
asdiv,copy,Mrs. Hilt saw 2 dogs and 2 chickens. How many animal legs did she see?,ok,113,4,5,4,5,1.0,True,True,True,,False,False,False,False,False,cot,True,,,3,3,eq_rhs,changed,13,12,,copying,True,states correct value,True
asdiv,copy,Millie had 9 bracelets. She lost 2 of them. How many bracelets does Millie have ,ok,11,9,11,9,11,2.0,True,True,True,,False,False,False,False,False,question,False,,,1,1,prose_mid,unchanged,7,7,,copying,True,complete hallucination,False
asdiv,copy,Lucy went to the grocery store. She bought 12 packs of cookies and 16 packs of n,ok,12,12,11,12,11,-1.0,True,True,True,,False,False,False,False,False,question,False,,,0,0,no_verified_eqs,not_analyzable,,28,,copying,True,directly redoes calculation,False
asdiv,copy,"Last Saturday, Marie sold 425 magazines and 275 newspapers. What is the total nu",ok,165,275,276,275,276,1.0,True,True,True,,False,False,False,False,False,question,False,,,0,0,no_verified_eqs,not_analyzable,,700,,copying,True,partial hallucination,False
asdiv,copy,Twenty-two boys went down the slide. Thirteen more boys went down the slide. How,ok,184,13,10,13,10,-3.0,True,True,True,,False,False,False,False,False,cot,False,,,1,1,eq_operand,changed,32,35,,copying,True,complete hallucination,False
asdiv,copy,Mrs. Sheridan has 22 fish. Her sister gave her 47 more fish. How many fish does ,ok,211,47,49,47,49,2.0,True,True,True,,False,False,False,False,False,question,False,,,1,1,eq_operand,changed,71,69,,copying,True,explicitly identifies error,False
asdiv,copy,Mrs. Heine is buying Valentine's Day treats for her 2 dogs. If she wants to buy ,ok,115,2,-1,2,-1,-3.0,True,True,True,,False,False,False,False,False,question,False,,,3,3,eq_operand,changed,-3,12,,copying,True,complete hallucination,True
asdiv,copy,Cade had 87 marbles. He gave 8 to Dylan. How many does he have left?,ok,193,79,78,79,78,-1.0,True,True,True,,False,False,False,False,True,cot,False,,,1,1,after_last_eq,unchanged,79,79,,copying,True,states correct value,False
asdiv,copy,Isabella's hair is 18 inches long. If she gets a haircut and now her hair is 9 i,ok,288,9,6,9,6,-3.0,True,True,True,,False,False,False,False,True,question,False,,,0,0,no_verified_eqs,not_analyzable,,9,,copying,True,states correct value,False
asdiv,copy,Isabella's hair is 18 inches long. By the end of the year her hair is 24 inches ,ok,219,18,17,18,17,-1.0,True,True,True,,False,False,False,False,False,question,False,,,0,0,no_verified_eqs,not_analyzable,,6,,copying,True,states correct value,False
asdiv,copy,Mrs. Snyder made 86 heart cookies. She made 36 red cookies and the rest are pink,ok,313,50,47,50,47,-3.0,True,True,True,,False,False,False,False,True,cot,False,,,0,0,no_verified_eqs,not_analyzable,,50,,copying,True,states correct value,False
asdiv,copy,Alex had some candles for his Jack O'Lanterns. He used 32 of them. Now he has 12,ok,202,12,13,12,13,1.0,True,True,True,,False,False,False,False,False,question,False,,,0,0,no_verified_eqs,not_analyzable,,44,,copying,True,complete hallucination,False
asdiv,copy,"Sarah had some trucks. She gave 13 to Jeff, and now she has 38 trucks left. How ",ok,128,38,35,38,35,-3.0,True,True,True,,False,False,False,False,False,question,False,,,0,0,no_verified_eqs,not_analyzable,,51,,copying,True,complete hallucination,False
asdiv,copy,Brad has 17 balloons. 8 balloons are red and the rest are green. How many green ,ok,208,8,10,8,10,2.0,True,True,True,,False,False,False,False,False,question,False,,,0,0,no_verified_eqs,not_analyzable,,9,,copying,True,states correct value,False
asdiv,copy,Mrs. Hilt had 38 marbles. She lost 15 of them. How many marbles does she have le,ok,34,15,18,15,18,3.0,True,True,True,,False,False,False,False,False,question,False,,,0,0,no_verified_eqs,not_analyzable,,23,,copying,True,directly redoes calculation,False
asdiv,copy,I have 28 cents in my pocket. How coins could I have on minimization?,ok,367,3,0,3,0,-3.0,True,True,True,,False,False,False,False,False,cot,False,,,0,0,no_verified_eqs,not_analyzable,,4,,copying,True,states correct value,False
asdiv,copy,Jeff has twice as many crayons as Joan. Joan has 12 crayons. How many does Jeff ,ok,164,2,1,2,1,-1.0,True,True,True,,False,False,False,False,False,cot,False,,,0,0,no_verified_eqs,not_analyzable,,24,,copying,True,states correct value,False
asdiv,copy,Dan has $3.00. He bought a candy bar for $1.00. How much money is left?,ok,200,2.00,0.0,2,0,-2.0,True,True,True,,False,False,False,False,True,cot,False,,,1,1,after_last_eq,unchanged,2,2,,copying,True,states correct value,False
asdiv,copy,5 boats are in the lake. Each boat has 3 people. How many people are on boats in,ok,185,3,2,3,2,-1.0,True,True,True,,False,False,False,False,False,question,False,,,0,0,no_verified_eqs,not_analyzable,,15,,copying,True,states correct value,False
asdiv,copy,Charlie has 31 more snowballs than Lucy. She has 19 snowballs. How many does Cha,ok,133,19,16,19,16,-3.0,True,True,True,,False,False,False,False,False,question,False,,,1,1,eq_operand,changed,47,50,,copying,True,states correct value,False
asdiv,copy,"Upon finishing the treehouse, Charlie's mother served them freshly baked cookies",ok,179,10,12,10,12,2.0,True,True,True,,False,False,False,False,False,question,False,,,1,1,eq_operand,changed,32,30,,copying,True,directly redoes calculation,False
asdiv,copy,Annie is about to celebrate her birthday next week so her friends decided to thr,ok,201,30,31,30,31,1.0,True,True,True,,False,False,False,False,False,question,False,,,0,0,no_verified_eqs,not_analyzable,,55,,copying,True,directly redoes calculation,False
asdiv,copy,"It's Halloween in Chicago. Bob, Mary, John, Sue and Sam dressed as superheroes a",ok,294,50,47,50,47,-3.0,True,True,True,,False,False,False,False,True,cot,False,,,0,0,no_verified_eqs,not_analyzable,,50,,copying,True,complete hallucination,False
asdiv,copy,Bob who is Sam's next door neighbor decided that he will accompany Sam home. He ,ok,8,15,16,15,16,1.0,True,True,True,,False,False,False,False,False,question,False,,,0,0,no_verified_eqs,not_analyzable,,50,,copying,True,directly redoes calculation,False
asdiv,copy,After the aviary was the zoo's swamp area. Penny counted a total of 55 tree frog,ok,50,13,14,13,14,1.0,True,True,True,,False,False,False,False,False,question,False,,,1,1,prose_mid,unchanged,78,78,,copying,True,complete hallucination,False
asdiv,copy,Robyn and Lucy are members of their village's Girl Scout troop. During weekends ,ok,259,76,74,76,74,-2.0,True,True,True,,False,False,False,False,True,cot,False,,,1,1,after_last_eq,unchanged,76,76,,copying,True,directly redoes calculation,False
asdiv,copy,"Hazel and her father both love going on fishing trips. This year, they planned t",ok,249,51,50,51,50,-1.0,True,True,True,,False,False,False,False,True,cot,False,,,0,0,no_verified_eqs,not_analyzable,,51,,copying,True,partial hallucination,False
asdiv,copy,It's spring break at Rosewood High so Rachel and her family decided to take a tr,ok,190,567,564,567,564,-3.0,True,True,True,,False,False,False,False,False,question,False,,,0,0,no_verified_eqs,not_analyzable,,892,,copying,False,,False
asdiv,copy,Next on his list is the nursing home near his office. There he 472 boxes of vita,ok,246,288,287,288,287,-1.0,True,True,True,,False,False,False,False,False,question,False,,,1,1,prose_mid,unchanged,760,760,,copying,True,complete hallucination,False
asdiv,copy,"After giving out clothes, he invited the homeless to the nearest soup kitchen to",ok,19,328,327,328,327,-1.0,True,True,True,,False,False,False,False,False,question,False,,,0,0,no_verified_eqs,not_analyzable,,547,,copying,True,complete hallucination,False
asdiv,copy,"When the building is done, they wanted to make it shine brightly in the night. T",ok,154,432,434,432,434,2.0,True,True,True,,False,False,False,False,False,question,False,,,0,0,no_verified_eqs,not_analyzable,,729,,copying,True,partial hallucination,False
asdiv,copy,It took all of the workers one year to finish the Animus Tower and it was indeed,ok,53,145,147,145,147,2.0,True,True,True,,False,False,False,False,False,question,False,,,0,0,no_verified_eqs,not_analyzable,,400,,copying,True,complete hallucination,False
asdiv,copy,Jasmine also bought some chips for her friends in which she got for a discount o,ok,186,17.00,14.0,17,14,-3.0,True,True,True,,False,False,False,False,False,question,False,,,1,1,prose_mid,unchanged,18,18,,copying,True,partial hallucination,False
asdiv,copy,"For the championship game, they faced the powerful Red Team. Wanting redemption,",ok,28,95,92,95,92,-3.0,True,True,True,,False,False,False,False,False,question,False,,,1,1,eq_operand,changed,16,19,,copying,True,explicitly identifies error,False
asdiv,copy,"Carl, on the other hand, was able to collect 74 stamps which are 36 more than wh",ok,127,74,76,74,76,2.0,True,True,True,,False,False,False,False,False,question,False,,,0,0,no_verified_eqs,not_analyzable,,38,,copying,True,directly redoes calculation,False
asdiv,copy,"Lastly, Rob compared Canada's CN Tower and Seattle's Space Needle. How tall is t",ok,225,553,554,553,554,1.0,True,True,True,,False,False,False,False,False,question,False,,,0,0,no_verified_eqs,not_analyzable,,184,,copying,True,partial hallucination,False
asdiv,copy,"Charlie, an aspiring inventor, is planning to make some wings to fulfill his dre",ok,55,387.,386.,387,386,-1.0,True,True,True,,False,False,False,False,False,question,False,,,1,1,prose_mid,unchanged,513,513,,copying,True,complete hallucination,False
asdiv,copy,"While heating the wings, Charlie decided to make metal supports for the wings. I",ok,292,359,360,359,360,1.0,True,True,True,,False,False,False,False,True,cot,False,,,0,0,no_verified_eqs,not_analyzable,,359,,copying,True,complete hallucination,False
asdiv,copy,"They served a total of 179 adults and 141 children, if 156 of all the people the",ok,118,179,180,179,180,1.0,True,True,True,,False,False,False,False,False,question,False,,,0,0,no_verified_eqs,not_analyzable,,164,,copying,True,states correct value,False
asdiv,copy,Her mom also baked some cookies. If she baked 5 pans of cookies and there are 8 ,ok,171,8,7,8,7,-1.0,True,True,True,,False,False,False,False,False,question,False,,,0,0,no_verified_eqs,not_analyzable,,40,,copying,True,directly redoes calculation,False
asdiv,copy,She also estimated the number of candies that she will receive from each block. ,ok,111,5,3,5,3,-2.0,True,True,True,,False,False,False,False,False,question,False,,,1,1,prose_mid,unchanged,35,35,,copying,True,states correct value,False
asdiv,copy,She also tried to get to know the teachers in the school. She found out that the,ok,203,7,4,7,4,-3.0,True,True,True,,False,False,False,False,False,question,False,,,0,0,no_verified_eqs,not_analyzable,,140,,copying,True,states correct value,False
asdiv,copy,Vice-mayor Alexander wanted to join in with the mayor's advocacy. He organized a,ok,92,50,53,50,53,3.0,True,True,True,,False,False,False,False,False,question,False,,,0,0,no_verified_eqs,not_analyzable,,250,,copying,True,complete hallucination,False
asdiv,copy,"Mark, Dean's friend, decided to go for a boat ride. If the ride costs $8.00 for ",ok,157,8.00,9.0,8,9,1.0,True,True,True,,False,False,False,False,False,question,False,,,0,0,no_verified_eqs,not_analyzable,,320,,copying,True,complete hallucination,False
asdiv,copy,"He then classified some of the rocks into igneous, metamorphic and sedimentary. ",ok,37,246,244,246,244,-2.0,True,True,True,,False,False,False,False,False,question,False,,,0,0,no_verified_eqs,not_analyzable,,738,,copying,True,partial hallucination,False
asdiv,copy,"It is harvest season in the country. Lewis, whose family owns a fruit farm, is b",ok,237,360,357,360,357,-3.0,True,True,True,,False,False,False,False,True,cot,False,,,0,0,no_verified_eqs,not_analyzable,,360,,copying,True,states correct value,False
asdiv,copy,If Lewis earns $1367.00 every week during the 5 weeks of harvest. How much money,ok,235,5,7,5,7,2.0,True,True,True,,False,False,False,False,False,question,False,,,0,0,no_verified_eqs,not_analyzable,,6835,,copying,True,explicitly identifies error,False
asdiv,copy,Another region was the aquatic reserve for freshwater organisms. If there are 6 ,ok,197,175,176,175,176,1.0,True,True,True,,False,False,False,False,False,question,False,,,0,0,no_verified_eqs,not_analyzable,,1050,,copying,True,partial hallucination,False
asdiv,copy,They entered the circus tent and saw that there are four seating sections for th,ok,321,984,983,984,983,-1.0,True,True,True,,False,False,False,False,True,cot,False,,,0,0,no_verified_eqs,not_analyzable,,984,,copying,True,explicitly identifies error,False
asdiv,copy,"For the final act, the circus brought out dancing animals wearing crowns. If eac",ok,334,934,935,934,935,1.0,True,True,True,,False,False,False,False,False,question,False,,,0,0,no_verified_eqs,not_analyzable,,6538,,copying,True,states correct value,False
asdiv,copy,Amanda and her friends decided to go to an amusement park for the weekend. The n,ok,195,27,30,27,30,3.0,True,True,True,,False,False,False,False,False,question,False,,,0,0,no_verified_eqs,not_analyzable,,81,,copying,True,complete hallucination,False
asdiv,copy,"When they got there, they saw that SFL is already filled with people. Every entr",ok,45,283,282,283,282,-1.0,True,True,True,,False,False,False,False,False,question,False,,,0,0,no_verified_eqs,not_analyzable,,1415,,copying,True,directly redoes calculation,False
asdiv,copy,Having this kind of collection made Jack a fast reader. If he can read 9 books i,ok,90,365,367,365,367,2.0,True,True,True,,False,False,False,False,False,question,False,,,1,1,eq_operand,changed,3303,3285,,copying,True,partial hallucination,False
asdiv,copy,Beside the pile of clean white paper was a stack of 700 sheets of used paper. Sh,ok,206,100,102,100,102,2.0,True,True,True,,False,False,False,False,False,question,False,,,0,0,no_verified_eqs,not_analyzable,,7,,copying,True,directly redoes calculation,False
asdiv,copy,Christian's father and the senior ranger gathered firewood as they walked toward,ok,254,4,7,4,7,3.0,True,True,True,,False,False,False,False,True,cot,False,,,0,0,no_verified_eqs,not_analyzable,,4,,copying,True,states correct value,False
asdiv,copy,"One bright sunny day, Betty decided to make bracelets from beautiful stones she ",ok,313,11,10,11,10,-1.0,True,True,True,,False,False,False,False,True,cot,False,,,0,0,no_verified_eqs,not_analyzable,,11,,copying,True,states correct value,False
asdiv,copy,"Brenda, Betty's sister, wanted to have 3 bracelets with star-shaped stones. She ",ok,53,36,33,36,33,-3.0,True,True,True,,False,False,False,False,False,question,False,,,0,0,no_verified_eqs,not_analyzable,,12,,copying,True,partial hallucination,False
asdiv,copy,"On the first Saturday of spring, Jane woke up early to enjoy the whole day and h",ok,160,9,8,9,8,-1.0,True,True,True,,False,False,False,False,False,question,False,,,1,1,prose_mid,unchanged,6,6,,copying,True,directly redoes calculation,False
asdiv,copy,Jane's dad brought home 24 marble potatoes. If Jane's mom made potato salad for ,ok,314,8,9,8,9,1.0,True,True,True,,False,False,False,False,True,cot,False,,,1,1,after_last_eq,unchanged,8,8,,copying,True,states correct value,False
asdiv,copy,"Lastly, she baked 53 lemon cupcakes for the children living in the city orphanag",ok,169,2,4,2,4,2.0,True,True,True,,False,False,False,False,False,cot,False,,,0,0,no_verified_eqs,not_analyzable,,17,,copying,True,states correct value,False
asdiv,copy,Susie and her sister gathered all 98 of their teddy bears and placed them on the,ok,288,7,8,7,8,1.0,True,True,True,,False,False,False,False,False,question,False,,,0,0,no_verified_eqs,not_analyzable,,14,,copying,True,states correct value,False
asdiv,copy,"Allen, Charles, Lex and Shiela spent days reading books for their book report. T",ok,11,10,13,10,13,3.0,True,True,True,,False,False,False,False,False,question,False,,,0,0,no_verified_eqs,not_analyzable,,12,,copying,True,directly redoes calculation,False
asdiv,copy,Melody made 26 cut-outs of Christmas trees with red shiny balls. If she planned ,ok,332,4,6,4,6,2.0,True,True,True,,False,True,True,True,False,question,False,,,0,0,no_verified_eqs,not_analyzable,,6,,copying,True,complete hallucination,False
asdiv,copy,There are 46 birds perched on the branches of a tree. How many feet are there on,ok,108,46,49,46,49,3.0,True,True,True,,False,False,False,False,False,question,False,,,0,0,no_verified_eqs,not_analyzable,,92,,copying,True,directly redoes calculation,False
asdiv,copy,I see 115 cows grazing in the pasture. How many legs do I see?,ok,31,115,118,115,118,3.0,True,True,True,,False,False,False,False,False,question,False,,,1,1,prose_mid,unchanged,460,460,,copying,True,directly redoes calculation,False
asdiv,copy,There are 397 butterflies. Each butterfly has 12 black dots and 17 yellow dots. ,ok,97,12,9,12,9,-3.0,True,True,True,,False,False,False,False,False,question,False,,,0,0,no_verified_eqs,not_analyzable,,4764,,copying,True,directly redoes calculation,False
asdiv,copy,"At the zoo, I see 35 elephants and 48 tigers. How many legs do I see?",ok,385,332,329,332,329,-3.0,True,True,True,,False,False,False,False,True,cot,False,,,3,3,after_last_eq,unchanged,332,332,,copying,True,partial hallucination,False
asdiv,copy,The Ferris wheel in Paradise Park has 14 seats. Each seat can hold 6 people. How,ok,221,84,85,84,85,1.0,True,True,True,,False,False,False,False,True,cot,False,,,0,0,no_verified_eqs,not_analyzable,,84,,copying,True,complete hallucination,False
asdiv,copy,"If you can choose between a regular or waffle cone and vanilla, strawberry, cara",ok,283,2,4,2,4,2.0,True,True,True,,False,True,True,False,False,cot,False,,,0,0,no_verified_eqs,not_analyzable,,8,,copying,True,complete hallucination,False
asdiv,copy,Chris gave his 35 friends 12 pieces of candy each. How many pieces of candy did ,ok,246,420,423,420,423,3.0,True,True,True,,False,False,False,False,True,cot,False,,,0,0,no_verified_eqs,not_analyzable,,420,,copying,True,directly redoes calculation,False
asdiv,copy,I see 105 puppies. How many ears do they have?,ok,46,105,106,105,106,1.0,True,True,True,,False,False,False,False,False,question,False,,,1,1,prose_mid,unchanged,210,210,,copying,True,complete hallucination,False
asdiv,copy,I see 349 frogs. How many legs do they have?,ok,39,349,347,349,347,-2.0,True,True,True,,False,False,False,False,False,question,False,,,0,0,no_verified_eqs,not_analyzable,,1396,,copying,True,directly redoes calculation,False
asdiv,copy,There are 37 baskets. There are 17 apples in each basket. How many apples are th,ok,185,17,20,17,20,3.0,True,True,True,,False,False,False,False,False,question,False,,,0,0,no_verified_eqs,not_analyzable,,629,,copying,True,explicitly identifies error,False
asdiv,copy,There are 5 people on the Green Bay High track team. If a relay race is 150 mete,ok,155,150,153,150,153,3.0,True,True,True,,False,False,False,False,False,question,False,,,0,0,no_verified_eqs,not_analyzable,,30,,copying,True,partial hallucination,False
asdiv,copy,63 people are going to the zoo. There are 3 cars to take people to the zoo. How ,ok,188,21,20,21,20,-1.0,True,True,True,,False,False,False,False,True,cot,False,,,0,0,no_verified_eqs,not_analyzable,,21,,copying,True,partial hallucination,False
asdiv,copy,Warren has 252 guests coming to his party. Each table will hold 4 guests. How ma,ok,139,252,254,252,254,2.0,True,True,True,,False,False,False,False,False,question,False,,,0,0,no_verified_eqs,not_analyzable,,63,,copying,True,complete hallucination,False
asdiv,copy,"There are 10 stickers on a page. If you have 22 pages of stickers, how many stic",ok,186,10,7,10,7,-3.0,True,True,True,,False,False,False,False,False,question,False,,,0,0,no_verified_eqs,not_analyzable,,220,,copying,True,states correct value,False
asdiv,copy,"White t-shirts can be purchased in packages of 6. If Mom buys 71 packages, how m",ok,311,71,73,71,73,2.0,True,True,True,,False,False,False,False,False,question,False,,,1,1,eq_operand,changed,438,426,,copying,True,explicitly identifies error,False
asdiv,copy,Megan had 217 markers. Robert gave her 109 more markers. How many markers does M,ok,17,217,219,217,219,2.0,True,True,True,,False,False,False,False,False,question,False,,,0,0,no_verified_eqs,not_analyzable,,326,,NOJOIN,NOJOIN,NOJOIN,False
asdiv,copy,Iesha has 344 books. 136 are about school and the rest are about sports. How man,ok,215,136,133,136,133,-3.0,True,True,True,,False,False,False,False,False,question,False,,,0,0,no_verified_eqs,not_analyzable,,208,,copying,True,directly redoes calculation,False
asdiv,copy,Sean has 223 whistles. He has 95 more whistles that Charles. How many whistles d,ok,29,95,97,95,97,2.0,True,True,True,,False,False,False,False,False,question,False,,,0,0,no_verified_eqs,not_analyzable,,128,,NOJOIN,NOJOIN,NOJOIN,False
asdiv,copy,"The town of Milburg has 5,256 grown-ups and 2,987 children. How many people live",ok,108,"5,256","5,259",5256,5259,3.0,True,True,True,,False,False,False,False,False,question,False,,,0,0,no_verified_eqs,not_analyzable,,8243,,copying,True,partial hallucination,False
asdiv,copy,Third-grade students went to a concert in 8 buses. Each bus took 45 students. Ho,ok,167,8,7,8,7,-1.0,True,True,True,,False,False,False,False,False,question,False,,,0,0,no_verified_eqs,not_analyzable,,360,,copying,True,states correct value,False
asdiv,copy,There are 124 students making 3 stars each for the school wall. How many stars w,ok,67,3,0,3,0,-3.0,True,True,True,,False,False,False,False,False,question,False,,,0,0,no_verified_eqs,not_analyzable,,372,,copying,True,states correct value,False
asdiv,copy,The farmer had 127 apples. He gave 88 apples to his neighbor. How many apples do,ok,192,88,90,88,90,2.0,True,True,True,,False,False,False,False,False,question,False,,,1,1,eq_operand,changed,37,39,,copying,True,complete hallucination,False
asdiv,copy,John can read 4 books a day. He reads every Monday and Tuesday. How many books w,ok,352,48,51,48,51,3.0,True,True,True,,False,False,False,False,True,cot,True,,,2,2,after_last_eq,unchanged,48,48,,copying,True,directly redoes calculation,False
asdiv,copy,Jill invited 37 people to her birthday party. They each ate 8 pieces of pizza. H,ok,187,37,40,37,40,3.0,True,True,True,,False,False,False,False,False,question,False,,,0,0,no_verified_eqs,not_analyzable,,296,,copying,True,states correct value,False
asdiv,copy,Mrs. Hilt baked pies last weekend for a holiday dinner. She baked 16 pecan pies ,ok,345,6,4,6,4,-2.0,True,True,True,,False,False,False,False,True,cot,True,,,2,2,after_last_eq,unchanged,6,6,,copying,True,directly redoes calculation,False
asdiv,copy,Jae bought 12 cartons of ice cream and 3 cartons of yogurt. Each carton of ice c,ok,594,6,4,6,4,-2.0,True,True,True,,False,False,False,False,False,cot,False,,,3,3,eq_operand,changed,104,102,,copying,True,directly redoes calculation,True
asdiv,copy,Jermaine saved $43 in March. He saved $19 in April and $16 in May. Then Jermaine,ok,269,77,76,77,76,-1.0,True,True,True,,False,False,False,False,False,question,False,,,2,2,eq_operand,changed,2,1,,copying,True,directly redoes calculation,True
asdiv,copy,"At a Halloween store, there are 3 green capes, 2 blue capes, and 3 red capes. If",ok,103,6,9,6,9,3.0,True,True,True,,False,False,False,False,False,question,False,,,2,2,prose_mid,unchanged,2,2,,copying,True,complete hallucination,False
asdiv,copy,"At a candy store, there are 3 brown candy boxes, 3 black candy boxes, and 2 blue",ok,52,3,0,3,0,-3.0,True,True,True,,False,False,False,False,True,question,False,,,2,2,eq_operand,changed,0,3,,copying,True,complete hallucination,True
asdiv,copy,Bruno had some story books. He lost 4 of them and his dad gave him 10 more books,ok,329,6,3,6,3,-3.0,True,True,True,,False,False,False,False,False,cot,False,,,2,2,prose_mid,unchanged,33,33,,copying,True,states correct value,False
asdiv,copy,"A shop stocked 22 pairs of large-size shoes, 50 pairs of medium-size shoes and 2",ok,232,24,26,24,26,2.0,True,True,True,,False,False,False,False,False,question,False,,,0,0,no_verified_eqs,not_analyzable,,83,,copying,False,,False
asdiv,copy,"There are 100 books on a shelf. 32 of them are history books, 25 of them are geo",ok,405,100,97,100,97,-3.0,True,True,True,,False,False,False,False,False,question,False,,,2,2,prose_mid,unchanged,43,43,,copying,True,states correct value,False
asdiv,copy,"Harry walked along the beach and collected 34 sea stars, 21 seashells and 29 sna",ok,171,21,22,21,22,1.0,True,True,True,,False,False,False,False,False,question,False,,,2,2,prose_mid,unchanged,25,25,,copying,True,partial hallucination,False
asdiv,copy,Jack received 8 emails in the morning and 2 emails in the afternoon. How many em,ok,42,2,1,2,1,-1.0,True,True,True,,False,False,False,False,False,question,False,,,0,0,no_verified_eqs,not_analyzable,,10,,copying,True,partial hallucination,False
asdiv,copy,There are 83 trees in a park. 36 of them willows and the rest are oaks. How many,ok,82,83,81,83,81,-2.0,True,True,True,,False,False,False,False,False,question,False,,,0,0,no_verified_eqs,not_analyzable,,11,,copying,True,partial hallucination,False
asdiv,copy,"The total weight of Jack and Sam is 96 pounds. If Jack weighs 52 pounds, how muc",ok,241,52,53,52,53,1.0,True,True,True,,False,False,False,False,False,question,False,,,0,0,no_verified_eqs,not_analyzable,,8,,copying,False,,False
asdiv,copy,"Savant has 3 jars. He puts in 34 coins in the first jar, 29 coins in the second ",ok,162,29,26,29,26,-3.0,True,True,True,,False,False,False,False,False,question,False,,,0,0,no_verified_eqs,not_analyzable,,76,,copying,True,directly redoes calculation,False
asdiv,copy,An online toy store stocked some toys. It sold 38 toys at the first week and 26 ,ok,208,64,63,64,63,-1.0,True,True,True,,False,False,False,False,False,cot,True,,,2,2,prose_mid,unchanged,83,83,,copying,True,directly redoes calculation,False
asdiv,copy,Mr. Peter harvested some pears. He picked 43 kg of the pears into a bag and 35 k,ok,210,43,46,43,46,3.0,True,True,True,,False,False,False,False,False,question,False,,,0,0,no_verified_eqs,not_analyzable,,93,,copying,True,explicitly identifies error,False
asdiv,copy,Gary had some stickers. He gave 42 stickers to Lucy and 26 stickers to Alex. If ,ok,450,31,32,31,32,1.0,True,True,True,,False,False,False,False,False,question,False,,,2,2,prose_mid,unchanged,99,99,,copying,True,partial hallucination,False
asdiv,copy,A washing machine can wash 28 pounds of clothes per day. If there are 200 pounds,ok,388,200,202,200,202,2.0,True,True,True,,False,False,False,False,False,question,False,,,0,0,no_verified_eqs,not_analyzable,,8,,copying,True,explicitly identifies error,False
asdiv,copy,Mrs. Smith gave 53 strawberries to 8 girls equally. How many strawberries did ea,ok,177,5,7,5,7,2.0,True,True,True,,False,False,False,False,False,cot,False,,,1,0,no_verified_eqs,not_analyzable,,6,,copying,True,complete hallucination,False
asdiv,copy,9 boys went to water trees. There were 29 trees. If each of them watered the equ,ok,213,3,0,3,0,-3.0,True,True,True,,False,False,False,False,True,cot,False,,,0,0,no_verified_eqs,not_analyzable,,3,,copying,True,states correct value,False
asdiv,copy,Divide 39 balloons into 7 equal groups. How many balloons are left?,ok,81,7,5,7,5,-2.0,True,True,True,,False,False,False,False,False,question,False,,,1,0,no_verified_eqs,not_analyzable,,4,,copying,True,complete hallucination,False
asdiv,copy,There are 32 students in the class. The teacher divided them into 5 equal groups,ok,159,5,7,5,7,2.0,True,True,True,,False,False,False,False,False,question,False,,,1,0,no_verified_eqs,not_analyzable,,6,,copying,True,states correct value,False
asdiv,copy,There are 32 students in the class. The teacher divided them into 5 equal groups,ok,209,2,0,2,0,-2.0,True,True,True,,False,False,False,False,True,cot,False,,,1,0,no_verified_eqs,not_analyzable,,2,,copying,True,states correct value,False
asdiv,copy,"Sam cut equal-length pieces of ribbon from a 3,730-cm long ribbon. If each piece",ok,574,"3,730","3,727",3730,3727,-3.0,True,True,True,,False,False,False,False,False,question,False,,,0,0,no_verified_eqs,not_analyzable,,7,,copying,True,partial hallucination,False
asdiv,copy,"A tourist group has 26 people. At a hotel, they want to rent some large rooms fo",ok,367,6,7,6,7,1.0,True,True,True,,False,False,False,False,False,cot,False,,,1,1,prose_mid,unchanged,8,8,,copying,True,complete hallucination,False
asdiv,copy,A farmer bought 164 rabbits. If the farmer wanted to fill 17 cages with the same,ok,464,10,13,10,13,3.0,True,True,True,,False,False,False,False,False,cot,False,,,0,0,no_verified_eqs,not_analyzable,,6,,copying,True,complete hallucination,False
asdiv,copy,The weight of 5 diamonds is 100 g. The total weight of 4 diamonds and 2 jades is,ok,513,60,63,60,63,3.0,True,True,True,,False,False,False,False,False,cot,False,,,0,0,no_verified_eqs,not_analyzable,,10,,copying,True,complete hallucination,False
asdiv,copy,Drew gave 12 marbles to Marcus. Each boy then had 25 marbles. How many more marb,ok,104,12,14,12,14,2.0,True,True,True,,False,False,False,False,False,question,False,,,3,3,prose_mid,unchanged,24,24,,copying,True,directly redoes calculation,False
asdiv,copy,A box of apples was delivered to Paul's Pies and Cakes. He put half of the apple,ok,109,25,28,25,28,3.0,True,True,True,,False,False,False,False,False,question,False,,,2,2,prose_mid,unchanged,62,62,,copying,True,complete hallucination,False
asdiv,copy,Evan delivers packages in a building. He started on the first floor and went up ,ok,212,16,17,16,17,1.0,True,True,True,,False,False,False,False,False,question,False,,,4,4,prose_mid,unchanged,23,23,,copying,True,directly redoes calculation,False
asdiv,copy,Jake bought a book of tickets for the rides at Fun Land. 8 of the tickets were r,ok,32,8,5,8,5,-3.0,True,True,True,,False,False,False,False,False,question,False,,,2,2,prose_mid,unchanged,30,30,,copying,True,states correct value,False
asdiv,copy,Kendra learns 12 new spelling words each week. Her goal is to learn 60 new words,ok,173,36,38,36,38,2.0,True,True,True,,False,False,False,False,False,question,False,,,1,1,prose_mid,unchanged,24,24,,copying,True,complete hallucination,False
asdiv,copy,It is 78 miles to Grandma's house. Mr. Welch drove 35 miles. He stopped to buy a,ok,23,35,32,35,32,-3.0,True,True,True,,False,False,False,False,False,question,False,,,2,2,prose_mid,unchanged,25,25,,copying,True,directly redoes calculation,False
asdiv,copy,"Alissa picked 16 flowers. Her twin sister, Melissa, also picked 16 flowers. They",ok,169,16,13,16,13,-3.0,True,True,True,,False,False,False,False,False,question,False,,,2,2,eq_operand,changed,11,14,,copying,True,states correct value,False
asdiv,copy,Andy had 31 baseball cards. His dad gave him some more. Then Andy had 50 basebal,ok,234,50,53,50,53,3.0,True,True,True,,False,False,False,False,False,question,False,,,0,0,no_verified_eqs,not_analyzable,,19,,copying,True,states correct value,False
asdiv,copy,Zachary did 47 push-ups in gym class today. David did 15 more push-ups than Zach,ok,76,47,49,47,49,2.0,True,True,True,,False,False,False,False,False,question,False,,,1,1,prose_mid,unchanged,62,62,,copying,True,directly redoes calculation,False
asdiv,copy,Kim sold 54 boxes of Girl Scout cookies. Jennifer sold 17 more boxes than Kim. H,ok,80,17,15,17,15,-2.0,True,True,True,,False,False,False,False,False,question,False,,,1,1,prose_mid,unchanged,71,71,,copying,True,directly redoes calculation,False
asdiv,copy,Mikayla has a huge collection of music CDs. She gave 15 CDs to her friend. Now s,ok,37,78,80,78,80,2.0,True,True,True,,False,False,False,False,False,question,False,,,0,0,no_verified_eqs,not_analyzable,,93,,copying,True,directly redoes calculation,False
asdiv,copy,Kathleen is a dental sales representative who wants to distribute 18 brochures a,ok,60,18,15,18,15,-3.0,True,True,True,,False,False,False,False,False,question,False,,,0,0,no_verified_eqs,not_analyzable,,6,,NOJOIN,NOJOIN,NOJOIN,False
asdiv,copy,Jake set up a candy stand in his front yard. He has 80 pieces of candy to sell. ,ok,351,58,60,58,60,2.0,True,True,True,,False,False,False,False,True,cot,False,,,2,2,after_last_eq,unchanged,58,58,,copying,True,states correct value,False
asdiv,copy,Charlene made 60 bead necklaces. She sold 16 at a craft fair. She gave 18 to her,ok,166,18,16,18,16,-2.0,True,True,True,,True,True,True,False,False,question,False,,,2,2,prose_mid,unchanged,26,26,,copying,True,directly redoes calculation,False
asdiv,copy,Ramon works at the supermarket. He put 26 boxes of Choco Delights on the shelf. ,ok,408,41,39,41,39,-2.0,True,True,True,,False,False,False,False,False,cot,False,,,2,2,prose_mid,unchanged,19,19,,copying,True,directly redoes calculation,False
asdiv,copy,There are 42 boys in the computer club. There are 9 fewer girls than boys in the,ok,213,33,31,33,31,-2.0,True,True,True,,False,False,False,False,False,cot,False,,,2,2,prose_mid,unchanged,75,75,,copying,True,states correct value,False
asdiv,copy,Cheryl and Lori started a lemonade stand on Friday. They bought 85 plastic cups.,ok,240,67,69,67,69,2.0,True,True,True,,False,False,False,False,True,cot,False,,,1,1,after_last_eq,unchanged,67,67,,copying,True,directly redoes calculation,False
asdiv,copy,Coach Mike bought several cups of lemonade. The girls told him it would cost 58 ,ok,262,17,20,17,20,3.0,True,True,True,,False,False,False,False,True,cot,False,,,0,0,no_verified_eqs,not_analyzable,,17,,copying,True,states correct value,False
asdiv,copy,Richard and Bruno played miniature golf. Richard's score was 62. Bruno's score w,ok,154,14,12,14,12,-2.0,True,True,True,,False,False,False,False,False,question,False,,,0,0,no_verified_eqs,not_analyzable,,48,,NOJOIN,NOJOIN,NOJOIN,False
asdiv,copy,The giant Ferris wheel can seat 56 people. There are 92 people waiting in line. ,ok,256,56,53,56,53,-3.0,True,True,True,,False,False,False,False,False,question,False,,,0,0,no_verified_eqs,not_analyzable,,36,,copying,True,partial hallucination,False
asdiv,copy,Erin and Dana finished a two day bike-a-thon. They rode 37 miles the first day T,ok,167,55,52,55,52,-3.0,True,True,True,,False,False,False,False,False,question,False,,,0,0,no_verified_eqs,not_analyzable,,92,,copying,True,directly redoes calculation,False
asdiv,copy,Paul and Vinnie deliver newspapers. Paul made $14 in tips. Vinnie made $16 more ,ok,100,16,19,16,19,3.0,True,True,True,,False,False,False,False,False,question,False,,,0,0,no_verified_eqs,not_analyzable,,30,,copying,True,explicitly identifies error,False
asdiv,copy,"Chris has 18 soccer cards. His friend, Charlie, has 32 cards. How many fewer car",ok,220,32,30,32,30,-2.0,True,True,True,,False,False,False,False,False,question,False,,,0,0,no_verified_eqs,not_analyzable,,14,,copying,True,states correct value,False
asdiv,copy,Brian ran around the school track in 96 seconds. Todd ran around it in 88 second,ok,137,96,93,96,93,-3.0,True,True,True,,False,False,False,False,False,question,False,,,0,0,no_verified_eqs,not_analyzable,,8,,copying,True,states correct value,False
asdiv,copy,If you add 45 to a mystery number you will get 92. What is the mystery number?,ok,49,45,44,45,44,-1.0,True,True,True,,False,False,False,False,False,question,False,,,1,1,prose_mid,unchanged,47,47,,copying,True,directly redoes calculation,False
asdiv,copy,The grasshopper and the frog had a jumping contest. The grasshopper jumped 25 in,ok,122,15,16,15,16,1.0,True,True,True,,False,False,False,False,False,question,False,,,0,0,no_verified_eqs,not_analyzable,,40,,copying,True,directly redoes calculation,False
asdiv,copy,"The Wholesome Bakery baked 5 loaves of bread on Wednesday, 7 loaves of bread on ",ok,171,7,9,7,9,2.0,True,True,True,,False,False,False,False,False,question,False,,,6,6,eq_operand,unchanged,25,25,,copying,True,directly redoes calculation,False
asdiv,copy,"Kayla got a new video game. She scored 2 points on the first level, 3 points on ",ok,310,8,9,8,9,1.0,True,True,True,,False,False,False,False,False,question,False,,,6,6,eq_operand,changed,16,17,,copying,True,complete hallucination,False
asdiv,copy,Jared owns a hardware store and is looking over his past orders. Jared's hardwar,ok,145,6,4,6,4,-2.0,True,True,True,,False,False,False,False,False,question,False,,,5,5,eq_operand,unchanged,15,15,,copying,True,directly redoes calculation,False
asdiv,copy,Farmer Singleton has a plot of tomato plants. There are 4 tomato plants in the f,ok,185,64,63,64,63,-1.0,True,True,True,,False,False,False,False,False,question,False,,,0,0,no_verified_eqs,not_analyzable,,128,,copying,True,states correct value,False
asdiv,copy,"Willy has 5,092 crayons. Lucy has 3,971 crayons. How many more crayons does Will",ok,198,"1,121","1,122",1121,1122,1.0,True,True,True,,False,False,False,False,True,cot,False,,,1,1,after_last_eq,unchanged,1121,1121,,copying,True,partial hallucination,False
asdiv,copy,"Recently, the postal service sold stamps with famous people pictured on them. Th",ok,186,"1,102,609","1,102,610",1102609,1102610,1.0,True,True,True,,False,False,False,False,True,cot,False,,,0,0,no_verified_eqs,not_analyzable,,1102609,,copying,True,complete hallucination,False
asdiv,copy,Tony made 14 L of lemonade for a party. His guests drank 9500 mL of the lemonade,ok,118,1000,999,1000,999,-1.0,True,True,True,,False,False,False,False,False,cot,False,,,0,0,no_verified_eqs,not_analyzable,,4500,,copying,True,directly redoes calculation,False
asdiv,copy,"A restaurant charges 4% service charge. If your order amounted to 450, how much ",ok,160,4,3,4,3,-1.0,True,True,True,,False,False,False,False,False,question,False,,,3,2,prose_mid,unchanged,468,468,,copying,True,directly redoes calculation,False
asdiv,copy,Lavender is making punch for the school dance. She mixes 3 parts lemonade with 5,ok,416,9,12,9,12,3.0,True,True,True,,False,False,False,False,False,cot,False,,,5,5,prose_mid,unchanged,18,18,,copying,False,,False
asdiv,copy,Armand cuts a piece of wire into two smaller pieces that are in a ratio 7:5. The,ok,526,96,99,96,99,3.0,True,True,True,,False,False,False,False,True,cot,False,,,2,2,after_last_eq,unchanged,96,96,,copying,True,partial hallucination,False
asdiv,copy,"In 3 seconds, Kevin can dribble a basketball 13 times. If Kevin dribbles at this",ok,138,13,12,13,12,-1.0,True,True,True,,False,False,False,False,False,question,False,,,0,0,no_verified_eqs,not_analyzable,,117,,copying,True,complete hallucination,False
asdiv,copy,A carpenter had a board that was 5.28 m long. She used her circular saw to cut 9,ok,183,5.28,3.28,5.28,3.28,-2.0,True,True,True,,False,False,False,False,False,question,False,,,0,0,no_verified_eqs,not_analyzable,,519,,copying,True,complete hallucination,False
asdiv,copy,"While organizing his DVD collection, Seth put 2 DVDs on the first rack, 4 DVDs o",ok,99,2.,-1.,2,-1,-3.0,True,True,True,,False,False,False,False,False,question,False,,,0,0,no_verified_eqs,not_analyzable,,64,,NOJOIN,NOJOIN,NOJOIN,False
asdiv,copy,Jeremy has two pieces of wood: one is 90 inches and the other is 72 inches. He w,ok,91,72,74,72,74,2.0,True,True,True,,False,False,False,False,False,question,False,,,0,0,no_verified_eqs,not_analyzable,,18,,NOJOIN,NOJOIN,NOJOIN,False
asdiv,copy,"This afternoon, Alec noticed that the number of the page assigned for homework i",ok,69,4,6,4,6,2.0,True,True,True,,False,False,False,False,False,question,False,,,0,0,no_verified_eqs,not_analyzable,,52,,NOJOIN,NOJOIN,NOJOIN,False
asdiv,copy,A baker had 7 boxes for donuts. He ended up making 48 donuts and splitting them ,ok,228,6,5,6,5,-1.0,True,True,True,,False,False,False,False,True,cot,False,,,1,0,no_verified_eqs,not_analyzable,,6,,copying,True,complete hallucination,False
asdiv,copy,Robin is making bead necklaces. She wants to use 31 beads to make 4 necklaces. I,ok,166,31,29,31,29,-2.0,True,True,True,,False,False,False,False,False,question,False,,,0,0,no_verified_eqs,not_analyzable,,3,,copying,True,states correct value,False
asdiv,copy,Jawbreakers come in packages of 8. Sarah ate 20 Jawbreakers. How many Jawbreaker,ok,465,8,11,8,11,3.0,True,True,True,,False,False,False,False,False,question,False,,,2,2,prose_mid,unchanged,4,4,,copying,True,states correct value,False
asdiv,copy,There are 5 flowers and 3 bees. What's the difference of the number of flowers a,ok,57,5,7,5,7,2.0,True,True,True,,False,False,False,False,False,question,False,,,0,0,no_verified_eqs,not_analyzable,,2,,copying,True,explicitly identifies error,False
asdiv,copy,Diane wants to buy a package of cookies. The cookies cost 65 cents. Diane has 27,ok,85,27,26,27,26,-1.0,True,True,True,,False,False,False,False,False,question,False,,,0,0,no_verified_eqs,not_analyzable,,38,,copying,True,directly redoes calculation,False
asdiv,copy,At the arcade Billy had won forty-eight tickets. After buying a yoyo he had thir,ok,285,48,45,48,45,-3.0,True,True,True,,False,False,False,False,False,cot,False,,,1,1,eq_operand,changed,13,16,,copying,True,partial hallucination,False
asdiv,copy,Dave was picking up sticks from his yard. He picked up fourteen but there were s,ok,86,14,12,14,12,-2.0,True,True,True,,False,False,False,False,False,cot,False,,,1,1,eq_operand,changed,8,10,,copying,True,complete hallucination,True
asdiv,copy,A waiter had nineteen customers. After some left he still had four customers. Wh,ok,264,19,16,19,16,-3.0,True,True,True,,False,False,False,False,False,cot,False,,,0,0,no_verified_eqs,not_analyzable,,15,,copying,True,complete hallucination,False
asdiv,copy,While playing a video game Victor lost fourteen lives. Now he has two lives. Wha,ok,202,2,5,2,5,3.0,True,True,True,,False,False,False,False,False,cot,False,,,1,1,eq_operand,changed,9,12,,copying,True,states correct value,False
asdiv,copy,"A furniture store had fifteen chairs. After selling some, there was three left. ",ok,353,12.,11.,12,11,-1.0,True,True,True,,False,False,False,False,True,cot,False,,,0,0,no_verified_eqs,not_analyzable,,12,,copying,True,explicitly identifies error,False
asdiv,copy,A store has forty-nine shirts. After selling some there were twenty-eight left. ,ok,231,49,51,49,51,2.0,True,True,True,,False,False,False,False,False,cot,False,,,0,0,no_verified_eqs,not_analyzable,,21,,copying,True,states correct value,False
asdiv,copy,"Tom used 2 batteries on his flashlights, 15 in his toys and 2 in his controllers",ok,83,15,17,15,17,2.0,True,True,True,,False,False,False,False,False,question,False,,,1,1,prose_mid,unchanged,13,13,,copying,True,states correct value,False
asdiv,copy,The library has 75 science books. The second graders borrowed 18 of them. What's,ok,79,18,19,18,19,1.0,True,True,True,,False,False,False,False,False,question,False,,,0,0,no_verified_eqs,not_analyzable,,57,,copying,True,complete hallucination,False
asdiv,copy,Miguel is 46 years old. He is 4 years older than thrice his son's age. Find the ,ok,417,3,1,3,1,-2.0,True,True,True,,False,False,False,False,False,cot,False,,,2,0,no_verified_eqs,not_analyzable,,14,,copying,True,states correct value,False
asdiv,copy,Ana is 5 years more than Jack. The sum of their ages is 29. Find the ages of Ana,ok,283,29,27,29,27,-2.0,True,True,True,,False,False,False,False,False,question,True,,,0,0,no_verified_eqs,not_analyzable,,17,,copying,True,complete hallucination,False
asdiv,copy,Devon is 12 years old. His age is 2 more than half the age of Steven. Find the a,ok,331,2,0,2,0,-2.0,True,True,True,,False,False,False,False,False,question,False,,,0,0,no_verified_eqs,not_analyzable,,20,,copying,True,states correct value,False
asdiv,copy,Mrs. Smith is 8 years more than twice the age of her son. The ages of son is 12.,ok,455,12,15,12,15,3.0,True,True,True,,False,False,False,False,False,question,False,,,3,3,eq_operand,unchanged,32,32,,copying,True,complete hallucination,False
asdiv,copy,A rectangular cupboard is of length 6 m and perimeter 20 m. Find the width of th,ok,201,6,7,6,7,1.0,True,True,True,,False,False,False,False,False,question,True,,,0,0,no_verified_eqs,not_analyzable,,4,,NOJOIN,NOJOIN,NOJOIN,False
asdiv,copy,Mr. White purchased a carpet for rectangular hall of area 800 sq. yards. The len,ok,176,32,33,32,33,1.0,True,True,True,,False,False,False,False,False,question,False,,,0,0,no_verified_eqs,not_analyzable,,25,,copying,True,partial hallucination,False
asdiv,copy,The base of the parallelogram is 11 inches and its area is 132 Sq. inches. Find ,ok,377,12,15,12,15,3.0,True,True,True,,False,False,False,False,True,cot,False,,,0,0,no_verified_eqs,not_analyzable,,12,,copying,True,states correct value,False
asdiv,copy,There were 6 soccer balls in the bag. Coach B. found several additional soccer b,ok,132,24,26,24,26,2.0,True,True,True,,False,False,False,False,False,question,False,,,0,0,no_verified_eqs,not_analyzable,,18,,copying,True,directly redoes calculation,False
asdiv,copy,There are thirty-eight dogwood trees currently in the park. Park workers will pl,ok,387,18,17,18,17,-1.0,True,True,True,,False,False,False,False,True,cot,False,,,0,0,no_verified_eqs,not_analyzable,,18,,copying,True,states correct value,False
asdiv,copy,There were six roses in the vase. Jessica cut some more roses from her flower ga,ok,331,12,9,12,9,-3.0,True,True,True,,False,False,False,False,True,cot,False,,,0,0,no_verified_eqs,not_analyzable,,12,,copying,True,states correct value,False
asdiv,copy,Last week Fred had 46 dollars and Jason had 13 dollars. Fred washed cars over th,ok,175,46,45,46,45,-1.0,True,True,True,,False,False,False,False,False,question,False,,,1,1,eq_operand,changed,12,11,,copying,True,directly redoes calculation,False
asdiv,copy,Dan's high school played eighteen baseball games this year and two were at night,ok,173,3,1,3,1,-2.0,True,True,True,,False,False,False,False,False,cot,False,,,1,1,eq_operand,changed,17,15,,copying,True,states correct value,False
asdiv,copy,"A number consisting of two digits, is equal to 7 times the sum of its digits. Wh",ok,220,10,8,10,8,-2.0,True,True,True,,False,False,False,False,False,cot,False,,,0,0,no_verified_eqs,not_analyzable,,63,,NOJOIN,NOJOIN,NOJOIN,False
asdiv,copy,"In a 2-digit number, the tens digit is 4 times the units digit. When the digits ",ok,273,14,16,14,16,2.0,True,True,True,,False,False,False,False,False,cot,False,,,0,0,no_verified_eqs,not_analyzable,,82,,copying,True,complete hallucination,False
asdiv,copy,An electrician cuts a 30 ft piece of wire into two pieces. One piece is 2 ft lon,ok,173,2,0,2,0,-2.0,True,True,True,,False,False,False,False,False,question,False,,,1,1,prose_mid,not_analyzable,,14,,copying,True,states correct value,False
asdiv,copy,"A man bought a cow and a calf for $990, paying 8 times as much for the cow as fo",ok,239,110,108,110,108,-2.0,True,True,True,,False,False,False,False,True,cot,False,,,1,1,prose_mid,not_analyzable,,110,,copying,True,states correct value,False
asdiv,copy,An eight ft board is cut into two pieces. One piece is 2 ft longer than the othe,ok,204,2,4,2,4,2.0,True,True,True,,False,False,False,False,False,question,False,,,1,1,prose_mid,not_analyzable,,3,,copying,False,,False
asdiv,copy,Doug built a tent in the shape of a regular pentagon. Its perimeter is 60 feet. ,ok,169,60,62,60,62,2.0,True,True,True,,False,False,False,False,False,question,False,,,0,0,no_verified_eqs,not_analyzable,,12,,copying,True,complete hallucination,False
asdiv,copy,Mr. Johnson used 80 meters of fencing to enclose a rectangular garden. The lengt,ok,279,25,28,25,28,3.0,True,True,True,,False,False,False,False,False,question,False,,,0,0,no_verified_eqs,not_analyzable,,15,,copying,True,states correct value,False
asdiv,copy,"An experienced ice skater spins on the ice, creating a perfect circle. Afterward",ok,320,3.14,0.14,3.14,0.14,-3.0,True,True,True,,False,False,False,False,False,cot,False,,,0,0,no_verified_eqs,not_analyzable,,2,,copying,True,directly redoes calculation,False
asdiv,copy,A square traffic sign has a perimeter of 16 feet. How long is each side of the t,ok,78,16,15,16,15,-1.0,True,True,True,,False,False,False,False,False,question,False,,,0,0,no_verified_eqs,not_analyzable,,4,,copying,True,complete hallucination,False
asdiv,copy,Robin had seven hundred thirty-six photos to put into a photo album. If each pag,ok,307,122.6667,123.6667,122.6667,123.6667,1.0,True,True,True,,False,False,False,False,False,cot,False,,,0,0,no_verified_eqs,not_analyzable,,122,,copying,True,explicitly identifies error,False
asdiv,copy,Megan had five hundred sixteen pennies. She wanted to place the pennies into nin,ok,520,9,7,9,7,-2.0,True,True,True,,False,False,False,False,False,cot,False,,,0,0,no_verified_eqs,not_analyzable,,6,,copying,True,states correct value,False
asdiv,copy,A store owner had six employees and bought five hundred eighty-three uniforms fo,ok,690,6.,9.,6,9,3.0,True,True,True,,False,False,False,False,False,cot,False,,,0,0,no_verified_eqs,not_analyzable,,5,,copying,False,,False
asdiv,copy,A movie store had nine hundred ninety-nine movies they were putting on five shel,ok,402,1000,1003,1000,1003,3.0,True,True,True,,False,False,False,False,False,cot,False,,,3,3,eq_operand,changed,4,1,,copying,True,states correct value,False
asdiv,copy,There are two hundred eighty-seven people attending a luncheon. If a table can h,ok,353,287,285,287,285,-2.0,True,True,True,,False,False,False,False,False,cot,False,,,0,0,no_verified_eqs,not_analyzable,,32,,other,True,partial hallucination,False
asdiv,copy,Kaleb has to sell 710 chocolate bars to get a prize. If each box contains 5 choc,ok,295,142,145,142,145,3.0,True,True,True,,False,False,False,False,True,cot,False,,,0,0,no_verified_eqs,not_analyzable,,142,,copying,True,states correct value,False
asdiv,copy,Edward's dad bought 459 centimeters of string. If he cut the string into 9 equal,ok,198,51,50,51,50,-1.0,True,True,True,,False,False,False,False,True,cot,False,,,0,0,no_verified_eqs,not_analyzable,,51,,copying,True,partial hallucination,False
asdiv,copy,There are 336 students in a school. If the school has 7 grades and each grade ha,ok,156,7,8,7,8,1.0,True,True,True,,False,False,False,False,False,question,False,,,0,0,no_verified_eqs,not_analyzable,,48,,copying,True,explicitly identifies error,False
asdiv,copy,The ring toss game at the carnival made 420 dollars in 3 days. If they made the ,ok,288,140,137,140,137,-3.0,True,True,True,,False,False,False,False,True,cot,False,,,0,0,no_verified_eqs,not_analyzable,,140,,copying,True,states correct value,False
asdiv,copy,A company was buying new uniforms for its employees. They bought 121 uniforms to,ok,160,32,34,32,34,2.0,True,True,True,,False,False,False,False,False,question,False,,,0,0,no_verified_eqs,not_analyzable,,4,,copying,True,directly redoes calculation,False
asdiv,copy,A book had a length of 2 inches and a width of 3 inches. What is the area of the,ok,141,3,5,3,5,2.0,True,True,True,,False,False,False,False,False,question,False,,,0,0,no_verified_eqs,not_analyzable,,6,,copying,True,states correct value,False
asdiv,copy,The woods behind Jerry's house were 6 miles wide and 3 miles long. What is the a,ok,170,6,7,6,7,1.0,True,True,True,,False,False,False,False,False,question,False,,,0,0,no_verified_eqs,not_analyzable,,18,,copying,True,states correct value,False
asdiv,copy,A restaurant added a new outdoor section that was 4 feet wide and 6 feet long. W,ok,185,4,6,4,6,2.0,True,True,True,,True,True,True,False,False,question,False,,,0,0,no_verified_eqs,not_analyzable,,24,,copying,True,explicitly identifies error,False
asdiv,copy,An island in the Indian Ocean was 4 miles wide and 7 miles long. What is the per,ok,363,4,7,4,7,3.0,True,True,True,,True,True,True,False,False,question,False,,,0,0,no_verified_eqs,not_analyzable,,22,,copying,True,states correct value,False
asdiv,copy,Dave bought a new flat screen TV. The screen was 2 feet wide and 4 feet tall. Wh,ok,172,4,7,4,7,3.0,True,True,True,,False,False,False,False,False,question,False,,,0,0,no_verified_eqs,not_analyzable,,8,,NOJOIN,NOJOIN,NOJOIN,False
asdiv,copy,A farm was 7 miles wide and 8 miles long. What is the area of the farm?,ok,181,8.,9.,8,9,1.0,True,True,True,,False,False,False,False,False,question,False,,,0,0,no_verified_eqs,not_analyzable,,56,,copying,True,explicitly identifies error,False
asdiv,copy,Adam could fit nine action figures on each shelf in his room. His room has three,ok,98,3,1,3,1,-2.0,True,True,True,,False,False,False,False,False,cot,False,,,1,1,eq_operand,changed,9,27,,copying,True,states correct value,True
asdiv,copy,Frank had forty-two pieces of candy. If he put them into bags with seven pieces ,ok,204,7,6,7,6,-1.0,True,True,True,,False,False,False,True,False,cot,False,,,1,1,eq_operand,changed,7,6,,copying,False,,False
asdiv,copy,An architect built a house with ten bedrooms total. If the second floor had two ,ok,397,8,7,8,7,-1.0,True,True,True,,False,False,False,False,True,cot,False,,,0,0,no_verified_eqs,not_analyzable,,8,,copying,True,states correct value,False
asdiv,copy,On the last day of school only sixteen students showed up. If seven of them were,ok,86,16,18,16,18,2.0,True,True,True,,False,False,False,False,False,cot,False,,,1,1,prose_mid,unchanged,9,9,,copying,True,states correct value,False
asdiv,copy,Jerry was playing the ring toss at the carnival. All together he used forty-eigh,ok,190,6,5,6,5,-1.0,True,True,True,,False,False,False,False,False,cot,False,,,0,0,no_verified_eqs,not_analyzable,,8,,copying,True,directly redoes calculation,False
asdiv,copy,"Will had twenty-eight bottles of water. If he drank seven each day, how many day",ok,301,4,7,4,7,3.0,True,True,True,,False,True,True,False,True,cot,False,,,0,0,no_verified_eqs,not_analyzable,,4,,copying,True,complete hallucination,False
asdiv,copy,For Halloween Tom received twenty pieces of candy. If he put them into piles wit,ok,244,4,6,4,6,2.0,True,True,True,,False,False,False,False,True,cot,False,,,1,1,after_last_eq,unchanged,4,4,,copying,True,states correct value,False
asdiv,copy,Tiffany was sending out birthday invitations to her friends. She sent out nine o,ok,203,8,9,8,9,1.0,True,True,True,,False,True,True,False,False,cot,False,,,0,0,no_verified_eqs,not_analyzable,,17,,copying,True,states correct value,False
asdiv,copy,Faye was placing her pencils into rows with eight pencils in each row. If she ha,ok,124,32,35,32,35,3.0,True,True,True,,False,False,False,False,False,cot,False,,,1,1,eq_operand,changed,4.375,4,,copying,True,complete hallucination,True
asdiv,copy,Olivia's dad took her and some friends out to eat for her birthday. If each meal,ok,183,7,5,7,5,-2.0,True,True,True,,False,False,False,False,False,question,False,,,0,0,no_verified_eqs,not_analyzable,,21,,copying,True,directly redoes calculation,False
asdiv,copy,"Rachel bought 8 music albums online. If each album had 2 songs, how many songs d",ok,49,2,4,2,4,2.0,True,True,True,,False,False,False,False,False,question,False,,,0,0,no_verified_eqs,not_analyzable,,16,,copying,True,complete hallucination,False
asdiv,copy,Emily owned 6 songs by her favorite artists. Later on she bought 7 more songs. H,ok,12,6,3,6,3,-3.0,True,True,True,,False,False,False,False,False,question,False,,,1,1,prose_mid,unchanged,13,13,,copying,True,directly redoes calculation,False
asdiv,copy,Cody made 12 dollars mowing lawns over the summer. If he charged 4 bucks for eac,ok,230,4,7,4,7,3.0,True,True,True,,False,False,False,False,False,question,False,,,0,0,no_verified_eqs,not_analyzable,,3,,copying,True,directly redoes calculation,False
asdiv,copy,The roller coaster at the state fair costs 6 tickets per ride. If 8 friends were,ok,273,8,9,8,9,1.0,True,True,True,,False,False,False,False,False,question,False,,,0,0,no_verified_eqs,not_analyzable,,48,,other,True,complete hallucination,False
asdiv,copy,Nancy was buying soap for her bathroom. She bought 6 packs with each pack having,ok,13,6,5,6,5,-1.0,True,True,True,,True,False,True,False,False,question,False,,,0,0,no_verified_eqs,not_analyzable,,30,,copying,True,states correct value,False
asdiv,copy,A group of 4 friends were playing video games. Later 3 more friends came over. H,ok,11,4,1,4,1,-3.0,True,True,True,,False,False,False,False,False,question,False,,,1,1,prose_mid,unchanged,7,7,,copying,True,directly redoes calculation,False
asdiv,copy,Bianca was practicing for a marathon. To prepare she ran 8 miles the first day a,ok,11,8,11,8,11,3.0,True,True,True,,False,False,False,False,False,question,False,,,0,0,no_verified_eqs,not_analyzable,,12,,copying,True,directly redoes calculation,False
asdiv,copy,A delivery driver had to make 3 stops on his route. After he finished those deli,ok,154,4,2,4,2,-2.0,True,True,True,,False,False,False,False,False,question,False,,,0,0,no_verified_eqs,not_analyzable,,7,,copying,True,states correct value,False
asdiv,copy,Emily's mom was buying extra school supplies for Emily and her sister. She bough,ok,219,6,8,6,8,2.0,True,True,True,,False,False,False,False,False,question,False,,,0,0,no_verified_eqs,not_analyzable,,7,,copying,True,states correct value,False
asdiv,copy,Adam was reading through his favorite book series. The first week he read 5 diff,ok,161,5,6,5,6,1.0,True,True,True,,False,False,False,False,False,question,False,,,1,1,prose_mid,unchanged,13,13,,copying,True,directly redoes calculation,False
asdiv,copy,There are 40 students in the school band. If the band instructor put the student,ok,191,5,4,5,4,-1.0,True,True,True,,False,False,False,False,False,question,False,,,0,0,no_verified_eqs,not_analyzable,,8,,copying,True,partial hallucination,False
asdiv,copy,Carol was sending out birthday invitations to her friends. If each package of in,ok,182,5,7,5,7,2.0,True,True,True,,False,False,False,False,False,question,False,,,1,1,eq_operand,changed,63,45,,copying,True,complete hallucination,False
asdiv,copy,A contractor was buying wall outlets for a new house he was building. Each room ,ok,193,7,8,7,8,1.0,True,True,True,,False,False,False,False,False,question,False,,,0,0,no_verified_eqs,not_analyzable,,42,,copying,True,states correct value,False
asdiv,copy,Frank had $16. After buying some new toys he had $8 left. How much did he spend ,ok,176,8,11,8,11,3.0,True,True,True,,False,False,False,False,True,question,False,,,1,1,prose_mid,unchanged,8,8,,copying,True,directly redoes calculation,False
asdiv,copy,"Dave had sixteen apps on his phone. After deleting some, he had eight left. How ",ok,171,8,10,8,10,2.0,True,True,True,,False,False,False,False,True,cot,False,,,1,1,prose_mid,unchanged,8,8,,copying,True,states correct value,False
asdiv,copy,Jenny was told to clean up her room in fourteen days or she could not go to her ,ok,195,3,0,3,0,-3.0,True,True,True,,False,False,False,False,False,cot,False,,,0,0,no_verified_eqs,not_analyzable,,11,,copying,True,states correct value,False
asdiv,copy,A waiter had fourteen customers. After some left he still had three customers. H,ok,223,3,0,3,0,-3.0,True,True,True,,False,False,False,False,False,cot,False,,,1,1,eq_operand,changed,14,11,,copying,True,states correct value,False
asdiv,copy,"For Halloween Will got fifteen pounds of candy. After giving some to Haley, he h",ok,200,15,13,15,13,-2.0,True,True,True,,False,False,False,False,False,cot,False,,,1,1,eq_operand,changed,4,6,,copying,True,states correct value,False
asdiv,copy,"Debby owned thirteen DVDs. If she sold six of them, how many would she have left",ok,123,6,8,6,8,2.0,True,True,True,,False,False,False,False,False,cot,False,,,1,1,eq_operand,changed,5,7,,copying,True,explicitly identifies error,False
asdiv,copy,The host prepared nineteen cakes for the party. After the party he had nine left,ok,253,10,11,10,11,1.0,True,True,True,,False,False,False,False,True,cot,False,,,0,0,no_verified_eqs,not_analyzable,,10,,copying,True,states correct value,False
asdiv,copy,Olivia had eighty-one pieces of paper in her folder. She used fifty-six pieces. ,ok,171,56,59,56,59,3.0,True,True,True,,False,False,False,False,False,cot,False,,,1,1,eq_operand,changed,22,25,,copying,True,directly redoes calculation,False
asdiv,copy,When Amy got to the fair she had $15. When she left she had $11. How much money ,ok,203,11,8,11,8,-3.0,True,True,True,,False,False,False,False,False,question,False,,,1,1,eq_operand,changed,7,4,,copying,True,directly redoes calculation,False
asdiv,copy,"A museum had ninety-eight paintings. After they got rid of some, they had ninety",ok,195,98,101,98,101,3.0,True,True,True,,False,False,False,False,False,cot,False,,,1,1,prose_mid,unchanged,3,3,,copying,True,directly redoes calculation,False
asdiv,copy,For a birthday party a clown gave away six balloons. Now he has fifty-five ballo,ok,174,6,9,6,9,3.0,True,True,True,,False,False,False,False,False,cot,False,,,1,1,eq_operand,changed,64,61,,copying,True,states correct value,False
asdiv,copy,There were ninety-four dollars in Olivia's wallet. After she visited a supermark,ok,289,16,19,16,19,3.0,True,True,True,,False,False,False,False,True,cot,False,,,0,0,no_verified_eqs,not_analyzable,,16,,copying,True,directly redoes calculation,False
asdiv,copy,Winnie completed eighty-six consecutive repetitions for rope jumping yesterday. ,ok,178,86,85,86,85,-1.0,True,True,True,,False,False,False,False,False,cot,False,,,0,0,no_verified_eqs,not_analyzable,,13,,copying,True,states correct value,False
asdiv,copy,While playing a video game Ned lost thirteen lives. Now he has seventy lives. Ho,ok,156,70,69,70,69,-1.0,True,True,True,,False,False,False,False,False,cot,False,,,1,1,eq_operand,changed,82,83,,copying,True,complete hallucination,False
asdiv,copy,"Adam picked thirty-five strawberries. After eating some, he had thirty-three lef",ok,157,35,37,35,37,2.0,True,True,True,,False,False,False,False,False,cot,False,,,1,1,eq_operand,changed,4,2,,copying,True,directly redoes calculation,False
asdiv,copy,"A farmer planted 2 tomato seeds, 10 cucumber seeds and 3 pumpkin seeds. How many",ok,58,3,2,3,2,-1.0,True,True,True,,True,True,True,False,False,question,False,,,1,1,prose_mid,unchanged,15,15,,copying,True,states correct value,False
asdiv,copy,"Tom used 2 batteries on his flashlights, 15 in his toys and 2 in his controllers",ok,231,19,17,19,17,-2.0,True,True,True,,False,False,False,False,True,cot,False,,,0,0,no_verified_eqs,not_analyzable,,19,,copying,True,states correct value,False
asdiv,copy,"Tom read 2 books in May, 6 in June and 10 in July. How many books did Tom read? ",ok,146,2,4,2,4,2.0,True,True,True,,False,False,False,False,False,question,False,,,1,1,eq_operand,changed,20,18,,copying,True,states correct value,False
asdiv,copy,"At the arcade Debby spent 2 tickets on a hat, 10 on a stuffed animal and 2 on a ",ok,240,14,11,14,11,-3.0,True,True,True,,False,False,False,False,True,cot,False,,,0,0,no_verified_eqs,not_analyzable,,14,,copying,True,states correct value,False
asdiv,copy,An artist painted 2 pictures in June. He painted 2 more in July and in August he,ok,189,9,10,9,10,1.0,True,True,True,,False,False,False,False,False,question,False,,,0,0,no_verified_eqs,not_analyzable,,13,,copying,True,states correct value,False
asdiv,copy,"While on vacation, Debby took 24 pictures at the zoo and 12 at the museum. If sh",ok,168,36,34,36,34,-2.0,True,True,True,,False,False,False,False,False,cot,False,,,2,2,prose_mid,unchanged,22,22,,copying,True,directly redoes calculation,False
asdiv,copy,Zoe bought two coloring books. One had 44 pictures and the other had 44. After o,ok,96,44,45,44,45,1.0,True,True,True,,False,False,False,False,False,question,False,,,2,2,prose_mid,unchanged,68,68,,copying,True,states correct value,False
asdiv,copy,Faye and her mom were picking carrots from their garden. Faye picked 23 and her ,ok,149,23,24,23,24,1.0,True,True,True,,False,False,False,False,False,question,False,,,2,2,prose_mid,unchanged,16,16,,copying,True,states correct value,False
asdiv,copy,Li Na is going to plant 63 tomato plants and 81 rhubarb plants. Li Na would like,ok,60,63,64,63,64,1.0,True,True,True,,False,False,False,False,False,question,False,,,0,0,no_verified_eqs,not_analyzable,,9,,NOJOIN,NOJOIN,NOJOIN,False
asdiv,copy,Martha is buying 18 packs of pencils and 14 packs of pens from the store. If Mar,ok,108,18,16,18,16,-2.0,True,True,True,,False,False,False,False,False,question,False,,,0,0,no_verified_eqs,not_analyzable,,126,,NOJOIN,NOJOIN,NOJOIN,False
asdiv,copy,Bill observed two types of birds in the bushes: sparrows and parrots. While the ,ok,125,13,15,13,15,2.0,True,True,True,,False,False,False,False,False,question,False,,,0,0,no_verified_eqs,not_analyzable,,182,,NOJOIN,NOJOIN,NOJOIN,False
asdiv,copy,Rosa is making a game board that is 16 inches by 24 inches. She wants to use squ,ok,67,24,21,24,21,-3.0,True,True,True,,False,False,False,False,False,question,False,,,0,0,no_verified_eqs,not_analyzable,,8,,NOJOIN,NOJOIN,NOJOIN,False
asdiv,copy,"Three pieces of timber 42 m, 49 m and 63 m long have to be divided into planks o",ok,225,42,44,42,44,2.0,True,True,True,,False,False,False,False,False,question,True,,,6,6,eq_rhs,unchanged,7,7,,NOJOIN,NOJOIN,NOJOIN,False
asdiv,copy,"A chef only had 3 apples so he ordered 2 more bags. If each bag has 9 apples, ho",ok,165,18,19,18,19,1.0,True,True,True,,False,False,False,False,False,cot,False,,,2,2,eq_operand,changed,22,21,,copying,True,complete hallucination,True
asdiv,copy,Before lunch a waitress had already earned $5 in tips. After lunch she had 7 cus,ok,299,5,4,5,4,-1.0,True,True,True,,False,False,False,False,False,question,False,,,2,2,prose_mid,unchanged,19,19,,copying,True,complete hallucination,False
asdiv,copy,A clothing company used 2 buttons on jeans and 5 buttons on shirts. If they made,ok,157,5,4,5,4,-1.0,True,True,True,,False,False,False,False,False,question,False,,,0,0,no_verified_eqs,not_analyzable,,47,,copying,True,complete hallucination,False
asdiv,copy,Adam had 8 boxes of toys. Each box had 6 toys. Later Adam bought 5 more toys. Ho,ok,316,48,45,48,45,-3.0,True,True,True,,False,False,False,False,False,cot,False,,,2,2,eq_operand,changed,50,53,,copying,True,complete hallucination,False
asdiv,copy,A pet store sold 2 kittens and 1 puppy over the weekend. The kittens sold for $6,ok,457,5,6,5,6,1.0,True,True,True,,True,True,True,False,False,question,False,,,3,3,prose_mid,unchanged,17,17,,copying,True,complete hallucination,False
asdiv,copy,There were sixty-one people in line at lunch when twenty-two more got in line. H,ok,169,22,21,22,21,-1.0,True,True,True,,False,False,False,False,False,cot,False,,,1,1,eq_operand,changed,82,83,,copying,True,directly redoes calculation,False
asdiv,copy,Isabel had sixty-eight pieces of candy. Her friend gave her twenty-five more pie,ok,250,93,96,93,96,3.0,True,True,True,,False,False,False,False,True,cot,False,,,1,1,after_last_eq,unchanged,93,93,,copying,True,states correct value,False
asdiv,copy,At the fair Amy started with thirty-three tickets and then bought twenty-one mor,ok,146,33,34,33,34,1.0,True,True,True,,False,False,False,False,False,cot,False,,,1,1,eq_operand,changed,55,54,,copying,True,complete hallucination,True
asdiv,copy,Mike collected seventy-one cans to recycle on Monday and twenty-seven more on Tu,ok,173,71,72,71,72,1.0,True,True,True,,False,False,False,False,False,cot,False,,,0,0,no_verified_eqs,not_analyzable,,98,,copying,True,directly redoes calculation,False
asdiv,copy,At the zoo Zoe took sixty-seven pictures. If her sister took another seventeen p,ok,146,67,66,67,66,-1.0,True,True,True,,False,False,False,False,False,cot,False,,,1,1,eq_operand,changed,83,84,,copying,True,partial hallucination,False
asdiv,copy,Sam was playing basketball with his friend. Sam scored seventy-five points and h,ok,241,87,86,87,86,-1.0,True,True,True,,False,False,False,False,True,cot,False,,,1,1,after_last_eq,unchanged,87,87,,copying,True,complete hallucination,False
asdiv,copy,Victor had $10. For his allowance he got another $8. How much money does he have,ok,12,10,13,10,13,3.0,True,True,True,,False,False,False,False,False,question,False,,,1,1,prose_mid,unchanged,18,18,,copying,True,directly redoes calculation,False
asdiv,copy,John has twelve shirts. Later he bought four more shirts. How many shirts does J,ok,186,4,6,4,6,2.0,True,True,True,,False,False,False,False,False,cot,False,,,1,1,prose_mid,unchanged,16,16,,copying,True,states correct value,False
asdiv,copy,Roger went to the movies fifteen times last year and three times this year. How ,ok,221,15,16,15,16,1.0,True,True,True,,False,False,False,False,False,cot,False,,,0,0,no_verified_eqs,not_analyzable,,18,,copying,True,directly redoes calculation,False
asdiv,copy,Olivia picked up sixteen pieces of paper from the floor. If Edward picked up thr,ok,224,19,17,19,17,-2.0,True,True,True,,False,False,False,False,True,cot,False,,,1,1,after_last_eq,unchanged,19,19,,copying,True,states correct value,False
asdiv,copy,John had 33 socks. If he threw away 19 old ones that didn't fit and bought 13 ne,ok,125,14,15,14,15,1.0,True,True,True,,False,False,False,False,False,cot,False,,,2,2,prose_mid,unchanged,27,27,,copying,True,directly redoes calculation,False
asdiv,copy,Paul made forty-four dollars mowing lawns and twenty-eight dollars weed eating. ,ok,352,9,11,9,11,2.0,True,True,True,,False,False,False,False,False,cot,False,,,2,2,eq_operand,changed,6.545454545,8,,copying,True,directly redoes calculation,True
asdiv,copy,Kaleb had saved up thirty-nine dollars. If he received another twenty-five dolla,ok,140,39,38,39,38,-1.0,True,True,True,,False,False,False,False,False,cot,False,,,2,2,eq_operand,changed,7.875,8,,copying,True,directly redoes calculation,True
asdiv,copy,A pet shelter had twenty-three puppies when another two were brought in. If five,ok,414,5,7,5,7,2.0,True,True,True,,False,False,False,False,True,cot,False,,,2,2,prose_mid,unchanged,5,5,,copying,True,states correct value,False
asdiv,copy,Haley's old washing machine could only wash seven pieces of clothing at a time. ,ok,153,33,34,33,34,1.0,True,True,True,,False,False,False,False,False,cot,False,,,2,2,eq_operand,changed,5.142857143,5,,copying,True,directly redoes calculation,True
asdiv,copy,At a company picnic three managers and three employees decided to start a game o,ok,77,3,6,3,6,3.0,True,True,True,,False,True,True,False,False,cot,False,,,0,0,no_verified_eqs,not_analyzable,,2,,other,True,states correct value,False
asdiv,copy,Luke was putting his spare change into piles. He had five piles of quarters and ,ok,137,10,9,10,9,-1.0,True,True,True,,False,False,False,False,False,cot,False,,,2,2,prose_mid,unchanged,30,30,,copying,True,directly redoes calculation,False
asdiv,copy,Katie was selling her necklaces at a garage sale. She sold four bead necklaces a,ok,343,7,6,7,6,-1.0,True,True,True,,False,False,False,False,False,cot,False,,,2,2,prose_mid,unchanged,21,21,,copying,True,directly redoes calculation,False
asdiv,copy,Kaleb was collecting cans for recycling. On Saturday he filled five bags up and ,ok,140,5,2,5,2,-3.0,True,True,True,,False,False,False,False,False,cot,False,,,2,2,eq_operand,changed,28,40,,copying,True,directly redoes calculation,True
asdiv,copy,"A waiter had five tables he was waiting on, with five women and three men at eac",ok,372,5,2,5,2,-3.0,True,True,True,,False,False,False,False,False,cot,False,,,0,0,no_verified_eqs,not_analyzable,,40,,copying,True,states correct value,False
asdiv,copy,Dave was working as a sacker at a grocery store where he made six dollars an hou,ok,279,6,3,6,3,-3.0,True,True,True,,False,False,False,False,False,cot,False,,,0,0,no_verified_eqs,not_analyzable,,48,,copying,True,states correct value,False
asdiv,copy,Tom had thirty-six pieces of clothing to wash. He put eighteen of them in one lo,ok,79,18,19,18,19,1.0,True,True,True,,False,False,False,False,False,cot,True,,,1,1,eq_rhs,not_analyzable,,9,,NOJOIN,NOJOIN,NOJOIN,True
asdiv,copy,Mike made ninety dollars mowing lawns over the summer. If he spent forty-five do,ok,179,45,48,45,48,3.0,True,True,True,,False,False,False,False,False,cot,True,,,2,2,eq_rhs,changed,9.6,9,,calculation,True,complete hallucination,False
asdiv,copy,"A trivia team had 9 members total, but during a game 3 members didn't show up. I",ok,325,2,1,2,1,-1.0,True,True,True,,False,False,False,False,False,question,False,,,2,2,prose_mid,unchanged,12,12,,copying,True,directly redoes calculation,False
asdiv,copy,If Lillian split 20 Skittles between 8 people in her class and kept the left ove,ok,95,8,11,8,11,3.0,True,True,True,,False,False,False,False,False,question,False,,,1,0,no_verified_eqs,not_analyzable,,2,,copying,True,directly redoes calculation,False
asdiv,copy,There are 64 marbles in Phyllis's marble collection. If the marbles are organize,ok,57,32,33,32,33,1.0,True,True,True,,False,False,False,False,False,question,False,,,1,1,prose_mid,unchanged,2,2,,NOJOIN,NOJOIN,NOJOIN,False
asdiv,copy,"Laura has 28 blocks and 8 cards. If she shares the blocks among 4 friends, how m",ok,57,4,5,4,5,1.0,True,True,True,,False,False,False,False,False,question,False,,,0,0,no_verified_eqs,not_analyzable,,7,,copying,True,complete hallucination,False
asdiv,copy,Catherine has 18 bottle caps and 19 blocks. If she shares the bottle caps among ,ok,98,6,3,6,3,-3.0,True,True,True,,False,False,False,True,False,question,False,,,0,0,no_verified_eqs,not_analyzable,,3,,copying,True,explicitly identifies error,False
asdiv,copy,"Denise has 210 crayons and 3 blocks. If she shares the crayons among 30 friends,",ok,97,30,31,30,31,1.0,True,True,True,,False,False,False,False,False,question,False,,,0,0,no_verified_eqs,not_analyzable,,7,,copying,True,explicitly identifies error,False
asdiv,calc,Ellen has six more balls than Marin. Marin has nine balls. How many balls does E,ok,165,15,12,15,12,-3.0,True,True,True,,False,False,False,False,True,,True,False,False,1,1,eq_rhs,changed,12,15,,calculation,False,,False
asdiv,calc,Allan brought two balloons and Jake brought four balloons to the park. How many ,ok,179,4,3,4,3,-1.0,True,True,True,,False,False,False,False,False,,False,False,True,0,0,no_verified_eqs,not_analyzable,,6,,other,True,directly redoes calculation,False
asdiv,calc,Brian has four more plums than Paul. Paul has seven plums. How many plums does B,ok,166,4,6,4,6,2.0,True,True,True,,False,False,False,False,False,,False,False,True,1,1,eq_operand,changed,13,11,,copying,True,directly redoes calculation,False
asdiv,calc,"1 lonely pigeons was eating breadcrumbs. Another pigeon came to eat breadcrumbs,",ok,111,2,3,2,3,1.0,True,True,True,,False,False,False,False,True,,True,False,False,1,1,eq_rhs,changed,3,2,,copying,True,directly redoes calculation,False
asdiv,calc,2 toucans are sitting on a tree limb. 1 more toucan joins them. How many toucans,ok,123,3,0,3,0,-3.0,True,True,True,,False,False,False,False,True,,True,False,False,1,1,eq_rhs,changed,0,3,,copying,True,directly redoes calculation,False
asdiv,calc,Mrs. Hilt's favorite first grade classes are baking muffins. Mrs. Brier's class ,ok,248,55,52,55,52,-3.0,True,True,True,,False,False,False,False,True,,True,False,False,2,2,eq_rhs,changed,52,55,,calculation,False,,True
asdiv,calc,Mrs. Hilt bought a yoyo for 24 cents and a whistle for 14 cents. How much did sh,ok,232,38,39,38,39,1.0,True,True,True,,False,False,False,False,True,,True,False,False,0,0,no_verified_eqs,not_analyzable,,38,,calculation,True,states correct value,False
asdiv,calc,Mrs. Hilt saw 2 dogs and 2 chickens. How many animal legs did she see?,ok,162,12,15,12,15,3.0,True,True,True,,False,False,False,False,True,,True,False,False,3,3,eq_rhs,changed,15,12,,calculation,True,states correct value,True
asdiv,calc,Millie had 9 bracelets. She lost 2 of them. How many bracelets does Millie have ,ok,194,7,6,7,6,-1.0,True,True,True,,False,False,False,False,True,,True,False,False,1,1,eq_rhs,changed,6,7,,calculation,False,,False
asdiv,calc,Lucy went to the grocery store. She bought 12 packs of cookies and 16 packs of n,ok,219,28,25,28,25,-3.0,True,True,True,,False,False,False,False,True,,True,False,False,0,0,no_verified_eqs,not_analyzable,,28,,calculation,True,directly redoes calculation,False
asdiv,calc,"Last Saturday, Marie sold 425 magazines and 275 newspapers. What is the total nu",ok,182,700,701,700,701,1.0,True,True,True,,False,False,False,False,True,,True,False,False,0,0,no_verified_eqs,not_analyzable,,700,,calculation,True,complete hallucination,False
asdiv,calc,Twenty-two boys went down the slide. Thirteen more boys went down the slide. How,ok,189,35,38,35,38,3.0,True,True,True,,False,False,False,False,True,,True,False,False,1,1,eq_rhs,changed,38,35,,calculation,True,complete hallucination,False
asdiv,calc,Mrs. Sheridan has 22 fish. Her sister gave her 47 more fish. How many fish does ,ok,216,69,70,69,70,1.0,True,True,True,,False,False,False,False,True,,True,False,False,1,1,eq_rhs,changed,70,69,,calculation,False,,False
asdiv,calc,Mrs. Heine is buying Valentine's Day treats for her 2 dogs. If she wants to buy ,ok,347,12,15,12,15,3.0,True,True,True,,False,False,False,False,True,,True,False,False,3,3,eq_rhs,changed,15,12,,calculation,True,states correct value,True
asdiv,calc,Cade had 87 marbles. He gave 8 to Dylan. How many does he have left?,ok,180,79,82,79,82,3.0,True,True,True,,False,False,False,False,True,,True,False,False,1,1,eq_rhs,changed,82,79,,calculation,True,complete hallucination,False
asdiv,calc,Isabella's hair is 18 inches long. By the end of the year her hair is 24 inches ,ok,248,6,3,6,3,-3.0,True,True,True,,False,False,False,False,True,,True,False,False,0,0,no_verified_eqs,not_analyzable,,6,,calculation,True,states correct value,False
asdiv,calc,Mrs. Snyder made 86 heart cookies. She made 36 red cookies and the rest are pink,ok,276,50,48,50,48,-2.0,True,True,True,,False,False,False,False,True,,True,False,False,0,0,no_verified_eqs,not_analyzable,,50,,calculation,True,states correct value,False
asdiv,calc,Alex had some candles for his Jack O'Lanterns. He used 32 of them. Now he has 12,ok,222,44,47,44,47,3.0,True,True,True,,False,False,False,False,True,,True,False,False,0,0,no_verified_eqs,not_analyzable,,44,,calculation,True,states correct value,False
asdiv,calc,"Sarah had some trucks. She gave 13 to Jeff, and now she has 38 trucks left. How ",ok,267,51,49,51,49,-2.0,True,True,True,,False,False,False,False,True,,True,False,False,0,0,no_verified_eqs,not_analyzable,,51,,calculation,False,,False
asdiv,calc,Brad has 17 balloons. 8 balloons are red and the rest are green. How many green ,ok,227,9,7,9,7,-2.0,True,True,True,,False,False,False,False,True,,True,False,False,0,0,no_verified_eqs,not_analyzable,,9,,copying,True,states correct value,False
asdiv,calc,Mrs. Hilt had 38 marbles. She lost 15 of them. How many marbles does she have le,ok,213,23,25,23,25,2.0,True,True,True,,False,False,False,False,True,,True,False,False,0,0,no_verified_eqs,not_analyzable,,23,,calculation,True,complete hallucination,False
asdiv,calc,I have 28 cents in my pocket. How coins could I have on minimization?,ok,156,25,28,25,28,3.0,True,True,True,,True,True,True,False,False,,False,False,False,0,0,no_verified_eqs,not_analyzable,,4,,copying,True,complete hallucination,False
asdiv,calc,Jeff has twice as many crayons as Joan. Joan has 12 crayons. How many does Jeff ,ok,168,24,26,24,26,2.0,True,True,True,,False,False,False,False,True,,True,False,False,0,0,no_verified_eqs,not_analyzable,,24,,calculation,True,states correct value,False
asdiv,calc,Dan has $3.00. He bought a candy bar for $1.00. How much money is left?,ok,185,2.00,5.0,2,5,3.0,True,True,True,,False,False,False,False,True,,True,False,False,1,1,eq_rhs,changed,5,2,,calculation,True,directly redoes calculation,False
asdiv,calc,5 boats are in the lake. Each boat has 3 people. How many people are on boats in,ok,205,15,18,15,18,3.0,True,True,True,,False,False,False,False,True,,True,False,False,0,0,no_verified_eqs,not_analyzable,,15,,calculation,True,states correct value,False
asdiv,calc,Charlie has 31 more snowballs than Lucy. She has 19 snowballs. How many does Cha,ok,143,50,47,50,47,-3.0,True,True,True,,False,False,False,False,True,,True,False,False,1,1,eq_rhs,changed,47,50,,calculation,True,complete hallucination,False
asdiv,calc,"Upon finishing the treehouse, Charlie's mother served them freshly baked cookies",ok,188,30,32,30,32,2.0,True,True,True,,False,False,False,False,True,,True,False,False,1,1,eq_rhs,changed,32,30,,calculation,True,states correct value,False
asdiv,calc,Annie is about to celebrate her birthday next week so her friends decided to thr,ok,214,55,57,55,57,2.0,True,True,True,,False,False,False,False,True,,True,False,False,0,0,no_verified_eqs,not_analyzable,,55,,calculation,True,complete hallucination,False
asdiv,calc,"It's Halloween in Chicago. Bob, Mary, John, Sue and Sam dressed as superheroes a",ok,245,50,53,50,53,3.0,True,True,True,,False,False,False,False,True,,True,False,False,0,0,no_verified_eqs,not_analyzable,,50,,calculation,True,states correct value,False
asdiv,calc,Bob who is Sam's next door neighbor decided that he will accompany Sam home. He ,ok,211,50,47,50,47,-3.0,True,True,True,,False,False,False,False,True,,True,False,False,0,0,no_verified_eqs,not_analyzable,,50,,calculation,True,complete hallucination,False
asdiv,calc,After the aviary was the zoo's swamp area. Penny counted a total of 55 tree frog,ok,150,78,75,78,75,-3.0,True,True,True,,False,False,False,False,True,,True,False,False,1,1,eq_rhs,changed,75,78,,calculation,False,,False
asdiv,calc,Robyn and Lucy are members of their village's Girl Scout troop. During weekends ,ok,215,76,73,76,73,-3.0,True,True,True,,False,False,False,False,True,,True,False,False,1,1,eq_rhs,changed,73,76,,calculation,False,,False
asdiv,calc,"Hazel and her father both love going on fishing trips. This year, they planned t",ok,225,51,52,51,52,1.0,True,True,True,,False,False,False,False,True,,True,False,False,0,0,no_verified_eqs,not_analyzable,,51,,calculation,False,,False
asdiv,calc,It's spring break at Rosewood High so Rachel and her family decided to take a tr,ok,242,892,889,892,889,-3.0,True,True,True,,False,False,False,False,True,,True,False,False,0,0,no_verified_eqs,not_analyzable,,892,,calculation,False,,False
asdiv,calc,Next on his list is the nursing home near his office. There he 472 boxes of vita,ok,283,760,762,760,762,2.0,True,True,True,,False,False,False,False,True,,True,False,False,1,1,eq_rhs,changed,762,760,,calculation,True,states correct value,True
asdiv,calc,"After giving out clothes, he invited the homeless to the nearest soup kitchen to",ok,159,547,546,547,546,-1.0,True,True,True,,False,False,False,False,True,,True,False,False,0,0,no_verified_eqs,not_analyzable,,547,,calculation,True,complete hallucination,False
asdiv,calc,"When the building is done, they wanted to make it shine brightly in the night. T",ok,187,729,727,729,727,-2.0,True,True,True,,False,False,False,False,True,,True,False,False,0,0,no_verified_eqs,not_analyzable,,729,,calculation,True,complete hallucination,False
asdiv,calc,It took all of the workers one year to finish the Animus Tower and it was indeed,ok,240,400,403,400,403,3.0,True,True,True,,False,False,False,False,True,,True,False,False,0,0,no_verified_eqs,not_analyzable,,400,,calculation,False,,False
asdiv,calc,Jasmine also bought some chips for her friends in which she got for a discount o,ok,226,18.00,15.0,18,15,-3.0,True,True,True,,False,False,False,False,True,,True,False,False,1,1,eq_rhs,changed,15,18,,calculation,True,complete hallucination,False
asdiv,calc,"For the championship game, they faced the powerful Red Team. Wanting redemption,",ok,38,19,18,19,18,-1.0,True,True,True,,False,False,False,False,True,,True,False,False,1,1,eq_rhs,changed,18,19,,calculation,True,complete hallucination,False
asdiv,calc,"Carl, on the other hand, was able to collect 74 stamps which are 36 more than wh",ok,239,38,40,38,40,2.0,True,True,True,,False,False,False,False,True,,True,False,False,0,0,no_verified_eqs,not_analyzable,,38,,calculation,False,,False
asdiv,calc,"Lastly, Rob compared Canada's CN Tower and Seattle's Space Needle. How tall is t",ok,241,184,185,184,185,1.0,True,True,True,,False,False,False,False,True,,True,False,False,0,0,no_verified_eqs,not_analyzable,,184,,calculation,True,partial hallucination,False
asdiv,calc,"Charlie, an aspiring inventor, is planning to make some wings to fulfill his dre",ok,216,513,512,513,512,-1.0,True,True,True,,False,False,False,False,True,,True,False,False,1,1,eq_rhs,changed,512,513,,calculation,False,,False
asdiv,calc,"While heating the wings, Charlie decided to make metal supports for the wings. I",ok,248,359,356,359,356,-3.0,True,True,True,,False,False,False,False,True,,True,False,False,0,0,no_verified_eqs,not_analyzable,,359,,calculation,True,states correct value,False
asdiv,calc,"They served a total of 179 adults and 141 children, if 156 of all the people the",ok,146,320,318,320,318,-2.0,True,True,True,,False,False,False,False,False,,True,False,False,0,0,no_verified_eqs,not_analyzable,,164,,calculation,False,,False
asdiv,calc,Her mom also baked some cookies. If she baked 5 pans of cookies and there are 8 ,ok,187,40,37,40,37,-3.0,True,True,True,,False,False,False,False,True,,True,False,False,0,0,no_verified_eqs,not_analyzable,,40,,calculation,True,directly redoes calculation,False
asdiv,calc,She also estimated the number of candies that she will receive from each block. ,ok,121,35,37,35,37,2.0,True,True,True,,False,False,False,False,True,,True,False,False,1,1,eq_rhs,changed,37,35,,calculation,True,states correct value,True
asdiv,calc,She also tried to get to know the teachers in the school. She found out that the,ok,244,140,143,140,143,3.0,True,True,True,,False,False,False,False,True,,True,False,False,0,0,no_verified_eqs,not_analyzable,,140,,calculation,True,directly redoes calculation,False
asdiv,calc,Vice-mayor Alexander wanted to join in with the mayor's advocacy. He organized a,ok,324,250,253,250,253,3.0,True,True,True,,False,False,False,False,True,,True,False,False,0,0,no_verified_eqs,not_analyzable,,250,,calculation,True,directly redoes calculation,False
asdiv,calc,"Mark, Dean's friend, decided to go for a boat ride. If the ride costs $8.00 for ",ok,181,320.00,323.0,320,323,3.0,True,True,True,,False,False,False,False,True,,True,False,False,0,0,no_verified_eqs,not_analyzable,,320,,calculation,True,directly redoes calculation,False
asdiv,calc,"He then classified some of the rocks into igneous, metamorphic and sedimentary. ",ok,258,738,735,738,735,-3.0,True,True,True,,False,False,False,False,True,,True,False,False,0,0,no_verified_eqs,not_analyzable,,738,,calculation,True,complete hallucination,False
asdiv,calc,"It is harvest season in the country. Lewis, whose family owns a fruit farm, is b",ok,222,360,357,360,357,-3.0,True,True,True,,False,False,False,False,True,,True,False,False,0,0,no_verified_eqs,not_analyzable,,360,,calculation,True,directly redoes calculation,False
asdiv,calc,If Lewis earns $1367.00 every week during the 5 weeks of harvest. How much money,ok,248,6835.00,6834.0,6835,6834,-1.0,True,True,True,,False,False,False,False,True,,True,False,False,0,0,no_verified_eqs,not_analyzable,,6835,,calculation,True,complete hallucination,False
asdiv,calc,Another region was the aquatic reserve for freshwater organisms. If there are 6 ,ok,255,1050,1049,1050,1049,-1.0,True,True,True,,False,False,False,False,True,,True,False,False,0,0,no_verified_eqs,not_analyzable,,1050,,calculation,True,directly redoes calculation,False
asdiv,calc,They entered the circus tent and saw that there are four seating sections for th,ok,267,984,987,984,987,3.0,True,True,True,,False,False,False,False,True,,True,False,False,0,0,no_verified_eqs,not_analyzable,,984,,calculation,True,directly redoes calculation,False
asdiv,calc,"For the final act, the circus brought out dancing animals wearing crowns. If eac",ok,373,6538,6541,6538,6541,3.0,True,True,True,,False,False,False,False,True,,True,False,False,0,0,no_verified_eqs,not_analyzable,,6538,,calculation,True,directly redoes calculation,False
asdiv,calc,Amanda and her friends decided to go to an amusement park for the weekend. The n,ok,307,81,82,81,82,1.0,True,True,True,,False,False,False,False,True,,True,False,False,0,0,no_verified_eqs,not_analyzable,,81,,calculation,True,partial hallucination,False
asdiv,calc,"When they got there, they saw that SFL is already filled with people. Every entr",ok,236,1415,1414,1415,1414,-1.0,True,True,True,,False,False,False,False,True,,True,False,False,0,0,no_verified_eqs,not_analyzable,,1415,,calculation,False,,False
asdiv,calc,Having this kind of collection made Jack a fast reader. If he can read 9 books i,ok,96,3285,3287,3285,3287,2.0,True,True,True,,False,False,False,False,True,,True,False,False,1,1,eq_rhs,changed,3287,3285,,calculation,False,,False
asdiv,calc,Beside the pile of clean white paper was a stack of 700 sheets of used paper. Sh,ok,223,7,6,7,6,-1.0,True,True,True,,False,False,False,False,True,,True,False,False,0,0,no_verified_eqs,not_analyzable,,7,,calculation,True,complete hallucination,False
asdiv,calc,Christian's father and the senior ranger gathered firewood as they walked toward,ok,218,4,2,4,2,-2.0,True,True,True,,False,False,False,False,True,,True,False,False,0,0,no_verified_eqs,not_analyzable,,4,,calculation,True,states correct value,False
asdiv,calc,"One bright sunny day, Betty decided to make bracelets from beautiful stones she ",ok,249,11,10,11,10,-1.0,True,True,True,,False,False,False,False,True,,True,False,False,0,0,no_verified_eqs,not_analyzable,,11,,copying,False,,False
asdiv,calc,"Brenda, Betty's sister, wanted to have 3 bracelets with star-shaped stones. She ",ok,283,12,10,12,10,-2.0,True,True,True,,False,False,False,False,True,,True,False,False,0,0,no_verified_eqs,not_analyzable,,12,,calculation,True,states correct value,False
asdiv,calc,"On the first Saturday of spring, Jane woke up early to enjoy the whole day and h",ok,176,6,4,6,4,-2.0,True,True,True,,False,False,False,False,True,,True,False,False,1,1,eq_rhs,changed,4,6,,calculation,True,states correct value,True
asdiv,calc,Jane's dad brought home 24 marble potatoes. If Jane's mom made potato salad for ,ok,84,3,0,3,0,-3.0,True,True,True,,False,False,False,False,False,,False,False,False,1,1,prose_mid,unchanged,8,8,,calculation,True,states correct value,False
asdiv,calc,"Lastly, she baked 53 lemon cupcakes for the children living in the city orphanag",ok,443,17,14,17,14,-3.0,True,True,True,,False,False,False,False,True,,True,False,False,0,0,no_verified_eqs,not_analyzable,,17,,calculation,True,complete hallucination,False
asdiv,calc,Susie and her sister gathered all 98 of their teddy bears and placed them on the,ok,336,14,11,14,11,-3.0,True,True,True,,False,False,False,False,True,,True,False,False,0,0,no_verified_eqs,not_analyzable,,14,,calculation,True,states correct value,False
asdiv,calc,"Allen, Charles, Lex and Shiela spent days reading books for their book report. T",ok,221,12,11,12,11,-1.0,True,True,True,,False,False,False,False,True,,True,False,False,0,0,no_verified_eqs,not_analyzable,,12,,copying,True,directly redoes calculation,False
asdiv,calc,Melody made 26 cut-outs of Christmas trees with red shiny balls. If she planned ,ok,246,6.5,3.5,6.5,3.5,-3.0,True,True,True,,False,False,False,False,False,,True,False,False,0,0,no_verified_eqs,not_analyzable,,6,,calculation,False,,False
asdiv,calc,There are 46 birds perched on the branches of a tree. How many feet are there on,ok,20,2,3,2,3,1.0,True,True,True,,False,False,False,False,False,,False,False,False,0,0,no_verified_eqs,not_analyzable,,92,,commonsense,True,directly redoes calculation,False
asdiv,calc,I see 115 cows grazing in the pasture. How many legs do I see?,ok,89,460,458,460,458,-2.0,True,True,True,,False,False,False,False,True,,True,False,False,1,1,eq_rhs,changed,458,460,,calculation,False,,False
asdiv,calc,There are 397 butterflies. Each butterfly has 12 black dots and 17 yellow dots. ,ok,535,"4,764","4,762",4764,4762,-2.0,True,True,True,,False,False,False,False,True,,True,False,False,0,0,no_verified_eqs,not_analyzable,,4764,,calculation,False,,False
asdiv,calc,"At the zoo, I see 35 elephants and 48 tigers. How many legs do I see?",ok,120,140,142,140,142,2.0,True,True,True,,False,False,False,False,False,,True,False,False,3,3,eq_rhs,changed,334,332,,calculation,True,explicitly identifies error,False
asdiv,calc,The Ferris wheel in Paradise Park has 14 seats. Each seat can hold 6 people. How,ok,206,84,83,84,83,-1.0,True,True,True,,False,False,False,False,True,,True,False,False,0,0,no_verified_eqs,not_analyzable,,84,,calculation,True,directly redoes calculation,False
asdiv,calc,"If you can choose between a regular or waffle cone and vanilla, strawberry, cara",ok,323,8,7,8,7,-1.0,True,True,True,,False,False,False,False,True,,True,False,False,0,0,no_verified_eqs,not_analyzable,,8,,calculation,True,directly redoes calculation,False
asdiv,calc,Chris gave his 35 friends 12 pieces of candy each. How many pieces of candy did ,ok,206,420,423,420,423,3.0,True,True,True,,False,False,False,False,True,,True,False,False,0,0,no_verified_eqs,not_analyzable,,420,,calculation,True,directly redoes calculation,False
asdiv,calc,I see 105 puppies. How many ears do they have?,ok,16,2,3,2,3,1.0,True,True,True,,False,False,False,False,False,,False,False,False,1,1,prose_mid,changed,315,210,,commonsense,True,directly redoes calculation,False
asdiv,calc,I see 349 frogs. How many legs do they have?,ok,157,1396,1394,1396,1394,-2.0,True,True,True,,False,False,False,False,True,,True,False,False,0,0,no_verified_eqs,not_analyzable,,1396,,calculation,True,directly redoes calculation,False
asdiv,calc,There are 37 baskets. There are 17 apples in each basket. How many apples are th,ok,204,629,630,629,630,1.0,True,True,True,,False,False,False,False,True,,True,False,False,0,0,no_verified_eqs,not_analyzable,,629,,calculation,True,complete hallucination,False
asdiv,calc,There are 5 people on the Green Bay High track team. If a relay race is 150 mete,ok,206,30,32,30,32,2.0,True,True,True,,False,False,False,False,True,,False,False,False,0,0,no_verified_eqs,not_analyzable,,30,,calculation,True,directly redoes calculation,False
asdiv,calc,63 people are going to the zoo. There are 3 cars to take people to the zoo. How ,ok,158,21,22,21,22,1.0,True,True,True,,False,False,False,False,True,,True,False,False,0,0,no_verified_eqs,not_analyzable,,21,,calculation,True,states correct value,False
asdiv,calc,"There are 10 stickers on a page. If you have 22 pages of stickers, how many stic",ok,216,220,222,220,222,2.0,True,True,True,,False,False,False,False,True,,True,False,False,0,0,no_verified_eqs,not_analyzable,,220,,calculation,True,partial hallucination,False
asdiv,calc,"White t-shirts can be purchased in packages of 6. If Mom buys 71 packages, how m",ok,316,426,423,426,423,-3.0,True,True,True,,False,False,False,False,True,,True,False,False,1,1,eq_rhs,changed,423,426,,calculation,False,,False
asdiv,calc,Iesha has 344 books. 136 are about school and the rest are about sports. How man,ok,236,208,209,208,209,1.0,True,True,True,,False,False,False,False,True,,True,False,False,0,0,no_verified_eqs,not_analyzable,,208,,calculation,True,directly redoes calculation,False
asdiv,calc,"The town of Milburg has 5,256 grown-ups and 2,987 children. How many people live",ok,143,"8,243","8,240",8243,8240,-3.0,True,True,True,,False,False,False,False,True,,True,False,False,0,0,no_verified_eqs,not_analyzable,,8243,,calculation,False,,False
asdiv,calc,Third-grade students went to a concert in 8 buses. Each bus took 45 students. Ho,ok,191,360,361,360,361,1.0,True,True,True,,False,False,False,False,True,,True,False,False,0,0,no_verified_eqs,not_analyzable,,360,,calculation,True,directly redoes calculation,False
asdiv,calc,There are 124 students making 3 stars each for the school wall. How many stars w,ok,252,372,374,372,374,2.0,True,True,True,,False,False,False,False,True,,True,False,False,0,0,no_verified_eqs,not_analyzable,,372,,calculation,True,directly redoes calculation,False
asdiv,calc,The farmer had 127 apples. He gave 88 apples to his neighbor. How many apples do,ok,197,39,37,39,37,-2.0,True,True,True,,False,False,False,False,True,,True,False,False,1,1,eq_rhs,changed,37,39,,calculation,True,complete hallucination,False
asdiv,calc,John can read 4 books a day. He reads every Monday and Tuesday. How many books w,ok,348,48,50,48,50,2.0,True,True,True,,False,False,False,False,True,,True,False,False,2,2,eq_rhs,changed,50,48,,calculation,True,states correct value,True
asdiv,calc,Jill invited 37 people to her birthday party. They each ate 8 pieces of pizza. H,ok,217,296,298,296,298,2.0,True,True,True,,False,False,False,False,True,,True,False,False,0,0,no_verified_eqs,not_analyzable,,296,,calculation,True,complete hallucination,False
asdiv,calc,Mrs. Hilt baked pies last weekend for a holiday dinner. She baked 16 pecan pies ,ok,141,30,32,30,32,2.0,True,True,True,,False,False,False,False,False,,True,False,False,2,2,eq_rhs,changed,6.4,6,,calculation,False,,True
asdiv,calc,Jae bought 12 cartons of ice cream and 3 cartons of yogurt. Each carton of ice c,ok,359,6,3,6,3,-3.0,True,True,True,,True,True,True,False,False,,True,False,False,3,3,eq_rhs,changed,105,102,,calculation,True,states correct value,True
asdiv,calc,Jermaine saved $43 in March. He saved $19 in April and $16 in May. Then Jermaine,ok,272,1,4,1,4,3.0,True,True,True,,False,False,False,False,True,,True,False,False,2,2,eq_rhs,changed,4,1,,calculation,True,states correct value,True
asdiv,calc,"At a Halloween store, there are 3 green capes, 2 blue capes, and 3 red capes. If",ok,74,8,5,8,5,-3.0,True,True,True,,False,False,False,False,False,,True,False,False,2,2,eq_rhs,changed,-1,2,,copying,True,directly redoes calculation,True
asdiv,calc,"At a candy store, there are 3 brown candy boxes, 3 black candy boxes, and 2 blue",ok,58,8,6,8,6,-2.0,True,True,True,,False,False,False,False,False,,True,False,False,2,2,eq_rhs,changed,1,3,,calculation,True,states correct value,True
asdiv,calc,Bruno had some story books. He lost 4 of them and his dad gave him 10 more books,ok,143,6,7,6,7,1.0,True,True,True,,False,False,False,False,False,,True,False,False,2,2,eq_rhs,changed,32,33,,calculation,True,states correct value,True
asdiv,calc,"A shop stocked 22 pairs of large-size shoes, 50 pairs of medium-size shoes and 2",ok,515,83,81,83,81,-2.0,True,True,True,,False,False,False,False,True,,True,False,False,0,0,no_verified_eqs,not_analyzable,,83,,calculation,False,,False
asdiv,calc,"There are 100 books on a shelf. 32 of them are history books, 25 of them are geo",ok,191,57,59,57,59,2.0,True,True,True,,False,False,False,False,False,,True,False,False,2,2,eq_rhs,changed,41,43,,calculation,False,,False
asdiv,calc,"Harry walked along the beach and collected 34 sea stars, 21 seashells and 29 sna",ok,209,84,87,84,87,3.0,True,True,True,,False,False,False,False,False,,True,False,False,2,2,eq_rhs,changed,28,25,,calculation,False,,True
asdiv,calc,Jack received 8 emails in the morning and 2 emails in the afternoon. How many em,ok,257,10,9,10,9,-1.0,True,True,True,,False,False,False,False,True,,True,False,False,0,0,no_verified_eqs,not_analyzable,,10,,calculation,True,explicitly identifies error,False
asdiv,calc,There are 83 trees in a park. 36 of them willows and the rest are oaks. How many,ok,431,11,13,11,13,2.0,True,True,True,,False,False,False,False,True,,True,False,False,0,0,no_verified_eqs,not_analyzable,,11,,calculation,False,,False
asdiv,calc,"The total weight of Jack and Sam is 96 pounds. If Jack weighs 52 pounds, how muc",ok,269,44,42,44,42,-2.0,True,True,True,,False,False,False,False,False,,True,False,False,0,0,no_verified_eqs,not_analyzable,,8,,calculation,False,,False
asdiv,calc,"Savant has 3 jars. He puts in 34 coins in the first jar, 29 coins in the second ",ok,223,76,77,76,77,1.0,True,True,True,,False,False,False,False,True,,True,False,False,0,0,no_verified_eqs,not_analyzable,,76,,calculation,True,complete hallucination,False
asdiv,calc,An online toy store stocked some toys. It sold 38 toys at the first week and 26 ,ok,401,83,82,83,82,-1.0,True,True,True,,False,False,False,False,True,,True,False,False,2,2,eq_rhs,changed,82,83,,calculation,False,,True
asdiv,calc,Mr. Peter harvested some pears. He picked 43 kg of the pears into a bag and 35 k,ok,440,93,96,93,96,3.0,True,True,True,,False,False,False,False,True,,True,False,False,0,0,no_verified_eqs,not_analyzable,,93,,calculation,True,complete hallucination,False
asdiv,calc,Gary had some stickers. He gave 42 stickers to Lucy and 26 stickers to Alex. If ,ok,208,68,67,68,67,-1.0,True,True,True,,False,False,False,False,False,,True,False,False,2,2,eq_rhs,changed,98,99,,calculation,False,,True
asdiv,calc,A washing machine can wash 28 pounds of clothes per day. If there are 200 pounds,ok,433,7.14,10.14,7.14,10.14,3.0,True,True,True,,False,False,False,False,False,,True,False,False,0,0,no_verified_eqs,not_analyzable,,8,,calculation,False,,False
asdiv,calc,Mrs. Smith gave 53 strawberries to 8 girls equally. How many strawberries did ea,ok,102,6,9,6,9,3.0,True,True,True,,False,False,False,False,True,,True,False,False,1,0,no_verified_eqs,not_analyzable,,6,,calculation,True,complete hallucination,False
asdiv,calc,9 boys went to water trees. There were 29 trees. If each of them watered the equ,ok,173,2,4,2,4,2.0,True,True,True,,False,False,False,False,False,,False,False,False,0,0,no_verified_eqs,not_analyzable,,3,,calculation,True,states correct value,False
asdiv,calc,Divide 39 balloons into 7 equal groups. How many balloons are left?,ok,159,4.,6.,4,6,2.0,True,True,True,,False,False,False,False,True,,False,False,False,1,0,no_verified_eqs,not_analyzable,,4,,calculation,False,,False
asdiv,calc,There are 32 students in the class. The teacher divided them into 5 equal groups,ok,386,4,1,4,1,-3.0,True,True,True,,False,True,True,False,False,,False,False,False,1,0,no_verified_eqs,not_analyzable,,6,,calculation,True,states correct value,False
asdiv,calc,There are 32 students in the class. The teacher divided them into 5 equal groups,ok,129,6,3,6,3,-3.0,True,True,True,,False,False,False,False,False,,True,False,False,1,0,no_verified_eqs,not_analyzable,,2,,calculation,True,states correct value,False
asdiv,calc,"Sam cut equal-length pieces of ribbon from a 3,730-cm long ribbon. If each piece",ok,389,"3,723","3,720",3723,3720,-3.0,True,True,True,,False,False,False,False,False,,True,False,False,0,0,no_verified_eqs,not_analyzable,,7,,calculation,False,,False
asdiv,calc,"A tourist group has 26 people. At a hotel, they want to rent some large rooms fo",ok,245,1,-2,1,-2,-3.0,True,True,True,,False,False,False,False,False,,False,False,False,1,1,prose_mid,unchanged,8,8,,calculation,True,states correct value,False
asdiv,calc,A farmer bought 164 rabbits. If the farmer wanted to fill 17 cages with the same,ok,733,6,4,6,4,-2.0,True,True,True,,False,False,False,False,True,,True,False,False,0,0,no_verified_eqs,not_analyzable,,6,,calculation,True,states correct value,False
asdiv,calc,The weight of 5 diamonds is 100 g. The total weight of 4 diamonds and 2 jades is,ok,330,80,83,80,83,3.0,True,True,True,,False,False,False,False,False,,True,False,False,0,0,no_verified_eqs,not_analyzable,,10,,calculation,True,complete hallucination,False
asdiv,calc,Drew gave 12 marbles to Marcus. Each boy then had 25 marbles. How many more marb,ok,236,13,10,13,10,-3.0,True,True,True,,False,False,False,False,False,,True,False,False,3,3,eq_rhs,changed,27,24,,calculation,True,states correct value,True
asdiv,calc,A box of apples was delivered to Paul's Pies and Cakes. He put half of the apple,ok,125,31,30,31,30,-1.0,True,True,True,,False,False,False,False,False,,True,False,False,2,2,eq_rhs,changed,60,62,,calculation,True,states correct value,True
asdiv,calc,Evan delivers packages in a building. He started on the first floor and went up ,ok,326,23,25,23,25,2.0,True,True,True,,False,False,False,False,True,,True,False,False,4,4,eq_rhs,changed,25,23,,calculation,True,states correct value,True
asdiv,calc,Jake bought a book of tickets for the rides at Fun Land. 8 of the tickets were r,ok,149,16,15,16,15,-1.0,True,True,True,,False,False,False,False,False,,True,False,False,2,2,eq_rhs,changed,29,30,,calculation,True,states correct value,True
asdiv,calc,Kendra learns 12 new spelling words each week. Her goal is to learn 60 new words,ok,209,24,22,24,22,-2.0,True,True,True,,False,False,False,False,True,,True,False,False,1,1,eq_rhs,changed,22,24,,calculation,False,,False
asdiv,calc,It is 78 miles to Grandma's house. Mr. Welch drove 35 miles. He stopped to buy a,ok,149,25,27,25,27,2.0,True,True,True,,False,False,False,False,True,,True,False,False,2,2,eq_rhs,changed,27,25,,calculation,True,states correct value,False
asdiv,calc,"Alissa picked 16 flowers. Her twin sister, Melissa, also picked 16 flowers. They",ok,406,14,16,14,16,2.0,True,True,True,,True,True,True,False,True,,True,False,False,2,2,eq_rhs,changed,16,14,,calculation,True,states correct value,False
asdiv,calc,Andy had 31 baseball cards. His dad gave him some more. Then Andy had 50 basebal,ok,294,19,17,19,17,-2.0,True,True,True,,False,False,False,False,True,,True,False,False,0,0,no_verified_eqs,not_analyzable,,19,,calculation,True,complete hallucination,False
asdiv,calc,Zachary did 47 push-ups in gym class today. David did 15 more push-ups than Zach,ok,94,62,64,62,64,2.0,True,True,True,,False,False,False,False,True,,True,False,False,1,1,eq_rhs,changed,64,62,,calculation,False,,True
asdiv,calc,Kim sold 54 boxes of Girl Scout cookies. Jennifer sold 17 more boxes than Kim. H,ok,93,71,69,71,69,-2.0,True,True,True,,False,False,False,False,True,,True,False,False,1,1,eq_rhs,changed,69,71,,calculation,False,,True
asdiv,calc,Mikayla has a huge collection of music CDs. She gave 15 CDs to her friend. Now s,ok,197,93,96,93,96,3.0,True,True,True,,False,False,False,False,True,,True,False,False,0,0,no_verified_eqs,not_analyzable,,93,,calculation,True,states correct value,False
asdiv,calc,Jake set up a candy stand in his front yard. He has 80 pieces of candy to sell. ,ok,318,58,60,58,60,2.0,True,True,True,,False,False,False,False,True,,True,False,False,2,2,eq_rhs,changed,60,58,,calculation,True,complete hallucination,False
asdiv,calc,Charlene made 60 bead necklaces. She sold 16 at a craft fair. She gave 18 to her,ok,81,44,41,44,41,-3.0,True,True,True,,False,False,False,False,False,,True,False,False,2,2,eq_rhs,changed,23,26,,calculation,True,states correct value,True
asdiv,calc,Ramon works at the supermarket. He put 26 boxes of Choco Delights on the shelf. ,ok,426,19,21,19,21,2.0,True,True,True,,False,False,False,False,True,,True,False,False,2,2,eq_rhs,changed,21,19,,calculation,True,states correct value,True
asdiv,calc,There are 42 boys in the computer club. There are 9 fewer girls than boys in the,ok,164,33,32,33,32,-1.0,True,True,True,,False,False,False,False,False,,True,False,False,2,2,eq_rhs,changed,74,75,,calculation,True,states correct value,True
asdiv,calc,Cheryl and Lori started a lemonade stand on Friday. They bought 85 plastic cups.,ok,206,67,68,67,68,1.0,True,True,True,,False,False,False,False,True,,True,False,False,1,1,eq_rhs,changed,68,67,,calculation,False,,True
asdiv,calc,Coach Mike bought several cups of lemonade. The girls told him it would cost 58 ,ok,233,17,19,17,19,2.0,True,True,True,,False,False,False,False,True,,True,False,False,0,0,no_verified_eqs,not_analyzable,,17,,calculation,True,states correct value,False
asdiv,calc,The giant Ferris wheel can seat 56 people. There are 92 people waiting in line. ,ok,506,36,33,36,33,-3.0,True,True,True,,False,False,False,False,True,,True,False,False,0,0,no_verified_eqs,not_analyzable,,36,,calculation,True,partial hallucination,False
asdiv,calc,Erin and Dana finished a two day bike-a-thon. They rode 37 miles the first day T,ok,191,92,93,92,93,1.0,True,True,True,,False,False,False,False,True,,True,False,False,0,0,no_verified_eqs,not_analyzable,,92,,calculation,False,,False
asdiv,calc,Paul and Vinnie deliver newspapers. Paul made $14 in tips. Vinnie made $16 more ,ok,155,30,28,30,28,-2.0,True,True,True,,False,False,False,False,True,,True,False,False,0,0,no_verified_eqs,not_analyzable,,30,,calculation,False,,False
asdiv,calc,"Chris has 18 soccer cards. His friend, Charlie, has 32 cards. How many fewer car",ok,264,14,11,14,11,-3.0,True,True,True,,False,False,False,False,True,,True,False,False,0,0,no_verified_eqs,not_analyzable,,14,,calculation,True,states correct value,False
asdiv,calc,Brian ran around the school track in 96 seconds. Todd ran around it in 88 second,ok,192,8,9,8,9,1.0,True,True,True,,False,False,False,False,True,,True,False,False,0,0,no_verified_eqs,not_analyzable,,8,,calculation,True,states correct value,False
asdiv,calc,If you add 45 to a mystery number you will get 92. What is the mystery number?,ok,73,47,46,47,46,-1.0,True,True,True,,False,False,False,False,True,,True,False,False,1,1,eq_rhs,changed,46,47,,calculation,False,,False
asdiv,calc,The grasshopper and the frog had a jumping contest. The grasshopper jumped 25 in,ok,134,40,43,40,43,3.0,True,True,True,,False,False,False,False,True,,True,False,False,0,0,no_verified_eqs,not_analyzable,,40,,calculation,True,states correct value,False
asdiv,calc,"The Wholesome Bakery baked 5 loaves of bread on Wednesday, 7 loaves of bread on ",ok,87,2.,5.,2,5,3.0,True,True,True,,True,True,True,False,False,,True,False,False,6,6,eq_rhs,unchanged,25,25,,calculation,False,,False
asdiv,calc,"Kayla got a new video game. She scored 2 points on the first level, 3 points on ",ok,480,4,5,4,5,1.0,True,True,True,,True,True,True,False,False,,False,False,False,6,6,eq_operand,changed,18,17,,copying,True,states correct value,False
asdiv,calc,Jared owns a hardware store and is looking over his past orders. Jared's hardwar,ok,319,3,0,3,0,-3.0,True,True,True,,False,False,False,False,False,,False,False,False,5,5,eq_operand,changed,12,15,,calculation,True,directly redoes calculation,False
asdiv,calc,Farmer Singleton has a plot of tomato plants. There are 4 tomato plants in the f,ok,221,2,3,2,3,1.0,True,True,True,,False,False,False,False,False,,False,False,False,0,0,no_verified_eqs,not_analyzable,,128,,other,True,states correct value,False
asdiv,calc,"Willy has 5,092 crayons. Lucy has 3,971 crayons. How many more crayons does Will",ok,181,"1,121","1,123",1121,1123,2.0,True,True,True,,False,False,False,False,True,,True,False,False,1,1,eq_rhs,changed,1123,1121,,calculation,False,,False
asdiv,calc,"Recently, the postal service sold stamps with famous people pictured on them. Th",ok,147,"1,102,609","1,102,606",1102609,1102606,-3.0,True,True,True,,False,False,False,False,True,,True,False,False,0,0,no_verified_eqs,not_analyzable,,1102609,,calculation,False,,False
asdiv,calc,Tony made 14 L of lemonade for a party. His guests drank 9500 mL of the lemonade,ok,330,4500,4499,4500,4499,-1.0,True,True,True,,False,False,False,False,True,,True,False,False,0,0,no_verified_eqs,not_analyzable,,4500,,calculation,True,partial hallucination,False
asdiv,calc,"A restaurant charges 4% service charge. If your order amounted to 450, how much ",ok,178,18,15,18,15,-3.0,True,True,True,,False,False,False,False,False,,True,False,False,3,2,eq_rhs,changed,465,468,,calculation,False,,False
asdiv,calc,Lavender is making punch for the school dance. She mixes 3 parts lemonade with 5,ok,426,45,46,45,46,1.0,True,True,True,,False,False,False,False,False,,True,False,False,5,5,eq_rhs,changed,19,18,,calculation,True,states correct value,True
asdiv,calc,Armand cuts a piece of wire into two smaller pieces that are in a ratio 7:5. The,ok,333,12,9,12,9,-3.0,True,True,True,,False,False,False,False,False,,True,False,False,2,2,eq_rhs,changed,72,96,,calculation,True,states correct value,False
asdiv,calc,"In 3 seconds, Kevin can dribble a basketball 13 times. If Kevin dribbles at this",ok,78,1,-2,1,-2,-3.0,True,True,True,,False,False,False,False,False,,False,False,False,0,0,no_verified_eqs,not_analyzable,,117,,calculation,True,states correct value,False
asdiv,calc,A carpenter had a board that was 5.28 m long. She used her circular saw to cut 9,ok,496,519,516,519,516,-3.0,True,True,True,,False,False,False,False,True,,True,False,False,0,0,no_verified_eqs,not_analyzable,,519,,calculation,True,complete hallucination,False
asdiv,calc,"While organizing his DVD collection, Seth put 2 DVDs on the first rack, 4 DVDs o",ok,237,5,7,5,7,2.0,True,True,True,,False,False,False,False,False,,False,False,False,0,0,no_verified_eqs,not_analyzable,,64,,calculation,True,directly redoes calculation,False
asdiv,calc,A baker had 7 boxes for donuts. He ended up making 48 donuts and splitting them ,ok,168,6,9,6,9,3.0,True,True,True,,False,False,False,False,True,,True,False,False,1,0,no_verified_eqs,not_analyzable,,6,,calculation,True,directly redoes calculation,False
asdiv,calc,Robin is making bead necklaces. She wants to use 31 beads to make 4 necklaces. I,ok,232,3,2,3,2,-1.0,True,True,True,,False,False,False,False,True,,False,False,False,0,0,no_verified_eqs,not_analyzable,,3,,calculation,True,complete hallucination,False
asdiv,calc,Jawbreakers come in packages of 8. Sarah ate 20 Jawbreakers. How many Jawbreaker,ok,637,4,2,4,2,-2.0,True,True,True,,False,False,False,False,True,,True,False,False,2,2,eq_rhs,changed,2,4,,calculation,True,states correct value,False
asdiv,calc,There are 5 flowers and 3 bees. What's the difference of the number of flowers a,ok,82,2.,-1.,2,-1,-3.0,True,True,True,,False,False,False,False,True,,True,False,False,0,0,no_verified_eqs,not_analyzable,,2,,calculation,True,directly redoes calculation,False
asdiv,calc,Diane wants to buy a package of cookies. The cookies cost 65 cents. Diane has 27,ok,96,38,41,38,41,3.0,True,True,True,,False,False,False,False,True,,True,False,False,0,0,no_verified_eqs,not_analyzable,,38,,calculation,True,states correct value,False
asdiv,calc,At the arcade Billy had won forty-eight tickets. After buying a yoyo he had thir,ok,295,16.,14.,16,14,-2.0,True,True,True,,False,False,False,False,True,,True,False,False,1,1,eq_rhs,changed,14,16,,calculation,True,complete hallucination,False
asdiv,calc,Dave was picking up sticks from his yard. He picked up fourteen but there were s,ok,91,10,8,10,8,-2.0,True,True,True,,False,False,False,False,True,,True,False,False,1,1,eq_rhs,changed,8,10,,calculation,True,states correct value,True
asdiv,calc,A waiter had nineteen customers. After some left he still had four customers. Wh,ok,315,15,13,15,13,-2.0,True,True,True,,False,False,False,False,True,,True,False,False,0,0,no_verified_eqs,not_analyzable,,15,,calculation,False,,False
asdiv,calc,While playing a video game Victor lost fourteen lives. Now he has two lives. Wha,ok,12,14,15,14,15,1.0,True,True,True,,False,False,False,False,False,,False,False,True,1,1,prose_mid,changed,13,12,,other,True,directly redoes calculation,False
asdiv,calc,"A furniture store had fifteen chairs. After selling some, there was three left. ",ok,270,12,14,12,14,2.0,True,True,True,,False,False,False,False,True,,True,False,False,0,0,no_verified_eqs,not_analyzable,,12,,calculation,True,complete hallucination,False
asdiv,calc,A store has forty-nine shirts. After selling some there were twenty-eight left. ,ok,14,49,46,49,46,-3.0,True,True,True,,False,False,False,False,False,,False,False,True,0,0,no_verified_eqs,not_analyzable,,21,,other,True,directly redoes calculation,False
asdiv,calc,"Tom used 2 batteries on his flashlights, 15 in his toys and 2 in his controllers",ok,99,13,15,13,15,2.0,True,True,True,,True,True,True,False,True,,True,False,False,1,1,eq_rhs,changed,15,13,,calculation,True,complete hallucination,False
asdiv,calc,The library has 75 science books. The second graders borrowed 18 of them. What's,ok,260,57,58,57,58,1.0,True,True,True,,False,False,False,False,True,,True,False,False,0,0,no_verified_eqs,not_analyzable,,57,,calculation,False,,False
asdiv,calc,Miguel is 46 years old. He is 4 years older than thrice his son's age. Find the ,ok,423,14,16,14,16,2.0,True,True,True,,False,False,False,False,True,,False,False,False,2,0,no_verified_eqs,not_analyzable,,14,,calculation,False,,False
asdiv,calc,Ana is 5 years more than Jack. The sum of their ages is 29. Find the ages of Ana,ok,542,24,26,24,26,2.0,True,True,True,,False,False,False,False,False,,True,False,False,0,0,no_verified_eqs,not_analyzable,,17,,calculation,False,,False
asdiv,calc,Devon is 12 years old. His age is 2 more than half the age of Steven. Find the a,ok,398,10,8,10,8,-2.0,True,True,True,,False,False,False,False,False,,False,False,False,0,0,no_verified_eqs,not_analyzable,,20,,calculation,False,,False
asdiv,calc,Mrs. Smith is 8 years more than twice the age of her son. The ages of son is 12.,ok,460,20,18,20,18,-2.0,True,True,True,,False,False,False,False,False,,True,False,False,3,3,eq_rhs,unchanged,32,32,,calculation,True,states correct value,False
asdiv,calc,A rectangular cupboard is of length 6 m and perimeter 20 m. Find the width of th,ok,70,2,5,2,5,3.0,True,True,True,,False,False,False,False,False,,True,False,False,0,0,no_verified_eqs,not_analyzable,,4,,commonsense,True,states correct value,False
asdiv,calc,Mr. White purchased a carpet for rectangular hall of area 800 sq. yards. The len,ok,415,25,26,25,26,1.0,True,True,True,,False,False,False,False,True,,True,False,False,0,0,no_verified_eqs,not_analyzable,,25,,calculation,True,states correct value,False
asdiv,calc,The base of the parallelogram is 11 inches and its area is 132 Sq. inches. Find ,ok,334,12,13,12,13,1.0,True,True,True,,False,False,False,False,True,,True,False,False,0,0,no_verified_eqs,not_analyzable,,12,,calculation,True,states correct value,False
asdiv,calc,There were 6 soccer balls in the bag. Coach B. found several additional soccer b,ok,398,18,15,18,15,-3.0,True,True,True,,False,False,False,False,True,,True,False,False,0,0,no_verified_eqs,not_analyzable,,18,,calculation,True,directly redoes calculation,False
asdiv,calc,There are thirty-eight dogwood trees currently in the park. Park workers will pl,ok,128,56,57,56,57,1.0,True,True,True,,False,False,False,False,False,,False,False,True,0,0,no_verified_eqs,not_analyzable,,18,,other,True,complete hallucination,False
asdiv,calc,There were six roses in the vase. Jessica cut some more roses from her flower ga,ok,278,6,3,6,3,-3.0,True,True,True,,False,False,False,False,False,,False,False,True,0,0,no_verified_eqs,not_analyzable,,12,,other,True,states correct value,False
asdiv,calc,Last week Fred had 46 dollars and Jason had 13 dollars. Fred washed cars over th,ok,180,11,8,11,8,-3.0,True,True,True,,False,False,False,False,True,,True,False,False,1,1,eq_rhs,changed,8,11,,calculation,True,states correct value,False
asdiv,calc,Dan's high school played eighteen baseball games this year and two were at night,ok,43,3.,6.,3,6,3.0,True,True,True,,False,False,False,False,False,,False,False,True,1,1,prose_mid,changed,12,15,,other,True,explicitly identifies error,False
asdiv,calc,"A number consisting of two digits, is equal to 7 times the sum of its digits. Wh",ok,117,10,11,10,11,1.0,True,True,True,,False,False,False,False,False,,False,False,False,0,0,no_verified_eqs,not_analyzable,,63,,commonsense,False,,False
asdiv,calc,"In a 2-digit number, the tens digit is 4 times the units digit. When the digits ",ok,350,82,80,82,80,-2.0,True,True,True,,False,False,False,False,True,,True,False,False,0,0,no_verified_eqs,not_analyzable,,82,,calculation,True,partial hallucination,False
asdiv,calc,An electrician cuts a 30 ft piece of wire into two pieces. One piece is 2 ft lon,ok,231,14,11,14,11,-3.0,True,True,True,,False,False,False,False,True,,True,False,False,1,1,prose_mid,not_analyzable,,14,,calculation,True,complete hallucination,False
asdiv,calc,"A man bought a cow and a calf for $990, paying 8 times as much for the cow as fo",ok,205,110,108,110,108,-2.0,True,True,True,,False,False,False,False,True,,True,False,False,1,1,prose_mid,not_analyzable,,110,,calculation,False,,False
asdiv,calc,An eight ft board is cut into two pieces. One piece is 2 ft longer than the othe,ok,117,8,10,8,10,2.0,True,True,True,,False,False,False,False,False,,False,False,True,1,1,prose_mid,not_analyzable,,3,,other,True,explicitly identifies error,False
asdiv,calc,Doug built a tent in the shape of a regular pentagon. Its perimeter is 60 feet. ,ok,460,12,15,12,15,3.0,True,True,True,,False,False,False,False,True,,True,False,False,0,0,no_verified_eqs,not_analyzable,,12,,calculation,True,states correct value,False
asdiv,calc,Mr. Johnson used 80 meters of fencing to enclose a rectangular garden. The lengt,ok,340,15,16,15,16,1.0,True,True,True,,False,False,False,False,True,,True,False,False,0,0,no_verified_eqs,not_analyzable,,15,,calculation,True,complete hallucination,False
asdiv,calc,"An experienced ice skater spins on the ice, creating a perfect circle. Afterward",ok,330,2,0,2,0,-2.0,True,True,True,,False,False,False,False,True,,False,False,False,0,0,no_verified_eqs,not_analyzable,,2,,calculation,True,states correct value,False
asdiv,calc,A square traffic sign has a perimeter of 16 feet. How long is each side of the t,ok,188,4,2,4,2,-2.0,True,True,True,,False,False,False,False,True,,False,False,False,0,0,no_verified_eqs,not_analyzable,,4,,commonsense,True,directly redoes calculation,False
asdiv,calc,Robin had seven hundred thirty-six photos to put into a photo album. If each pag,ok,183,6,7,6,7,1.0,True,True,True,,False,False,False,False,False,,False,False,True,0,0,no_verified_eqs,not_analyzable,,122,,other,True,states correct value,False
asdiv,calc,Megan had five hundred sixteen pennies. She wanted to place the pennies into nin,ok,215,57.3333,55.3333,57.3333,55.3333,-2.0,True,True,True,,False,False,False,False,False,,True,False,False,0,0,no_verified_eqs,not_analyzable,,6,,calculation,False,,False
asdiv,calc,A store owner had six employees and bought five hundred eighty-three uniforms fo,ok,104,583,581,583,581,-2.0,True,True,True,,False,False,False,False,False,,False,False,False,0,0,no_verified_eqs,not_analyzable,,5,,other,True,complete hallucination,False
asdiv,calc,A movie store had nine hundred ninety-nine movies they were putting on five shel,ok,415,1,-1,1,-1,-2.0,True,True,True,,False,False,False,False,True,,True,False,False,3,3,eq_rhs,changed,-1,1,,calculation,True,directly redoes calculation,False
asdiv,calc,There are two hundred eighty-seven people attending a luncheon. If a table can h,ok,331,32,30,32,30,-2.0,True,True,True,,False,False,False,False,True,,False,False,False,0,0,no_verified_eqs,not_analyzable,,32,,calculation,True,partial hallucination,False
asdiv,calc,Kaleb has to sell 710 chocolate bars to get a prize. If each box contains 5 choc,ok,264,142,145,142,145,3.0,True,True,True,,False,False,False,False,True,,True,False,False,0,0,no_verified_eqs,not_analyzable,,142,,calculation,True,complete hallucination,False
asdiv,calc,Edward's dad bought 459 centimeters of string. If he cut the string into 9 equal,ok,151,51,50,51,50,-1.0,True,True,True,,False,False,False,False,True,,True,False,False,0,0,no_verified_eqs,not_analyzable,,51,,calculation,True,complete hallucination,False
asdiv,calc,There are 336 students in a school. If the school has 7 grades and each grade ha,ok,167,48,47,48,47,-1.0,True,True,True,,False,False,False,False,True,,True,False,False,0,0,no_verified_eqs,not_analyzable,,48,,calculation,True,complete hallucination,False
asdiv,calc,The ring toss game at the carnival made 420 dollars in 3 days. If they made the ,ok,239,140,138,140,138,-2.0,True,True,True,,False,False,False,False,True,,True,False,False,0,0,no_verified_eqs,not_analyzable,,140,,calculation,True,states correct value,False
asdiv,calc,A company was buying new uniforms for its employees. They bought 121 uniforms to,ok,172,3.78,5.78,3.78,5.78,2.0,True,True,True,,False,False,False,False,False,,True,False,False,0,0,no_verified_eqs,not_analyzable,,4,,calculation,False,,False
asdiv,calc,A book had a length of 2 inches and a width of 3 inches. What is the area of the,ok,237,6,9,6,9,3.0,True,True,True,,False,False,False,False,True,,True,False,False,0,0,no_verified_eqs,not_analyzable,,6,,calculation,True,states correct value,False
asdiv,calc,The woods behind Jerry's house were 6 miles wide and 3 miles long. What is the a,ok,218,18,16,18,16,-2.0,True,True,True,,False,False,False,False,True,,True,False,False,0,0,no_verified_eqs,not_analyzable,,18,,calculation,True,states correct value,False
asdiv,calc,A restaurant added a new outdoor section that was 4 feet wide and 6 feet long. W,ok,194,24,27,24,27,3.0,True,True,True,,False,False,False,False,True,,True,False,False,0,0,no_verified_eqs,not_analyzable,,24,,calculation,True,explicitly identifies error,False
asdiv,calc,An island in the Indian Ocean was 4 miles wide and 7 miles long. What is the per,ok,370,11,14,11,14,3.0,True,True,True,,False,False,False,False,False,,False,False,False,0,0,no_verified_eqs,not_analyzable,,22,,calculation,True,states correct value,False
asdiv,calc,A farm was 7 miles wide and 8 miles long. What is the area of the farm?,ok,205,56,57,56,57,1.0,True,True,True,,False,False,False,False,True,,True,False,False,0,0,no_verified_eqs,not_analyzable,,56,,calculation,True,partial hallucination,False
asdiv,calc,Adam could fit nine action figures on each shelf in his room. His room has three,ok,86,9,7,9,7,-2.0,True,True,True,,False,False,False,False,False,,False,False,True,1,1,prose_mid,changed,21,27,,other,True,directly redoes calculation,False
asdiv,calc,Frank had forty-two pieces of candy. If he put them into bags with seven pieces ,ok,208,6,4,6,4,-2.0,True,True,True,,False,False,False,False,True,,True,False,False,1,1,eq_rhs,changed,4,6,,calculation,True,complete hallucination,False
asdiv,calc,An architect built a house with ten bedrooms total. If the second floor had two ,ok,319,2,3,2,3,1.0,True,True,True,,False,False,False,False,False,,False,False,True,0,0,no_verified_eqs,not_analyzable,,8,,other,True,states correct value,False
asdiv,calc,On the last day of school only sixteen students showed up. If seven of them were,ok,11,16,17,16,17,1.0,True,True,True,,False,False,False,False,False,,False,False,True,1,1,prose_mid,changed,10,9,,other,True,directly redoes calculation,False
asdiv,calc,Jerry was playing the ring toss at the carnival. All together he used forty-eigh,ok,209,8,7,8,7,-1.0,True,True,True,,False,False,False,False,True,,True,False,True,0,0,no_verified_eqs,not_analyzable,,8,,calculation,True,states correct value,False
asdiv,calc,"Will had twenty-eight bottles of water. If he drank seven each day, how many day",ok,239,4,6,4,6,2.0,True,True,True,,False,False,False,False,True,,True,False,False,0,0,no_verified_eqs,not_analyzable,,4,,calculation,True,states correct value,False
asdiv,calc,For Halloween Tom received twenty pieces of candy. If he put them into piles wit,ok,56,5,3,5,3,-2.0,True,True,True,,False,False,False,False,False,,False,False,True,1,1,prose_mid,changed,6.666666667,4,,other,True,complete hallucination,False
asdiv,calc,Tiffany was sending out birthday invitations to her friends. She sent out nine o,ok,45,8,11,8,11,3.0,True,True,True,,False,False,False,False,False,,False,False,True,0,0,no_verified_eqs,not_analyzable,,17,,other,True,complete hallucination,False
asdiv,calc,Faye was placing her pencils into rows with eight pencils in each row. If she ha,ok,117,32,35,32,35,3.0,True,True,True,,False,False,False,False,False,,False,False,True,1,1,prose_mid,changed,4.375,4,,other,True,complete hallucination,False
asdiv,calc,Olivia's dad took her and some friends out to eat for her birthday. If each meal,ok,200,21,22,21,22,1.0,True,True,True,,False,False,False,False,True,,True,False,False,0,0,no_verified_eqs,not_analyzable,,21,,calculation,True,directly redoes calculation,False
asdiv,calc,"Rachel bought 8 music albums online. If each album had 2 songs, how many songs d",ok,192,16,18,16,18,2.0,True,True,True,,False,False,False,False,True,,True,False,False,0,0,no_verified_eqs,not_analyzable,,16,,calculation,True,directly redoes calculation,False
asdiv,calc,Emily owned 6 songs by her favorite artists. Later on she bought 7 more songs. H,ok,204,13,10,13,10,-3.0,True,True,True,,False,False,False,False,True,,True,False,False,1,1,eq_rhs,changed,10,13,,calculation,True,states correct value,False
asdiv,calc,Cody made 12 dollars mowing lawns over the summer. If he charged 4 bucks for eac,ok,251,3,4,3,4,1.0,True,True,True,,True,True,True,False,True,,True,False,False,0,0,no_verified_eqs,not_analyzable,,3,,calculation,True,complete hallucination,False
asdiv,calc,The roller coaster at the state fair costs 6 tickets per ride. If 8 friends were,ok,253,48,47,48,47,-1.0,True,True,True,,False,False,False,False,True,,True,False,False,0,0,no_verified_eqs,not_analyzable,,48,,calculation,True,states correct value,False
asdiv,calc,Nancy was buying soap for her bathroom. She bought 6 packs with each pack having,ok,186,30,28,30,28,-2.0,True,True,True,,False,False,False,False,True,,True,False,False,0,0,no_verified_eqs,not_analyzable,,30,,calculation,True,directly redoes calculation,False
asdiv,calc,A group of 4 friends were playing video games. Later 3 more friends came over. H,ok,125,7,6,7,6,-1.0,True,True,True,,False,False,False,False,True,,True,False,False,1,1,eq_rhs,changed,6,7,,calculation,True,directly redoes calculation,False
asdiv,calc,Bianca was practicing for a marathon. To prepare she ran 8 miles the first day a,ok,194,12,13,12,13,1.0,True,True,True,,False,False,False,False,True,,True,False,False,0,0,no_verified_eqs,not_analyzable,,12,,calculation,True,states correct value,False
asdiv,calc,A delivery driver had to make 3 stops on his route. After he finished those deli,ok,164,7,5,7,5,-2.0,True,True,True,,False,False,False,False,True,,True,False,False,0,0,no_verified_eqs,not_analyzable,,7,,calculation,True,directly redoes calculation,False
asdiv,calc,Emily's mom was buying extra school supplies for Emily and her sister. She bough,ok,237,7,4,7,4,-3.0,True,True,True,,False,False,False,False,True,,True,False,False,0,0,no_verified_eqs,not_analyzable,,7,,calculation,True,states correct value,False
asdiv,calc,Adam was reading through his favorite book series. The first week he read 5 diff,ok,187,13,14,13,14,1.0,True,True,True,,False,False,False,False,True,,True,False,False,1,1,eq_rhs,changed,14,13,,calculation,True,states correct value,True
asdiv,calc,There are 40 students in the school band. If the band instructor put the student,ok,227,8,6,8,6,-2.0,True,True,True,,False,False,False,False,True,,True,False,False,0,0,no_verified_eqs,not_analyzable,,8,,calculation,True,states correct value,False
asdiv,calc,Carol was sending out birthday invitations to her friends. If each package of in,ok,186,45,42,45,42,-3.0,True,True,True,,False,False,False,False,True,,True,False,False,1,1,eq_rhs,changed,42,45,,calculation,True,complete hallucination,False
asdiv,calc,A contractor was buying wall outlets for a new house he was building. Each room ,ok,203,42,44,42,44,2.0,True,True,True,,False,False,False,False,True,,True,False,False,0,0,no_verified_eqs,not_analyzable,,42,,calculation,True,states correct value,False
asdiv,calc,"Dave had sixteen apps on his phone. After deleting some, he had eight left. How ",ok,69,8,11,8,11,3.0,True,True,True,,False,False,False,False,True,,False,False,True,1,1,prose_mid,changed,5,8,,other,True,complete hallucination,False
asdiv,calc,Jenny was told to clean up her room in fourteen days or she could not go to her ,ok,204,11,10,11,10,-1.0,True,True,True,,False,False,False,False,True,,True,False,False,0,0,no_verified_eqs,not_analyzable,,11,,calculation,True,complete hallucination,False
asdiv,calc,A waiter had fourteen customers. After some left he still had three customers. H,ok,70,3,6,3,6,3.0,True,True,True,,False,False,False,False,False,,False,False,True,1,1,prose_mid,changed,8,11,,other,True,complete hallucination,False
asdiv,calc,"For Halloween Will got fifteen pounds of candy. After giving some to Haley, he h",ok,18,15,12,15,12,-3.0,True,True,True,,False,False,False,False,False,,False,False,True,1,1,prose_mid,changed,3,6,,other,True,directly redoes calculation,False
asdiv,calc,"A group was sitting at a lunch table. After finishing, six people left and there",ok,225,5,3,5,3,-2.0,True,True,True,,False,False,False,False,False,,False,False,True,0,0,no_verified_eqs,not_analyzable,,11,,other,True,states correct value,False
asdiv,calc,"Debby owned thirteen DVDs. If she sold six of them, how many would she have left",ok,127,7,10,7,10,3.0,True,True,True,,False,False,False,False,True,,True,False,False,1,1,eq_rhs,changed,10,7,,calculation,True,complete hallucination,False
asdiv,calc,The host prepared nineteen cakes for the party. After the party he had nine left,ok,35,9,12,9,12,3.0,True,True,True,,False,False,False,False,False,,False,False,True,0,0,no_verified_eqs,not_analyzable,,10,,other,True,complete hallucination,False
asdiv,calc,Olivia had eighty-one pieces of paper in her folder. She used fifty-six pieces. ,ok,11,81,83,81,83,2.0,True,True,True,,False,False,False,False,False,,False,False,True,1,1,prose_mid,changed,27,25,,other,True,directly redoes calculation,False
asdiv,calc,When Amy got to the fair she had $15. When she left she had $11. How much money ,ok,209,4,7,4,7,3.0,True,True,True,,False,False,False,False,True,,True,False,False,1,1,eq_rhs,changed,7,4,,calculation,True,complete hallucination,False
asdiv,calc,"A museum had ninety-eight paintings. After they got rid of some, they had ninety",ok,40,95,94,95,94,-1.0,True,True,True,,False,False,False,False,False,,False,False,True,1,1,prose_mid,changed,4,3,,other,True,directly redoes calculation,False
asdiv,calc,For a birthday party a clown gave away six balloons. Now he has fifty-five ballo,ok,183,61,62,61,62,1.0,True,True,True,,False,False,False,False,True,,True,False,False,1,1,eq_rhs,changed,62,61,,calculation,False,,False
asdiv,calc,There were ninety-four dollars in Olivia's wallet. After she visited a supermark,ok,244,78,75,78,75,-3.0,True,True,True,,False,False,False,False,False,,False,False,True,0,0,no_verified_eqs,not_analyzable,,16,,other,True,directly redoes calculation,False
asdiv,calc,Winnie completed eighty-six consecutive repetitions for rope jumping yesterday. ,ok,17,86,88,86,88,2.0,True,True,True,,False,False,False,False,False,,False,False,True,0,0,no_verified_eqs,not_analyzable,,13,,other,True,directly redoes calculation,False
asdiv,calc,While playing a video game Ned lost thirteen lives. Now he has seventy lives. Ho,ok,30,70,67,70,67,-3.0,True,True,True,,False,False,False,False,False,,False,False,True,1,1,prose_mid,changed,80,83,,other,True,directly redoes calculation,False
asdiv,calc,"Adam picked thirty-five strawberries. After eating some, he had thirty-three lef",ok,167,2,0,2,0,-2.0,True,True,True,,False,False,False,False,True,,True,False,False,1,1,eq_rhs,changed,0,2,,calculation,True,states correct value,False
asdiv,calc,"A farmer planted 2 tomato seeds, 10 cucumber seeds and 3 pumpkin seeds. How many",ok,158,15,13,15,13,-2.0,True,True,True,,False,False,False,False,True,,True,False,False,1,1,eq_rhs,changed,13,15,,calculation,True,complete hallucination,False
asdiv,calc,"Tom used 2 batteries on his flashlights, 15 in his toys and 2 in his controllers",ok,214,19,18,19,18,-1.0,True,True,True,,False,False,False,False,True,,True,False,False,0,0,no_verified_eqs,not_analyzable,,19,,calculation,True,complete hallucination,False
asdiv,calc,"Tom read 2 books in May, 6 in June and 10 in July. How many books did Tom read? ",ok,159,18,17,18,17,-1.0,True,True,True,,False,False,False,False,True,,True,False,False,1,1,eq_rhs,changed,17,18,,calculation,True,complete hallucination,False
asdiv,calc,"At the arcade Debby spent 2 tickets on a hat, 10 on a stuffed animal and 2 on a ",ok,212,14,12,14,12,-2.0,True,True,True,,False,False,False,False,True,,True,False,False,0,0,no_verified_eqs,not_analyzable,,14,,calculation,True,states correct value,False
asdiv,calc,An artist painted 2 pictures in June. He painted 2 more in July and in August he,ok,202,13,11,13,11,-2.0,True,True,True,,False,False,False,False,True,,True,False,False,0,0,no_verified_eqs,not_analyzable,,13,,calculation,False,,False
asdiv,calc,"While on vacation, Debby took 24 pictures at the zoo and 12 at the museum. If sh",ok,186,22,19,22,19,-3.0,True,True,True,,False,False,False,False,True,,True,False,False,2,2,eq_rhs,changed,19,22,,calculation,True,states correct value,True
asdiv,calc,Zoe bought two coloring books. One had 44 pictures and the other had 44. After o,ok,150,88,87,88,87,-1.0,True,True,True,,False,False,False,False,False,,True,False,False,2,2,eq_rhs,changed,67,68,,calculation,True,explicitly identifies error,False
asdiv,calc,Faye and her mom were picking carrots from their garden. Faye picked 23 and her ,ok,353,16,15,16,15,-1.0,True,True,True,,False,False,False,False,True,,True,False,False,2,2,eq_rhs,changed,15,16,,calculation,False,,True
asdiv,calc,"Three pieces of timber 42 m, 49 m and 63 m long have to be divided into planks o",ok,203,3,0,3,0,-3.0,True,True,True,,False,False,False,False,False,,False,False,True,6,6,prose_mid,unchanged,7,7,,calculation,True,states correct value,False
asdiv,calc,"A chef only had 3 apples so he ordered 2 more bags. If each bag has 9 apples, ho",ok,168,21,19,21,19,-2.0,True,True,True,,False,False,False,False,True,,True,False,False,2,2,eq_rhs,changed,19,21,,calculation,True,states correct value,True
asdiv,calc,Before lunch a waitress had already earned $5 in tips. After lunch she had 7 cus,ok,317,19,21,19,21,2.0,True,True,True,,False,False,False,False,True,,True,False,False,2,2,eq_rhs,changed,21,19,,calculation,True,states correct value,True
asdiv,calc,A clothing company used 2 buttons on jeans and 5 buttons on shirts. If they made,ok,463,47,45,47,45,-2.0,True,True,True,,False,True,True,False,True,,True,False,False,0,0,no_verified_eqs,not_analyzable,,47,,calculation,True,directly redoes calculation,False
asdiv,calc,Adam had 8 boxes of toys. Each box had 6 toys. Later Adam bought 5 more toys. Ho,ok,325,53,54,53,54,1.0,True,True,True,,False,False,False,False,True,,True,False,False,2,2,eq_rhs,changed,54,53,,calculation,False,,False
asdiv,calc,A pet store sold 2 kittens and 1 puppy over the weekend. The kittens sold for $6,ok,620,17,16,17,16,-1.0,True,True,True,,False,False,False,False,True,,True,False,False,3,3,eq_rhs,changed,16,17,,calculation,True,states correct value,True
asdiv,calc,There were sixty-one people in line at lunch when twenty-two more got in line. H,ok,46,22,25,22,25,3.0,True,True,True,,False,False,False,False,False,,False,False,True,1,1,prose_mid,changed,86,83,,other,True,complete hallucination,False
asdiv,calc,Isabel had sixty-eight pieces of candy. Her friend gave her twenty-five more pie,ok,11,68,69,68,69,1.0,True,True,True,,False,False,False,False,False,,False,False,True,1,1,prose_mid,changed,94,93,,other,True,explicitly identifies error,False
asdiv,calc,At the fair Amy started with thirty-three tickets and then bought twenty-one mor,ok,152,54,51,54,51,-3.0,True,True,True,,False,False,False,False,True,,True,False,False,1,1,eq_rhs,changed,51,54,,calculation,False,,True
asdiv,calc,Mike collected seventy-one cans to recycle on Monday and twenty-seven more on Tu,ok,35,71,72,71,72,1.0,True,True,True,,False,False,False,False,False,,False,False,True,0,0,no_verified_eqs,not_analyzable,,98,,other,True,complete hallucination,False
asdiv,calc,At the zoo Zoe took sixty-seven pictures. If her sister took another seventeen p,ok,9,67,65,67,65,-2.0,True,True,True,,False,False,False,False,False,,False,False,True,1,1,prose_mid,changed,82,84,,other,True,directly redoes calculation,False
asdiv,calc,Sam was playing basketball with his friend. Sam scored seventy-five points and h,ok,148,75,73,75,73,-2.0,True,True,True,,False,False,False,False,False,,False,False,True,1,1,prose_mid,changed,85,87,,other,True,complete hallucination,False
asdiv,calc,Victor had $10. For his allowance he got another $8. How much money does he have,ok,172,18.,21.,18,21,3.0,True,True,True,,False,False,False,False,True,,True,False,False,1,1,eq_rhs,changed,21,18,,calculation,True,complete hallucination,False
asdiv,calc,John has twelve shirts. Later he bought four more shirts. How many shirts does J,ok,43,4,7,4,7,3.0,True,True,True,,False,False,False,False,False,,False,False,True,1,1,prose_mid,changed,19,16,,other,True,complete hallucination,False
asdiv,calc,Roger went to the movies fifteen times last year and three times this year. How ,ok,48,3,0,3,0,-3.0,True,True,True,,False,False,False,False,False,,False,False,True,0,0,no_verified_eqs,not_analyzable,,18,,other,True,states correct value,False
asdiv,calc,Olivia picked up sixteen pieces of paper from the floor. If Edward picked up thr,ok,58,3,6,3,6,3.0,True,True,True,,False,False,False,False,False,,False,False,True,1,1,prose_mid,changed,22,19,,other,True,explicitly identifies error,False
asdiv,calc,John had 33 socks. If he threw away 19 old ones that didn't fit and bought 13 ne,ok,61,14,12,14,12,-2.0,True,True,True,,False,False,False,False,False,,True,False,False,2,2,eq_rhs,changed,25,27,,calculation,False,,True
asdiv,calc,Paul made forty-four dollars mowing lawns and twenty-eight dollars weed eating. ,ok,97,28,26,28,26,-2.0,True,True,True,,False,False,False,False,False,,False,False,True,2,2,prose_mid,changed,7.777777778,8,,other,True,complete hallucination,False
asdiv,calc,Kaleb had saved up thirty-nine dollars. If he received another twenty-five dolla,ok,92,25,23,25,23,-2.0,True,True,True,,False,False,False,False,False,,False,False,True,2,2,prose_mid,changed,7.75,8,,other,True,complete hallucination,False
asdiv,calc,A pet shelter had twenty-three puppies when another two were brought in. If five,ok,189,25,28,25,28,3.0,True,True,True,,False,False,False,False,False,,True,False,False,2,2,eq_rhs,changed,5.6,5,,calculation,False,,False
asdiv,calc,Haley's old washing machine could only wash seven pieces of clothing at a time. ,ok,156,35,32,35,32,-3.0,True,True,True,,False,False,False,False,False,,True,False,False,2,2,eq_rhs,changed,4.571428571,5,,calculation,True,states correct value,True
asdiv,calc,At a company picnic three managers and three employees decided to start a game o,ok,128,2,4,2,4,2.0,True,True,True,,False,False,False,False,True,,True,False,False,0,0,no_verified_eqs,not_analyzable,,2,,calculation,True,states correct value,False
asdiv,calc,Luke was putting his spare change into piles. He had five piles of quarters and ,ok,112,3,6,3,6,3.0,True,True,True,,False,False,False,False,False,,False,False,True,2,2,prose_mid,changed,60,30,,other,True,directly redoes calculation,False
asdiv,calc,Katie was selling her necklaces at a garage sale. She sold four bead necklaces a,ok,76,4,7,4,7,3.0,True,True,True,,False,False,False,False,False,,False,False,True,2,2,prose_mid,changed,30,21,,other,True,states correct value,False
asdiv,calc,Kaleb was collecting cans for recycling. On Saturday he filled five bags up and ,ok,360,40,42,40,42,2.0,True,True,True,,False,False,False,False,True,,True,False,False,2,2,eq_rhs,changed,42,40,,calculation,True,states correct value,True
asdiv,calc,"A waiter had five tables he was waiting on, with five women and three men at eac",ok,148,8,5,8,5,-3.0,True,True,True,,False,True,True,False,False,,True,False,False,0,0,no_verified_eqs,not_analyzable,,40,,calculation,True,directly redoes calculation,False
asdiv,calc,Dave was working as a sacker at a grocery store where he made six dollars an hou,ok,306,12,13,12,13,1.0,True,True,True,,False,False,False,False,False,,True,False,False,0,0,no_verified_eqs,not_analyzable,,48,,calculation,True,partial hallucination,False
asdiv,calc,Tom had thirty-six pieces of clothing to wash. He put eighteen of them in one lo,ok,15,18,17,18,17,-1.0,True,True,True,,False,False,False,False,False,,False,False,True,1,1,prose_mid,not_analyzable,,9,,other,True,directly redoes calculation,False
asdiv,calc,Mike made ninety dollars mowing lawns over the summer. If he spent forty-five do,ok,167,90,91,90,91,1.0,True,True,True,,False,False,False,False,False,,False,False,True,2,2,eq_operand,changed,9.2,9,,other,True,states correct value,False
asdiv,calc,"A trivia team had 9 members total, but during a game 3 members didn't show up. I",ok,335,12,10,12,10,-2.0,True,True,True,,False,False,False,False,True,,True,False,False,2,2,eq_rhs,changed,10,12,,calculation,True,states correct value,True
asdiv,calc,If Lillian split 20 Skittles between 8 people in her class and kept the left ove,ok,99,2,0,2,0,-2.0,True,True,True,,False,False,False,False,True,,True,False,False,1,0,no_verified_eqs,not_analyzable,,2,,calculation,True,explicitly identifies error,False
asdiv,calc,There are 64 marbles in Phyllis's marble collection. If the marbles are organize,ok,15,2,5,2,5,3.0,True,True,True,,False,False,False,False,True,,False,False,False,1,1,prose_mid,changed,5,2,,calculation,True,directly redoes calculation,False
asdiv,calc,"Laura has 28 blocks and 8 cards. If she shares the blocks among 4 friends, how m",ok,213,7,5,7,5,-2.0,True,True,True,,False,False,False,False,True,,True,False,False,0,0,no_verified_eqs,not_analyzable,,7,,calculation,True,states correct value,False
asdiv,calc,Catherine has 18 bottle caps and 19 blocks. If she shares the bottle caps among ,ok,110,3,0,3,0,-3.0,True,True,True,,False,False,False,False,True,,True,False,False,0,0,no_verified_eqs,not_analyzable,,3,,calculation,True,states correct value,False
asdiv,calc,"Denise has 210 crayons and 3 blocks. If she shares the crayons among 30 friends,",ok,110,7,6,7,6,-1.0,True,True,True,,False,False,False,False,True,,True,False,False,0,0,no_verified_eqs,not_analyzable,,7,,calculation,True,states correct value,False
asdiv,propcalc,Allan brought two balloons and Jake brought four balloons to the park. How many ,ok,201,6,7,6,7,1.0,True,True,True,True,False,False,False,False,True,,True,False,False,0,0,no_verified_eqs,not_analyzable,,6,,calculation,True,complete hallucination,False
asdiv,propcalc,Brian has four more plums than Paul. Paul has seven plums. How many plums does B,ok,170,11.,8.,11,8,-3.0,True,True,True,True,False,False,False,False,True,,True,False,False,1,1,eq_rhs,changed,8,11,,calculation,True,states correct value,False
asdiv,propcalc,Mrs. Hilt's favorite first grade classes are baking muffins. Mrs. Brier's class ,ok,248,55,56,55,56,1.0,True,True,True,True,False,False,False,False,True,,True,False,False,2,2,eq_rhs,changed,56,55,,calculation,False,,False
asdiv,propcalc,Mrs. Hilt bought a yoyo for 24 cents and a whistle for 14 cents. How much did sh,ok,232,38,39,38,39,1.0,True,True,True,True,False,False,False,False,True,,True,False,False,0,0,no_verified_eqs,not_analyzable,,38,,calculation,False,,False
asdiv,propcalc,Mrs. Hilt saw 2 dogs and 2 chickens. How many animal legs did she see?,ok,47,8,9,8,9,1.0,True,True,True,True,False,False,False,False,False,,True,False,False,3,3,eq_rhs,changed,13,12,,calculation,True,explicitly identifies error,False
asdiv,propcalc,Millie had 9 bracelets. She lost 2 of them. How many bracelets does Millie have ,ok,194,7,9,7,9,2.0,True,True,True,True,True,True,True,False,True,,True,False,False,1,1,eq_rhs,changed,9,7,,calculation,True,directly redoes calculation,False
asdiv,propcalc,Lucy went to the grocery store. She bought 12 packs of cookies and 16 packs of n,ok,219,28,30,28,30,2.0,True,True,True,True,False,False,False,False,True,,True,False,False,0,0,no_verified_eqs,not_analyzable,,28,,calculation,False,,False
asdiv,propcalc,"Last Saturday, Marie sold 425 magazines and 275 newspapers. What is the total nu",ok,182,700,698,700,698,-2.0,True,True,True,True,False,False,False,False,True,,True,False,False,0,0,no_verified_eqs,not_analyzable,,700,,calculation,True,complete hallucination,False
asdiv,propcalc,Twenty-two boys went down the slide. Thirteen more boys went down the slide. How,ok,189,35,33,35,33,-2.0,True,True,True,True,False,False,False,False,True,,True,False,False,1,1,eq_rhs,changed,33,35,,calculation,False,,False
asdiv,propcalc,Mrs. Sheridan has 22 fish. Her sister gave her 47 more fish. How many fish does ,ok,216,69,67,69,67,-2.0,True,True,True,True,False,False,False,False,True,,True,False,False,1,1,eq_rhs,changed,67,69,,calculation,False,,False
asdiv,propcalc,Mrs. Heine is buying Valentine's Day treats for her 2 dogs. If she wants to buy ,ok,216,1,3,1,3,2.0,True,True,True,True,False,False,False,False,False,,False,False,False,3,3,prose_mid,changed,16,12,,copying,True,directly redoes calculation,True
asdiv,propcalc,Cade had 87 marbles. He gave 8 to Dylan. How many does he have left?,ok,180,79,82,79,82,3.0,True,True,True,True,False,False,False,False,True,,True,False,False,1,1,eq_rhs,changed,82,79,,calculation,False,,False
asdiv,propcalc,Isabella's hair is 18 inches long. By the end of the year her hair is 24 inches ,ok,248,6,4,6,4,-2.0,True,True,True,True,False,False,False,False,True,,True,False,False,0,0,no_verified_eqs,not_analyzable,,6,,calculation,True,complete hallucination,False
asdiv,propcalc,Mrs. Snyder made 86 heart cookies. She made 36 red cookies and the rest are pink,ok,276,50,52,50,52,2.0,True,True,True,True,False,False,False,False,True,,True,False,False,0,0,no_verified_eqs,not_analyzable,,50,,calculation,False,,False
asdiv,propcalc,Alex had some candles for his Jack O'Lanterns. He used 32 of them. Now he has 12,ok,222,44,47,44,47,3.0,True,True,True,True,False,False,False,False,True,,True,False,False,0,0,no_verified_eqs,not_analyzable,,44,,calculation,True,complete hallucination,False
asdiv,propcalc,"Sarah had some trucks. She gave 13 to Jeff, and now she has 38 trucks left. How ",ok,267,51,48,51,48,-3.0,True,True,True,True,False,False,False,False,True,,True,False,False,0,0,no_verified_eqs,not_analyzable,,51,,calculation,True,complete hallucination,False
asdiv,propcalc,Brad has 17 balloons. 8 balloons are red and the rest are green. How many green ,ok,227,9,8,9,8,-1.0,True,True,True,True,True,True,True,False,True,,True,False,False,0,0,no_verified_eqs,not_analyzable,,9,,copying,True,complete hallucination,False
asdiv,propcalc,Mrs. Hilt had 38 marbles. She lost 15 of them. How many marbles does she have le,ok,213,23,26,23,26,3.0,True,True,True,True,False,False,False,False,True,,True,False,False,0,0,no_verified_eqs,not_analyzable,,23,,calculation,True,complete hallucination,False
asdiv,propcalc,I have 28 cents in my pocket. How coins could I have on minimization?,ok,186,1,-1,1,-1,-2.0,True,True,True,True,False,False,False,False,False,,False,False,False,0,0,no_verified_eqs,not_analyzable,,4,,other,True,complete hallucination,False
asdiv,propcalc,Jeff has twice as many crayons as Joan. Joan has 12 crayons. How many does Jeff ,ok,146,2,5,2,5,3.0,True,True,True,True,False,False,False,False,False,,False,False,True,0,0,no_verified_eqs,not_analyzable,,24,,calculation,True,explicitly identifies error,False
asdiv,propcalc,Dan has $3.00. He bought a candy bar for $1.00. How much money is left?,ok,185,2.00,-1.0,2,-1,-3.0,True,True,True,True,False,False,False,False,True,,True,False,False,1,1,eq_rhs,changed,-1,2,,calculation,True,directly redoes calculation,False
asdiv,propcalc,Charlie has 31 more snowballs than Lucy. She has 19 snowballs. How many does Cha,ok,143,50,52,50,52,2.0,True,True,True,True,False,False,False,False,True,,True,False,False,1,1,eq_rhs,changed,52,50,,calculation,True,complete hallucination,False
asdiv,propcalc,"Upon finishing the treehouse, Charlie's mother served them freshly baked cookies",ok,188,30,32,30,32,2.0,True,True,True,True,False,False,False,False,True,,True,False,False,1,1,eq_rhs,changed,32,30,,calculation,True,complete hallucination,False
asdiv,propcalc,Annie is about to celebrate her birthday next week so her friends decided to thr,ok,214,55,57,55,57,2.0,True,True,True,True,False,False,False,False,True,,True,False,False,0,0,no_verified_eqs,not_analyzable,,55,,calculation,False,,False
asdiv,propcalc,"It's Halloween in Chicago. Bob, Mary, John, Sue and Sam dressed as superheroes a",ok,245,50,49,50,49,-1.0,True,True,True,True,False,False,False,False,True,,True,False,False,0,0,no_verified_eqs,not_analyzable,,50,,calculation,False,,False
asdiv,propcalc,Bob who is Sam's next door neighbor decided that he will accompany Sam home. He ,ok,211,50,49,50,49,-1.0,True,True,True,True,False,False,False,False,True,,True,False,False,0,0,no_verified_eqs,not_analyzable,,50,,calculation,False,,False
asdiv,propcalc,After the aviary was the zoo's swamp area. Penny counted a total of 55 tree frog,ok,150,78,80,78,80,2.0,True,True,True,True,False,False,False,False,True,,True,False,False,1,1,eq_rhs,changed,80,78,,calculation,False,,False
asdiv,propcalc,Robyn and Lucy are members of their village's Girl Scout troop. During weekends ,ok,215,76,73,76,73,-3.0,True,True,True,True,False,False,False,False,True,,True,False,False,1,1,eq_rhs,changed,73,76,,calculation,False,,False
asdiv,propcalc,"Hazel and her father both love going on fishing trips. This year, they planned t",ok,225,51,48,51,48,-3.0,True,True,True,True,False,False,False,False,True,,True,False,False,0,0,no_verified_eqs,not_analyzable,,51,,calculation,True,complete hallucination,False
asdiv,propcalc,Next on his list is the nursing home near his office. There he 472 boxes of vita,ok,283,760,758,760,758,-2.0,True,True,True,True,False,False,False,False,True,,True,False,False,1,1,eq_rhs,changed,758,760,,calculation,False,,False
asdiv,propcalc,"When the building is done, they wanted to make it shine brightly in the night. T",ok,187,729,732,729,732,3.0,True,True,True,True,False,False,False,False,True,,True,False,False,0,0,no_verified_eqs,not_analyzable,,729,,calculation,True,complete hallucination,False
asdiv,propcalc,It took all of the workers one year to finish the Animus Tower and it was indeed,ok,240,400,399,400,399,-1.0,True,True,True,True,False,False,False,False,True,,True,False,False,0,0,no_verified_eqs,not_analyzable,,400,,calculation,False,,False
asdiv,propcalc,Jasmine also bought some chips for her friends in which she got for a discount o,ok,226,18.00,16.0,18,16,-2.0,True,True,True,True,False,False,False,False,True,,True,False,False,1,1,eq_rhs,changed,16,18,,calculation,True,complete hallucination,False
asdiv,propcalc,"Carl, on the other hand, was able to collect 74 stamps which are 36 more than wh",ok,239,38,35,38,35,-3.0,True,True,True,True,False,False,False,False,True,,True,False,False,0,0,no_verified_eqs,not_analyzable,,38,,copying,True,complete hallucination,False
asdiv,propcalc,"Charlie, an aspiring inventor, is planning to make some wings to fulfill his dre",ok,216,513,510,513,510,-3.0,True,True,True,True,False,False,False,False,True,,True,False,False,1,1,eq_rhs,changed,510,513,,calculation,False,,False
asdiv,propcalc,"While heating the wings, Charlie decided to make metal supports for the wings. I",ok,248,359,356,359,356,-3.0,True,True,True,True,False,False,False,False,True,,True,False,False,0,0,no_verified_eqs,not_analyzable,,359,,calculation,True,complete hallucination,False
asdiv,propcalc,"They served a total of 179 adults and 141 children, if 156 of all the people the",ok,328,164,161,164,161,-3.0,True,True,True,True,False,False,False,False,True,,True,False,False,0,0,no_verified_eqs,not_analyzable,,164,,calculation,False,,False
asdiv,propcalc,Her mom also baked some cookies. If she baked 5 pans of cookies and there are 8 ,ok,187,40,38,40,38,-2.0,True,True,True,True,False,False,False,False,True,,True,False,False,0,0,no_verified_eqs,not_analyzable,,40,,calculation,True,complete hallucination,False
asdiv,propcalc,She also estimated the number of candies that she will receive from each block. ,ok,121,35,32,35,32,-3.0,True,True,True,True,False,False,False,False,True,,True,False,False,1,1,eq_rhs,changed,32,35,,calculation,False,,False
asdiv,propcalc,She also tried to get to know the teachers in the school. She found out that the,ok,244,140,142,140,142,2.0,True,True,True,True,False,False,False,False,True,,True,False,False,0,0,no_verified_eqs,not_analyzable,,140,,calculation,True,complete hallucination,False
asdiv,propcalc,"Mark, Dean's friend, decided to go for a boat ride. If the ride costs $8.00 for ",ok,181,320.00,318.0,320,318,-2.0,True,True,True,True,False,False,False,False,True,,True,False,False,0,0,no_verified_eqs,not_analyzable,,320,,calculation,True,directly redoes calculation,False
asdiv,propcalc,"He then classified some of the rocks into igneous, metamorphic and sedimentary. ",ok,258,738,737,738,737,-1.0,True,True,True,True,False,False,False,False,True,,True,False,False,0,0,no_verified_eqs,not_analyzable,,738,,calculation,True,complete hallucination,False
asdiv,propcalc,"It is harvest season in the country. Lewis, whose family owns a fruit farm, is b",ok,222,360,358,360,358,-2.0,True,True,True,True,False,False,False,False,True,,True,False,False,0,0,no_verified_eqs,not_analyzable,,360,,calculation,True,complete hallucination,False
asdiv,propcalc,If Lewis earns $1367.00 every week during the 5 weeks of harvest. How much money,ok,248,6835.00,6838.0,6835,6838,3.0,True,True,True,True,False,False,False,False,True,,True,False,False,0,0,no_verified_eqs,not_analyzable,,6835,,calculation,True,complete hallucination,False
asdiv,propcalc,Another region was the aquatic reserve for freshwater organisms. If there are 6 ,ok,255,1050,1052,1050,1052,2.0,True,True,True,True,False,False,False,False,True,,True,False,False,0,0,no_verified_eqs,not_analyzable,,1050,,calculation,True,complete hallucination,False
asdiv,propcalc,They entered the circus tent and saw that there are four seating sections for th,ok,267,984,987,984,987,3.0,True,True,True,True,False,False,False,False,True,,True,False,False,0,0,no_verified_eqs,not_analyzable,,984,,calculation,True,complete hallucination,False
asdiv,propcalc,Amanda and her friends decided to go to an amusement park for the weekend. The n,ok,307,81,78,81,78,-3.0,True,True,True,True,False,False,False,False,True,,True,False,False,0,0,no_verified_eqs,not_analyzable,,81,,calculation,False,,False
asdiv,propcalc,Beside the pile of clean white paper was a stack of 700 sheets of used paper. Sh,ok,223,7,6,7,6,-1.0,True,True,True,True,False,False,False,False,True,,True,False,False,0,0,no_verified_eqs,not_analyzable,,7,,calculation,True,complete hallucination,False
asdiv,propcalc,Christian's father and the senior ranger gathered firewood as they walked toward,ok,218,4,6,4,6,2.0,True,True,True,True,False,False,False,False,True,,True,False,False,0,0,no_verified_eqs,not_analyzable,,4,,calculation,True,complete hallucination,False
asdiv,propcalc,"One bright sunny day, Betty decided to make bracelets from beautiful stones she ",ok,249,11,12,11,12,1.0,True,True,True,True,False,False,False,False,True,,True,False,False,0,0,no_verified_eqs,not_analyzable,,11,,calculation,True,complete hallucination,False
asdiv,propcalc,"Brenda, Betty's sister, wanted to have 3 bracelets with star-shaped stones. She ",ok,283,12,9,12,9,-3.0,True,True,True,True,False,False,False,False,True,,True,False,False,0,0,no_verified_eqs,not_analyzable,,12,,calculation,True,complete hallucination,False
asdiv,propcalc,"On the first Saturday of spring, Jane woke up early to enjoy the whole day and h",ok,176,6,5,6,5,-1.0,True,True,True,True,False,False,False,False,True,,True,False,False,1,1,eq_rhs,changed,5,6,,calculation,False,,False
asdiv,propcalc,Jane's dad brought home 24 marble potatoes. If Jane's mom made potato salad for ,ok,84,3,2,3,2,-1.0,True,True,True,True,False,False,False,False,False,,False,False,False,1,1,prose_mid,changed,12,8,,copying,True,complete hallucination,False
asdiv,propcalc,"Lastly, she baked 53 lemon cupcakes for the children living in the city orphanag",ok,74,2,4,2,4,2.0,True,True,True,True,False,False,False,False,False,,False,False,True,0,0,no_verified_eqs,not_analyzable,,17,,other,False,,False
asdiv,propcalc,Susie and her sister gathered all 98 of their teddy bears and placed them on the,ok,336,14,13,14,13,-1.0,True,True,True,True,False,False,False,False,True,,True,False,False,0,0,no_verified_eqs,not_analyzable,,14,,calculation,True,complete hallucination,False
asdiv,propcalc,"Allen, Charles, Lex and Shiela spent days reading books for their book report. T",ok,221,12,11,12,11,-1.0,True,True,True,True,False,False,False,False,True,,True,False,False,0,0,no_verified_eqs,not_analyzable,,12,,calculation,True,complete hallucination,False
asdiv,propcalc,There are 46 birds perched on the branches of a tree. How many feet are there on,ok,20,2,3,2,3,1.0,True,True,True,True,False,False,False,False,False,,False,False,False,0,0,no_verified_eqs,not_analyzable,,92,,calculation,True,explicitly identifies error,False
asdiv,propcalc,I see 115 cows grazing in the pasture. How many legs do I see?,ok,10,4,3,4,3,-1.0,True,True,True,True,False,False,False,False,False,,False,False,False,1,1,prose_mid,changed,345,460,,calculation,True,explicitly identifies error,False
asdiv,propcalc,There are 397 butterflies. Each butterfly has 12 black dots and 17 yellow dots. ,ok,535,"4,764","4,765",4764,4765,1.0,True,True,True,True,False,False,False,False,True,,True,False,False,0,0,no_verified_eqs,not_analyzable,,4764,,calculation,False,,False
asdiv,propcalc,"At the zoo, I see 35 elephants and 48 tigers. How many legs do I see?",ok,120,140,141,140,141,1.0,True,True,True,True,False,False,False,False,False,,True,False,False,3,3,eq_rhs,changed,333,332,,calculation,False,,False
asdiv,propcalc,The Ferris wheel in Paradise Park has 14 seats. Each seat can hold 6 people. How,ok,206,84,87,84,87,3.0,True,True,True,True,False,False,False,False,True,,True,False,False,0,0,no_verified_eqs,not_analyzable,,84,,calculation,True,complete hallucination,False
asdiv,propcalc,"If you can choose between a regular or waffle cone and vanilla, strawberry, cara",ok,96,4,2,4,2,-2.0,True,True,True,True,False,True,True,False,False,,False,False,False,0,0,no_verified_eqs,not_analyzable,,8,,copying,True,explicitly identifies error,False
asdiv,propcalc,Chris gave his 35 friends 12 pieces of candy each. How many pieces of candy did ,ok,206,420,421,420,421,1.0,True,True,True,True,False,False,False,False,True,,True,False,False,0,0,no_verified_eqs,not_analyzable,,420,,calculation,True,complete hallucination,False
asdiv,propcalc,I see 105 puppies. How many ears do they have?,ok,16,2,1,2,1,-1.0,True,True,True,True,False,False,False,False,False,,False,False,False,1,1,prose_mid,changed,105,210,,commonsense,True,explicitly identifies error,False
asdiv,propcalc,I see 349 frogs. How many legs do they have?,ok,11,4,7,4,7,3.0,True,True,True,True,False,False,False,False,False,,False,False,False,0,0,no_verified_eqs,not_analyzable,,1396,,calculation,True,explicitly identifies error,False
asdiv,propcalc,There are 37 baskets. There are 17 apples in each basket. How many apples are th,ok,204,629,631,629,631,2.0,True,True,True,True,False,False,False,False,True,,True,False,False,0,0,no_verified_eqs,not_analyzable,,629,,calculation,False,,False
asdiv,propcalc,There are 5 people on the Green Bay High track team. If a relay race is 150 mete,ok,206,30,31,30,31,1.0,True,True,True,True,False,False,False,False,True,,False,False,False,0,0,no_verified_eqs,not_analyzable,,30,,calculation,True,complete hallucination,False
asdiv,propcalc,63 people are going to the zoo. There are 3 cars to take people to the zoo. How ,ok,158,21,20,21,20,-1.0,True,True,True,True,False,False,False,False,True,,True,False,False,0,0,no_verified_eqs,not_analyzable,,21,,calculation,True,complete hallucination,False
asdiv,propcalc,"There are 10 stickers on a page. If you have 22 pages of stickers, how many stic",ok,216,220,217,220,217,-3.0,True,True,True,True,False,False,False,False,True,,True,False,False,0,0,no_verified_eqs,not_analyzable,,220,,calculation,True,explicitly identifies error,False
asdiv,propcalc,"White t-shirts can be purchased in packages of 6. If Mom buys 71 packages, how m",ok,316,426,424,426,424,-2.0,True,True,True,True,False,False,False,False,True,,True,False,False,1,1,eq_rhs,changed,424,426,,calculation,False,,False
asdiv,propcalc,Iesha has 344 books. 136 are about school and the rest are about sports. How man,ok,236,208,205,208,205,-3.0,True,True,True,True,False,False,False,False,True,,True,False,False,0,0,no_verified_eqs,not_analyzable,,208,,calculation,True,complete hallucination,False
asdiv,propcalc,"The town of Milburg has 5,256 grown-ups and 2,987 children. How many people live",ok,143,"8,243","8,245",8243,8245,2.0,True,True,True,True,False,False,False,False,True,,True,False,False,0,0,no_verified_eqs,not_analyzable,,8243,,calculation,False,,False
asdiv,propcalc,Third-grade students went to a concert in 8 buses. Each bus took 45 students. Ho,ok,191,360,357,360,357,-3.0,True,True,True,True,False,False,False,False,True,,True,False,False,0,0,no_verified_eqs,not_analyzable,,360,,calculation,True,complete hallucination,False
asdiv,propcalc,There are 124 students making 3 stars each for the school wall. How many stars w,ok,252,372,369,372,369,-3.0,True,True,True,True,False,False,False,False,True,,True,False,False,0,0,no_verified_eqs,not_analyzable,,372,,calculation,True,complete hallucination,False
asdiv,propcalc,The farmer had 127 apples. He gave 88 apples to his neighbor. How many apples do,ok,197,39,38,39,38,-1.0,True,True,True,True,False,False,False,False,True,,True,False,False,1,1,eq_rhs,changed,38,39,,calculation,True,complete hallucination,False
asdiv,propcalc,John can read 4 books a day. He reads every Monday and Tuesday. How many books w,ok,348,48,49,48,49,1.0,True,True,True,True,False,False,False,False,True,,True,False,False,2,2,eq_rhs,changed,49,48,,calculation,True,explicitly identifies error,False
asdiv,propcalc,Jill invited 37 people to her birthday party. They each ate 8 pieces of pizza. H,ok,217,296,293,296,293,-3.0,True,True,True,True,False,False,False,False,True,,True,False,False,0,0,no_verified_eqs,not_analyzable,,296,,calculation,True,complete hallucination,False
asdiv,propcalc,Mrs. Hilt baked pies last weekend for a holiday dinner. She baked 16 pecan pies ,ok,141,30,33,30,33,3.0,True,True,True,True,False,False,False,False,False,,True,False,False,2,2,eq_rhs,changed,6.6,6,,calculation,False,,False
asdiv,propcalc,Jae bought 12 cartons of ice cream and 3 cartons of yogurt. Each carton of ice c,ok,596,102,100,102,100,-2.0,True,True,True,True,False,False,False,False,True,,True,False,False,3,3,eq_rhs,changed,100,102,,calculation,False,,False
asdiv,propcalc,Jermaine saved $43 in March. He saved $19 in April and $16 in May. Then Jermaine,ok,272,1,4,1,4,3.0,True,True,True,True,False,False,False,False,True,,True,False,False,2,2,eq_rhs,changed,4,1,,calculation,False,,False
asdiv,propcalc,"At a Halloween store, there are 3 green capes, 2 blue capes, and 3 red capes. If",ok,74,8,5,8,5,-3.0,True,True,True,True,False,False,False,False,False,,True,False,False,2,2,eq_rhs,changed,-1,2,,copying,True,explicitly identifies error,False
asdiv,propcalc,"At a candy store, there are 3 brown candy boxes, 3 black candy boxes, and 2 blue",ok,58,8,6,8,6,-2.0,True,True,True,True,False,False,False,False,False,,True,False,False,2,2,eq_rhs,changed,1,3,,copying,True,explicitly identifies error,False
asdiv,propcalc,Bruno had some story books. He lost 4 of them and his dad gave him 10 more books,ok,340,33,36,33,36,3.0,True,True,True,True,False,False,False,False,True,,True,False,False,2,2,eq_rhs,changed,36,33,,calculation,False,,False
asdiv,propcalc,"A shop stocked 22 pairs of large-size shoes, 50 pairs of medium-size shoes and 2",ok,250,96,93,96,93,-3.0,True,True,True,True,False,False,False,False,False,,True,False,False,0,0,no_verified_eqs,not_analyzable,,83,,calculation,False,,False
asdiv,propcalc,"There are 100 books on a shelf. 32 of them are history books, 25 of them are geo",ok,191,57,58,57,58,1.0,True,True,True,True,False,False,False,False,False,,True,False,False,2,2,eq_rhs,changed,42,43,,calculation,False,,False
asdiv,propcalc,"Harry walked along the beach and collected 34 sea stars, 21 seashells and 29 sna",ok,209,84,85,84,85,1.0,True,True,True,True,False,False,False,False,False,,True,False,False,2,2,eq_rhs,changed,26,25,,calculation,False,,False
asdiv,propcalc,Jack received 8 emails in the morning and 2 emails in the afternoon. How many em,ok,257,10,13,10,13,3.0,True,True,True,True,False,False,False,False,True,,True,False,False,0,0,no_verified_eqs,not_analyzable,,10,,calculation,True,complete hallucination,False
asdiv,propcalc,There are 83 trees in a park. 36 of them willows and the rest are oaks. How many,ok,431,11,13,11,13,2.0,True,True,True,True,False,False,False,False,True,,True,False,False,0,0,no_verified_eqs,not_analyzable,,11,,calculation,False,,False
asdiv,propcalc,"The total weight of Jack and Sam is 96 pounds. If Jack weighs 52 pounds, how muc",ok,486,8,11,8,11,3.0,True,True,True,True,False,False,False,False,True,,True,False,False,0,0,no_verified_eqs,not_analyzable,,8,,calculation,True,complete hallucination,False
asdiv,propcalc,"Savant has 3 jars. He puts in 34 coins in the first jar, 29 coins in the second ",ok,223,76,78,76,78,2.0,True,True,True,True,False,False,False,False,True,,True,False,False,0,0,no_verified_eqs,not_analyzable,,76,,calculation,False,,False
asdiv,propcalc,An online toy store stocked some toys. It sold 38 toys at the first week and 26 ,ok,204,64,61,64,61,-3.0,True,True,True,True,False,False,False,False,False,,True,False,False,2,2,eq_rhs,changed,80,83,,calculation,False,,False
asdiv,propcalc,Mr. Peter harvested some pears. He picked 43 kg of the pears into a bag and 35 k,ok,226,78,75,78,75,-3.0,True,True,True,True,False,False,False,False,False,,True,False,False,0,0,no_verified_eqs,not_analyzable,,93,,calculation,False,,False
asdiv,propcalc,Gary had some stickers. He gave 42 stickers to Lucy and 26 stickers to Alex. If ,ok,208,68,65,68,65,-3.0,True,True,True,True,False,False,False,False,False,,True,False,False,2,2,eq_rhs,changed,96,99,,calculation,False,,False
asdiv,propcalc,Mrs. Smith gave 53 strawberries to 8 girls equally. How many strawberries did ea,ok,124,5.,3.,5,3,-2.0,True,True,True,True,False,False,False,False,False,,False,False,False,1,0,no_verified_eqs,not_analyzable,,6,,other,True,complete hallucination,False
asdiv,propcalc,9 boys went to water trees. There were 29 trees. If each of them watered the equ,ok,152,3,4,3,4,1.0,True,True,True,True,False,False,False,False,True,,True,False,False,0,0,no_verified_eqs,not_analyzable,,3,,calculation,False,,False
asdiv,propcalc,Divide 39 balloons into 7 equal groups. How many balloons are left?,ok,137,5,3,5,3,-2.0,True,True,True,True,False,False,False,False,False,,True,False,False,1,0,no_verified_eqs,not_analyzable,,4,,other,True,complete hallucination,False
asdiv,propcalc,There are 32 students in the class. The teacher divided them into 5 equal groups,ok,163,6,4,6,4,-2.0,True,True,True,True,False,False,False,False,True,,True,False,False,1,0,no_verified_eqs,not_analyzable,,6,,calculation,True,explicitly identifies error,False
asdiv,propcalc,There are 32 students in the class. The teacher divided them into 5 equal groups,ok,151,2,-1,2,-1,-3.0,True,True,True,True,False,False,False,False,True,,False,False,False,1,0,no_verified_eqs,not_analyzable,,2,,calculation,True,explicitly identifies error,False
asdiv,propcalc,"Sam cut equal-length pieces of ribbon from a 3,730-cm long ribbon. If each piece",ok,596,7,6,7,6,-1.0,True,True,True,True,False,False,False,False,True,,True,False,False,0,0,no_verified_eqs,not_analyzable,,7,,calculation,False,,False
asdiv,propcalc,"A tourist group has 26 people. At a hotel, they want to rent some large rooms fo",ok,393,8,6,8,6,-2.0,True,True,True,True,False,True,True,False,True,,True,False,False,1,1,eq_rhs,changed,6,8,,calculation,False,,False
asdiv,propcalc,A farmer bought 164 rabbits. If the farmer wanted to fill 17 cages with the same,ok,733,6,5,6,5,-1.0,True,True,True,True,False,False,False,False,True,,True,False,False,0,0,no_verified_eqs,not_analyzable,,6,,calculation,False,,False
asdiv,propcalc,The weight of 5 diamonds is 100 g. The total weight of 4 diamonds and 2 jades is,ok,766,10,7,10,7,-3.0,True,True,True,True,False,False,False,False,True,,True,False,False,0,0,no_verified_eqs,not_analyzable,,10,,calculation,True,complete hallucination,False
asdiv,propcalc,Drew gave 12 marbles to Marcus. Each boy then had 25 marbles. How many more marb,ok,236,13,14,13,14,1.0,True,True,True,True,False,False,False,False,False,,True,False,False,3,3,eq_rhs,changed,23,24,,calculation,False,,False
asdiv,propcalc,A box of apples was delivered to Paul's Pies and Cakes. He put half of the apple,ok,388,62,63,62,63,1.0,True,True,True,True,False,False,False,False,True,,True,False,False,2,2,eq_rhs,changed,63,62,,calculation,False,,False
asdiv,propcalc,Evan delivers packages in a building. He started on the first floor and went up ,ok,224,21,20,21,20,-1.0,True,True,True,True,False,False,False,False,False,,True,False,False,4,4,eq_rhs,changed,22,23,,calculation,False,,False
asdiv,propcalc,Jake bought a book of tickets for the rides at Fun Land. 8 of the tickets were r,ok,408,30,31,30,31,1.0,True,True,True,True,False,False,False,False,True,,True,False,False,2,2,eq_rhs,changed,31,30,,calculation,False,,False
asdiv,propcalc,Kendra learns 12 new spelling words each week. Her goal is to learn 60 new words,ok,209,24,27,24,27,3.0,True,True,True,True,False,False,False,False,True,,True,False,False,1,1,eq_rhs,changed,27,24,,calculation,True,complete hallucination,False
asdiv,propcalc,It is 78 miles to Grandma's house. Mr. Welch drove 35 miles. He stopped to buy a,ok,57,43,46,43,46,3.0,True,True,True,True,False,False,False,False,False,,True,False,False,2,2,eq_rhs,changed,28,25,,calculation,False,,False
asdiv,propcalc,"Alissa picked 16 flowers. Her twin sister, Melissa, also picked 16 flowers. They",ok,406,14,16,14,16,2.0,True,True,True,True,True,True,True,False,True,,True,False,False,2,2,eq_rhs,changed,16,14,,calculation,False,,False
asdiv,propcalc,Andy had 31 baseball cards. His dad gave him some more. Then Andy had 50 basebal,ok,294,19,18,19,18,-1.0,True,True,True,True,False,False,False,False,True,,True,False,False,0,0,no_verified_eqs,not_analyzable,,19,,calculation,False,,False
asdiv,propcalc,Zachary did 47 push-ups in gym class today. David did 15 more push-ups than Zach,ok,94,62,64,62,64,2.0,True,True,True,True,False,False,False,False,True,,True,False,False,1,1,eq_rhs,changed,64,62,,calculation,False,,False
asdiv,propcalc,Kim sold 54 boxes of Girl Scout cookies. Jennifer sold 17 more boxes than Kim. H,ok,93,71,70,71,70,-1.0,True,True,True,True,False,False,False,False,True,,True,False,False,1,1,eq_rhs,changed,70,71,,calculation,False,,False
asdiv,propcalc,Mikayla has a huge collection of music CDs. She gave 15 CDs to her friend. Now s,ok,197,93,95,93,95,2.0,True,True,True,True,False,False,False,False,True,,True,False,False,0,0,no_verified_eqs,not_analyzable,,93,,calculation,True,complete hallucination,False
asdiv,propcalc,Jake set up a candy stand in his front yard. He has 80 pieces of candy to sell. ,ok,318,58,56,58,56,-2.0,True,True,True,True,False,False,False,False,True,,True,False,False,2,2,eq_rhs,changed,56,58,,calculation,True,complete hallucination,False
asdiv,propcalc,Charlene made 60 bead necklaces. She sold 16 at a craft fair. She gave 18 to her,ok,81,44,43,44,43,-1.0,True,True,True,True,False,False,False,False,False,,True,False,False,2,2,eq_rhs,changed,25,26,,calculation,False,,False
asdiv,propcalc,Ramon works at the supermarket. He put 26 boxes of Choco Delights on the shelf. ,ok,195,41,42,41,42,1.0,True,True,True,True,False,False,False,False,False,,True,False,False,2,2,eq_rhs,changed,20,19,,calculation,False,,False
asdiv,propcalc,There are 42 boys in the computer club. There are 9 fewer girls than boys in the,ok,330,75,78,75,78,3.0,True,True,True,True,False,False,False,False,True,,True,False,False,2,2,eq_rhs,changed,78,75,,calculation,False,,False
asdiv,propcalc,Cheryl and Lori started a lemonade stand on Friday. They bought 85 plastic cups.,ok,206,67,65,67,65,-2.0,True,True,True,True,False,False,False,False,True,,True,False,False,1,1,eq_rhs,changed,65,67,,calculation,False,,False
asdiv,propcalc,Coach Mike bought several cups of lemonade. The girls told him it would cost 58 ,ok,233,17,20,17,20,3.0,True,True,True,True,False,False,False,False,True,,True,False,False,0,0,no_verified_eqs,not_analyzable,,17,,calculation,True,complete hallucination,False
asdiv,propcalc,The giant Ferris wheel can seat 56 people. There are 92 people waiting in line. ,ok,506,36,35,36,35,-1.0,True,True,True,True,False,False,False,False,True,,True,False,False,0,0,no_verified_eqs,not_analyzable,,36,,calculation,False,,False
asdiv,propcalc,Erin and Dana finished a two day bike-a-thon. They rode 37 miles the first day T,ok,191,92,93,92,93,1.0,True,True,True,True,False,False,False,False,True,,True,False,False,0,0,no_verified_eqs,not_analyzable,,92,,calculation,False,,False
asdiv,propcalc,Paul and Vinnie deliver newspapers. Paul made $14 in tips. Vinnie made $16 more ,ok,155,30,32,30,32,2.0,True,True,True,True,False,False,False,False,True,,True,False,False,0,0,no_verified_eqs,not_analyzable,,30,,calculation,False,,False
asdiv,propcalc,"Chris has 18 soccer cards. His friend, Charlie, has 32 cards. How many fewer car",ok,264,14,16,14,16,2.0,True,True,True,True,False,False,False,False,True,,True,False,False,0,0,no_verified_eqs,not_analyzable,,14,,calculation,True,complete hallucination,False
asdiv,propcalc,Brian ran around the school track in 96 seconds. Todd ran around it in 88 second,ok,192,8,7,8,7,-1.0,True,True,True,True,False,False,False,False,True,,True,False,False,0,0,no_verified_eqs,not_analyzable,,8,,calculation,True,complete hallucination,False
asdiv,propcalc,If you add 45 to a mystery number you will get 92. What is the mystery number?,ok,73,47,44,47,44,-3.0,True,True,True,True,False,False,False,False,True,,True,False,False,1,1,eq_rhs,changed,44,47,,calculation,True,directly redoes calculation,False
asdiv,propcalc,"Kayla got a new video game. She scored 2 points on the first level, 3 points on ",ok,399,1.,2.,1,2,1.0,True,True,True,True,True,True,True,False,False,,False,False,False,6,6,prose_mid,changed,18,17,,calculation,False,,False
asdiv,propcalc,Jared owns a hardware store and is looking over his past orders. Jared's hardwar,ok,254,1,-1,1,-1,-2.0,True,True,True,True,False,False,False,False,False,,False,False,False,5,5,prose_mid,changed,13,15,,calculation,True,complete hallucination,False
asdiv,propcalc,"Willy has 5,092 crayons. Lucy has 3,971 crayons. How many more crayons does Will",ok,181,"1,121","1,118",1121,1118,-3.0,True,True,True,True,False,False,False,False,True,,True,False,False,1,1,eq_rhs,changed,1118,1121,,calculation,False,,False
asdiv,propcalc,"Recently, the postal service sold stamps with famous people pictured on them. Th",ok,147,"1,102,609","1,102,608",1102609,1102608,-1.0,True,True,True,True,False,False,False,False,True,,True,False,False,0,0,no_verified_eqs,not_analyzable,,1102609,,calculation,False,,False
asdiv,propcalc,Tony made 14 L of lemonade for a party. His guests drank 9500 mL of the lemonade,ok,94,1000,1002,1000,1002,2.0,True,True,True,True,False,False,False,False,False,,True,False,False,0,0,no_verified_eqs,not_analyzable,,4500,,commonsense,True,complete hallucination,False
asdiv,propcalc,"A restaurant charges 4% service charge. If your order amounted to 450, how much ",ok,178,18,20,18,20,2.0,True,True,True,True,False,False,False,False,False,,True,False,False,3,2,eq_rhs,changed,470,468,,calculation,False,,False
asdiv,propcalc,Lavender is making punch for the school dance. She mixes 3 parts lemonade with 5,ok,426,45,44,45,44,-1.0,True,True,True,True,False,False,False,False,False,,True,False,False,5,5,eq_rhs,changed,17,18,,calculation,False,,False
asdiv,propcalc,Armand cuts a piece of wire into two smaller pieces that are in a ratio 7:5. The,ok,480,96,98,96,98,2.0,True,True,True,True,False,False,False,False,True,,True,False,False,2,2,eq_rhs,changed,98,96,,calculation,False,,False
asdiv,propcalc,"In 3 seconds, Kevin can dribble a basketball 13 times. If Kevin dribbles at this",ok,199,4.333,5.333,4.333,5.333,1.0,True,True,True,True,False,False,False,False,False,,True,False,False,0,0,no_verified_eqs,not_analyzable,,117,,calculation,False,,False
asdiv,propcalc,A carpenter had a board that was 5.28 m long. She used her circular saw to cut 9,ok,111,100,101,100,101,1.0,True,True,True,True,False,False,False,False,False,,False,False,False,0,0,no_verified_eqs,not_analyzable,,519,,commonsense,True,explicitly identifies error,False
asdiv,propcalc,A baker had 7 boxes for donuts. He ended up making 48 donuts and splitting them ,ok,168,6,8,6,8,2.0,True,True,True,True,False,False,False,False,True,,True,False,False,1,0,no_verified_eqs,not_analyzable,,6,,calculation,True,explicitly identifies error,False
asdiv,propcalc,Robin is making bead necklaces. She wants to use 31 beads to make 4 necklaces. I,ok,232,3,6,3,6,3.0,True,True,True,True,False,False,False,False,True,,False,False,False,0,0,no_verified_eqs,not_analyzable,,3,,calculation,False,,False
asdiv,propcalc,Jawbreakers come in packages of 8. Sarah ate 20 Jawbreakers. How many Jawbreaker,ok,637,4,2,4,2,-2.0,True,True,True,True,False,False,False,False,True,,True,False,False,2,2,eq_rhs,changed,2,4,,calculation,True,complete hallucination,False
asdiv,propcalc,There are 5 flowers and 3 bees. What's the difference of the number of flowers a,ok,82,2.,3.,2,3,1.0,True,True,True,True,True,True,True,False,True,,True,False,False,0,0,no_verified_eqs,not_analyzable,,2,,calculation,True,directly redoes calculation,False
asdiv,propcalc,At the arcade Billy had won forty-eight tickets. After buying a yoyo he had thir,ok,30,48,50,48,50,2.0,True,True,True,True,False,False,False,False,False,,False,False,True,1,1,prose_mid,changed,18,16,,other,False,,False
asdiv,propcalc,Dave was picking up sticks from his yard. He picked up fourteen but there were s,ok,80,4,2,4,2,-2.0,True,True,True,True,False,False,False,False,False,,False,False,True,1,1,prose_mid,changed,12,10,,other,True,directly redoes calculation,True
asdiv,propcalc,A waiter had nineteen customers. After some left he still had four customers. Wh,ok,63,4,5,4,5,1.0,True,True,True,True,False,False,False,False,False,,False,False,True,0,0,no_verified_eqs,not_analyzable,,15,,other,False,,False
asdiv,propcalc,While playing a video game Victor lost fourteen lives. Now he has two lives. Wha,ok,12,14,13,14,13,-1.0,True,True,True,True,False,False,False,False,False,,False,False,True,1,1,prose_mid,changed,11,12,,other,False,,False
asdiv,propcalc,"A furniture store had fifteen chairs. After selling some, there was three left. ",ok,57,3,4,3,4,1.0,True,True,True,True,False,False,False,False,False,,False,False,True,0,0,no_verified_eqs,not_analyzable,,12,,other,False,,False
asdiv,propcalc,A store has forty-nine shirts. After selling some there were twenty-eight left. ,ok,47,28,30,28,30,2.0,True,True,True,True,False,False,False,False,False,,False,False,True,0,0,no_verified_eqs,not_analyzable,,21,,other,True,directly redoes calculation,False
asdiv,propcalc,"Tom used 2 batteries on his flashlights, 15 in his toys and 2 in his controllers",ok,99,13,15,13,15,2.0,True,True,True,True,True,True,True,False,True,,True,False,False,1,1,eq_rhs,changed,15,13,,calculation,True,complete hallucination,False
asdiv,propcalc,The library has 75 science books. The second graders borrowed 18 of them. What's,ok,260,57,56,57,56,-1.0,True,True,True,True,False,False,False,False,True,,True,False,False,0,0,no_verified_eqs,not_analyzable,,57,,calculation,False,,False
asdiv,propcalc,Miguel is 46 years old. He is 4 years older than thrice his son's age. Find the ,ok,373,42,45,42,45,3.0,True,True,True,True,False,False,False,False,False,,False,False,False,2,0,no_verified_eqs,not_analyzable,,14,,calculation,False,,False
asdiv,propcalc,Ana is 5 years more than Jack. The sum of their ages is 29. Find the ages of Ana,ok,525,2,-1,2,-1,-3.0,True,True,True,True,False,False,False,False,False,,False,False,False,0,0,no_verified_eqs,not_analyzable,,17,,calculation,True,states correct value,False
asdiv,propcalc,Devon is 12 years old. His age is 2 more than half the age of Steven. Find the a,ok,125,1,-1,1,-1,-2.0,True,True,True,True,False,False,False,False,False,,False,False,False,0,0,no_verified_eqs,not_analyzable,,20,,other,False,,False
asdiv,propcalc,Mrs. Smith is 8 years more than twice the age of her son. The ages of son is 12.,ok,176,24,22,24,22,-2.0,True,True,True,True,False,False,False,False,False,,True,False,False,3,3,eq_rhs,changed,30,32,,calculation,False,,False
asdiv,propcalc,A rectangular cupboard is of length 6 m and perimeter 20 m. Find the width of th,ok,70,2,3,2,3,1.0,True,True,True,True,False,False,False,False,False,,True,False,False,0,0,no_verified_eqs,not_analyzable,,4,,NOJOIN,NOJOIN,NOJOIN,False
asdiv,propcalc,Mr. White purchased a carpet for rectangular hall of area 800 sq. yards. The len,ok,415,25,23,25,23,-2.0,True,True,True,True,False,False,False,False,True,,True,False,False,0,0,no_verified_eqs,not_analyzable,,25,,calculation,True,complete hallucination,False
asdiv,propcalc,The base of the parallelogram is 11 inches and its area is 132 Sq. inches. Find ,ok,334,12,11,12,11,-1.0,True,True,True,True,True,True,True,False,True,,True,False,False,0,0,no_verified_eqs,not_analyzable,,12,,calculation,True,complete hallucination,False
asdiv,propcalc,There were 6 soccer balls in the bag. Coach B. found several additional soccer b,ok,398,18,15,18,15,-3.0,True,True,True,True,False,False,False,False,True,,True,False,False,0,0,no_verified_eqs,not_analyzable,,18,,calculation,True,complete hallucination,False
asdiv,propcalc,There are thirty-eight dogwood trees currently in the park. Park workers will pl,ok,345,18,20,18,20,2.0,True,True,True,True,False,False,False,False,True,,True,False,False,0,0,no_verified_eqs,not_analyzable,,18,,calculation,True,complete hallucination,False
asdiv,propcalc,There were six roses in the vase. Jessica cut some more roses from her flower ga,ok,308,12,10,12,10,-2.0,True,True,True,True,False,False,False,False,True,,True,False,False,0,0,no_verified_eqs,not_analyzable,,12,,calculation,False,,False
asdiv,propcalc,Last week Fred had 46 dollars and Jason had 13 dollars. Fred washed cars over th,ok,180,11,10,11,10,-1.0,True,True,True,True,False,False,False,False,True,,True,False,False,1,1,eq_rhs,changed,10,11,,calculation,False,,False
asdiv,propcalc,Dan's high school played eighteen baseball games this year and two were at night,ok,43,3.,5.,3,5,2.0,True,True,True,True,False,False,False,False,False,,False,False,True,1,1,prose_mid,changed,13,15,,other,False,,False
asdiv,propcalc,"A number consisting of two digits, is equal to 7 times the sum of its digits. Wh",ok,117,10,11,10,11,1.0,True,True,True,True,False,False,False,False,False,,False,False,False,0,0,no_verified_eqs,not_analyzable,,63,,NOJOIN,NOJOIN,NOJOIN,False
asdiv,propcalc,"In a 2-digit number, the tens digit is 4 times the units digit. When the digits ",ok,89,41,38,41,38,-3.0,True,True,True,True,False,False,False,False,False,,True,False,False,0,0,no_verified_eqs,not_analyzable,,82,,calculation,False,,False
asdiv,propcalc,An electrician cuts a 30 ft piece of wire into two pieces. One piece is 2 ft lon,ok,231,14,13,14,13,-1.0,True,True,True,True,False,False,False,False,True,,True,False,False,1,1,prose_mid,not_analyzable,,14,,calculation,False,,False
asdiv,propcalc,"A man bought a cow and a calf for $990, paying 8 times as much for the cow as fo",ok,205,110,113,110,113,3.0,True,True,True,True,False,False,False,False,True,,True,False,False,1,1,prose_mid,not_analyzable,,110,,calculation,False,,False
asdiv,propcalc,An eight ft board is cut into two pieces. One piece is 2 ft longer than the othe,ok,221,3,6,3,6,3.0,True,True,True,True,False,True,True,False,True,,True,False,False,1,1,prose_mid,not_analyzable,,3,,calculation,True,directly redoes calculation,False
asdiv,propcalc,Doug built a tent in the shape of a regular pentagon. Its perimeter is 60 feet. ,ok,460,12,14,12,14,2.0,True,True,True,True,False,False,False,False,True,,True,False,False,0,0,no_verified_eqs,not_analyzable,,12,,calculation,True,complete hallucination,False
asdiv,propcalc,Mr. Johnson used 80 meters of fencing to enclose a rectangular garden. The lengt,ok,77,2,3,2,3,1.0,True,True,True,True,False,False,False,False,False,,True,False,False,0,0,no_verified_eqs,not_analyzable,,15,,commonsense,True,directly redoes calculation,False
asdiv,propcalc,"An experienced ice skater spins on the ice, creating a perfect circle. Afterward",ok,330,2,5,2,5,3.0,True,True,True,True,False,False,False,False,True,,False,False,False,0,0,no_verified_eqs,not_analyzable,,2,,calculation,False,,False
asdiv,propcalc,A square traffic sign has a perimeter of 16 feet. How long is each side of the t,ok,188,4,5,4,5,1.0,True,True,True,True,False,False,False,False,True,,False,False,False,0,0,no_verified_eqs,not_analyzable,,4,,other,True,explicitly identifies error,False
asdiv,propcalc,Robin had seven hundred thirty-six photos to put into a photo album. If each pag,ok,199,122.6667,119.6667,122.6667,119.6667,-3.0,True,True,True,True,False,False,False,False,False,,True,False,False,0,0,no_verified_eqs,not_analyzable,,122,,calculation,False,,False
asdiv,propcalc,Megan had five hundred sixteen pennies. She wanted to place the pennies into nin,ok,708,6,4,6,4,-2.0,True,True,True,True,False,False,False,False,True,,True,False,False,0,0,no_verified_eqs,not_analyzable,,6,,calculation,False,,False
asdiv,propcalc,A store owner had six employees and bought five hundred eighty-three uniforms fo,ok,1077,5,7,5,7,2.0,True,True,True,True,False,False,False,False,True,,True,False,True,0,0,no_verified_eqs,not_analyzable,,5,,calculation,False,,False
asdiv,propcalc,A movie store had nine hundred ninety-nine movies they were putting on five shel,ok,118,999,998,999,998,-1.0,True,True,True,True,False,False,False,False,False,,False,False,False,3,3,prose_mid,changed,2,1,,other,True,explicitly identifies error,False
asdiv,propcalc,There are two hundred eighty-seven people attending a luncheon. If a table can h,ok,66,287,288,287,288,1.0,True,True,True,True,False,False,False,False,False,,False,False,False,0,0,no_verified_eqs,not_analyzable,,32,,other,True,complete hallucination,False
asdiv,propcalc,Kaleb has to sell 710 chocolate bars to get a prize. If each box contains 5 choc,ok,264,142,144,142,144,2.0,True,True,True,True,False,False,False,False,True,,True,False,False,0,0,no_verified_eqs,not_analyzable,,142,,calculation,True,complete hallucination,False
asdiv,propcalc,Edward's dad bought 459 centimeters of string. If he cut the string into 9 equal,ok,151,51,49,51,49,-2.0,True,True,True,True,False,False,False,False,True,,True,False,False,0,0,no_verified_eqs,not_analyzable,,51,,calculation,True,complete hallucination,False
asdiv,propcalc,There are 336 students in a school. If the school has 7 grades and each grade ha,ok,167,48,46,48,46,-2.0,True,True,True,True,False,False,False,False,True,,True,False,False,0,0,no_verified_eqs,not_analyzable,,48,,calculation,True,complete hallucination,False
asdiv,propcalc,The ring toss game at the carnival made 420 dollars in 3 days. If they made the ,ok,239,140,141,140,141,1.0,True,True,True,True,False,False,False,False,True,,True,False,False,0,0,no_verified_eqs,not_analyzable,,140,,calculation,True,complete hallucination,False
asdiv,propcalc,A book had a length of 2 inches and a width of 3 inches. What is the area of the,ok,237,6,3,6,3,-3.0,True,True,True,True,True,True,True,False,True,,True,False,False,0,0,no_verified_eqs,not_analyzable,,6,,calculation,True,states correct value,False
asdiv,propcalc,The woods behind Jerry's house were 6 miles wide and 3 miles long. What is the a,ok,218,18,16,18,16,-2.0,True,True,True,True,False,False,False,False,True,,True,False,False,0,0,no_verified_eqs,not_analyzable,,18,,calculation,True,complete hallucination,False
asdiv,propcalc,An island in the Indian Ocean was 4 miles wide and 7 miles long. What is the per,ok,164,2,5,2,5,3.0,True,True,True,True,False,False,False,False,False,,True,False,False,0,0,no_verified_eqs,not_analyzable,,22,,commonsense,True,explicitly identifies error,False
asdiv,propcalc,A farm was 7 miles wide and 8 miles long. What is the area of the farm?,ok,205,56,55,56,55,-1.0,True,True,True,True,False,False,False,False,True,,True,False,False,0,0,no_verified_eqs,not_analyzable,,56,,calculation,True,complete hallucination,False
asdiv,propcalc,Adam could fit nine action figures on each shelf in his room. His room has three,ok,86,9,7,9,7,-2.0,True,True,True,True,False,False,False,False,False,,False,False,True,1,1,prose_mid,changed,21,27,,other,True,directly redoes calculation,True
asdiv,propcalc,Frank had forty-two pieces of candy. If he put them into bags with seven pieces ,ok,208,6,8,6,8,2.0,True,True,True,True,False,False,False,False,True,,True,False,False,1,1,eq_rhs,changed,8,6,,calculation,False,,False
asdiv,propcalc,An architect built a house with ten bedrooms total. If the second floor had two ,ok,347,8,11,8,11,3.0,True,True,True,True,False,False,False,False,True,,True,False,False,0,0,no_verified_eqs,not_analyzable,,8,,calculation,True,explicitly identifies error,False
asdiv,propcalc,On the last day of school only sixteen students showed up. If seven of them were,ok,11,16,13,16,13,-3.0,True,True,True,True,False,False,False,False,False,,False,False,True,1,1,prose_mid,changed,6,9,,other,False,,False
asdiv,propcalc,Jerry was playing the ring toss at the carnival. All together he used forty-eigh,ok,11,48,51,48,51,3.0,True,True,True,True,False,False,False,False,False,,False,False,True,0,0,no_verified_eqs,not_analyzable,,8,,other,True,explicitly identifies error,False
asdiv,propcalc,"Will had twenty-eight bottles of water. If he drank seven each day, how many day",ok,239,4,6,4,6,2.0,True,True,True,True,False,False,False,False,True,,True,False,False,0,0,no_verified_eqs,not_analyzable,,4,,calculation,False,,False
asdiv,propcalc,For Halloween Tom received twenty pieces of candy. If he put them into piles wit,ok,8,20,21,20,21,1.0,True,True,True,True,False,False,False,False,False,,False,False,True,1,1,prose_mid,changed,4.2,4,,other,True,complete hallucination,False
asdiv,propcalc,Tiffany was sending out birthday invitations to her friends. She sent out nine o,ok,229,17,20,17,20,3.0,True,True,True,True,False,False,False,False,True,,True,False,False,0,0,no_verified_eqs,not_analyzable,,17,,calculation,True,complete hallucination,False
asdiv,propcalc,Faye was placing her pencils into rows with eight pencils in each row. If she ha,ok,117,32,29,32,29,-3.0,True,True,True,True,False,False,False,False,False,,False,False,True,1,1,prose_mid,changed,3.625,4,,other,True,directly redoes calculation,True
asdiv,propcalc,Olivia's dad took her and some friends out to eat for her birthday. If each meal,ok,200,21,20,21,20,-1.0,True,True,True,True,False,False,False,False,True,,True,False,False,0,0,no_verified_eqs,not_analyzable,,21,,calculation,True,partial hallucination,False
asdiv,propcalc,"Rachel bought 8 music albums online. If each album had 2 songs, how many songs d",ok,192,16,19,16,19,3.0,True,True,True,True,False,False,False,False,True,,True,False,False,0,0,no_verified_eqs,not_analyzable,,16,,calculation,True,explicitly identifies error,False
asdiv,propcalc,Emily owned 6 songs by her favorite artists. Later on she bought 7 more songs. H,ok,204,13,11,13,11,-2.0,True,True,True,True,False,False,False,False,True,,True,False,False,1,1,eq_rhs,changed,11,13,,calculation,False,,False
asdiv,propcalc,Cody made 12 dollars mowing lawns over the summer. If he charged 4 bucks for eac,ok,251,3,0,3,0,-3.0,True,True,True,True,False,False,False,False,True,,True,False,False,0,0,no_verified_eqs,not_analyzable,,3,,calculation,True,explicitly identifies error,False
asdiv,propcalc,The roller coaster at the state fair costs 6 tickets per ride. If 8 friends were,ok,253,48,51,48,51,3.0,True,True,True,True,False,False,False,False,True,,True,False,False,0,0,no_verified_eqs,not_analyzable,,48,,calculation,True,explicitly identifies error,False
asdiv,propcalc,Nancy was buying soap for her bathroom. She bought 6 packs with each pack having,ok,186,30,28,30,28,-2.0,True,True,True,True,False,False,False,False,True,,True,False,False,0,0,no_verified_eqs,not_analyzable,,30,,calculation,True,complete hallucination,False
asdiv,propcalc,Bianca was practicing for a marathon. To prepare she ran 8 miles the first day a,ok,194,12,10,12,10,-2.0,True,True,True,True,False,False,False,False,True,,True,False,False,0,0,no_verified_eqs,not_analyzable,,12,,calculation,True,complete hallucination,False
asdiv,propcalc,A delivery driver had to make 3 stops on his route. After he finished those deli,ok,164,7,10,7,10,3.0,True,True,True,True,False,False,False,False,True,,True,False,False,0,0,no_verified_eqs,not_analyzable,,7,,calculation,True,complete hallucination,False
asdiv,propcalc,Emily's mom was buying extra school supplies for Emily and her sister. She bough,ok,237,7,8,7,8,1.0,True,True,True,True,False,False,False,False,True,,True,False,False,0,0,no_verified_eqs,not_analyzable,,7,,calculation,True,complete hallucination,False
asdiv,propcalc,Adam was reading through his favorite book series. The first week he read 5 diff,ok,187,13,10,13,10,-3.0,True,True,True,True,False,False,False,False,True,,True,False,False,1,1,eq_rhs,changed,10,13,,calculation,True,directly redoes calculation,False
asdiv,propcalc,There are 40 students in the school band. If the band instructor put the student,ok,227,8,5,8,5,-3.0,True,True,True,True,True,True,True,False,True,,True,False,False,0,0,no_verified_eqs,not_analyzable,,8,,calculation,True,complete hallucination,False
asdiv,propcalc,Carol was sending out birthday invitations to her friends. If each package of in,ok,186,45,42,45,42,-3.0,True,True,True,True,False,False,False,False,True,,True,False,False,1,1,eq_rhs,changed,42,45,,calculation,False,,False
asdiv,propcalc,A contractor was buying wall outlets for a new house he was building. Each room ,ok,203,42,43,42,43,1.0,True,True,True,True,False,False,False,False,True,,True,False,False,0,0,no_verified_eqs,not_analyzable,,42,,calculation,True,complete hallucination,False
asdiv,propcalc,"Dave had sixteen apps on his phone. After deleting some, he had eight left. How ",ok,69,8,5,8,5,-3.0,True,True,True,True,False,False,False,False,True,,False,False,True,1,1,prose_mid,changed,11,8,,other,True,complete hallucination,False
asdiv,propcalc,Jenny was told to clean up her room in fourteen days or she could not go to her ,ok,204,11,12,11,12,1.0,True,True,True,True,False,False,False,False,True,,True,False,False,0,0,no_verified_eqs,not_analyzable,,11,,calculation,True,complete hallucination,False
asdiv,propcalc,A waiter had fourteen customers. After some left he still had three customers. H,ok,70,3,0,3,0,-3.0,True,True,True,True,False,False,False,False,False,,False,False,True,1,1,prose_mid,changed,14,11,,other,True,explicitly identifies error,False
asdiv,propcalc,"For Halloween Will got fifteen pounds of candy. After giving some to Haley, he h",ok,209,6,5,6,5,-1.0,True,True,True,True,False,False,False,False,True,,True,False,False,1,1,eq_rhs,changed,5,6,,calculation,True,complete hallucination,False
asdiv,propcalc,"Debby owned thirteen DVDs. If she sold six of them, how many would she have left",ok,37,6,5,6,5,-1.0,True,True,True,True,False,False,False,False,False,,False,False,True,1,1,prose_mid,changed,8,7,,other,True,complete hallucination,False
asdiv,propcalc,The host prepared nineteen cakes for the party. After the party he had nine left,ok,220,10,8,10,8,-2.0,True,True,True,True,False,False,False,False,True,,True,False,False,0,0,no_verified_eqs,not_analyzable,,10,,calculation,False,,False
asdiv,propcalc,Olivia had eighty-one pieces of paper in her folder. She used fifty-six pieces. ,ok,176,25,26,25,26,1.0,True,True,True,True,False,False,False,False,True,,True,False,False,1,1,eq_rhs,changed,26,25,,calculation,False,,False
asdiv,propcalc,When Amy got to the fair she had $15. When she left she had $11. How much money ,ok,209,4,3,4,3,-1.0,True,True,True,True,False,False,False,False,True,,True,False,False,1,1,eq_rhs,changed,3,4,,calculation,True,directly redoes calculation,False
asdiv,propcalc,"A museum had ninety-eight paintings. After they got rid of some, they had ninety",ok,211,3,1,3,1,-2.0,True,True,True,True,False,False,False,False,True,,True,False,False,1,1,eq_rhs,changed,1,3,,calculation,True,states correct value,False
asdiv,propcalc,For a birthday party a clown gave away six balloons. Now he has fifty-five ballo,ok,43,55,53,55,53,-2.0,True,True,True,True,False,False,False,False,False,,False,False,True,1,1,prose_mid,changed,59,61,,other,False,,False
asdiv,propcalc,There were ninety-four dollars in Olivia's wallet. After she visited a supermark,ok,263,16,19,16,19,3.0,True,True,True,True,False,False,False,False,True,,True,False,False,0,0,no_verified_eqs,not_analyzable,,16,,calculation,True,explicitly identifies error,False
asdiv,propcalc,Winnie completed eighty-six consecutive repetitions for rope jumping yesterday. ,ok,46,73,71,73,71,-2.0,True,True,True,True,False,False,False,False,False,,False,False,True,0,0,no_verified_eqs,not_analyzable,,13,,other,False,,False
asdiv,propcalc,While playing a video game Ned lost thirteen lives. Now he has seventy lives. Ho,ok,30,70,69,70,69,-1.0,True,True,True,True,False,False,False,False,False,,False,False,True,1,1,prose_mid,changed,82,83,,other,False,,False
asdiv,propcalc,"Adam picked thirty-five strawberries. After eating some, he had thirty-three lef",ok,18,35,33,35,33,-2.0,True,True,True,True,False,False,False,False,False,,False,False,True,1,1,prose_mid,changed,0,2,,other,True,complete hallucination,False
asdiv,propcalc,"A farmer planted 2 tomato seeds, 10 cucumber seeds and 3 pumpkin seeds. How many",ok,158,15,13,15,13,-2.0,True,True,True,True,False,False,False,False,True,,True,False,False,1,1,eq_rhs,changed,13,15,,calculation,True,complete hallucination,False
asdiv,propcalc,"Tom used 2 batteries on his flashlights, 15 in his toys and 2 in his controllers",ok,214,19,18,19,18,-1.0,True,True,True,True,False,False,False,False,True,,True,False,False,0,0,no_verified_eqs,not_analyzable,,19,,calculation,True,complete hallucination,False
asdiv,propcalc,"Tom read 2 books in May, 6 in June and 10 in July. How many books did Tom read? ",ok,159,18,21,18,21,3.0,True,True,True,True,False,False,False,False,True,,True,False,False,1,1,eq_rhs,changed,21,18,,calculation,True,complete hallucination,False
asdiv,propcalc,"At the arcade Debby spent 2 tickets on a hat, 10 on a stuffed animal and 2 on a ",ok,212,14,12,14,12,-2.0,True,True,True,True,False,False,False,False,True,,True,False,False,0,0,no_verified_eqs,not_analyzable,,14,,calculation,True,complete hallucination,False
asdiv,propcalc,An artist painted 2 pictures in June. He painted 2 more in July and in August he,ok,202,13,11,13,11,-2.0,True,True,True,True,False,False,False,False,True,,True,False,False,0,0,no_verified_eqs,not_analyzable,,13,,calculation,True,complete hallucination,False
asdiv,propcalc,"While on vacation, Debby took 24 pictures at the zoo and 12 at the museum. If sh",ok,93,36,37,36,37,1.0,True,True,True,True,False,False,False,False,False,,True,False,False,2,2,eq_rhs,changed,23,22,,calculation,False,,False
asdiv,propcalc,Zoe bought two coloring books. One had 44 pictures and the other had 44. After o,ok,150,88,86,88,86,-2.0,True,True,True,True,False,False,False,False,False,,True,False,False,2,2,eq_rhs,changed,66,68,,calculation,False,,False
asdiv,propcalc,Faye and her mom were picking carrots from their garden. Faye picked 23 and her ,ok,165,28,29,28,29,1.0,True,True,True,True,False,False,False,False,False,,True,False,False,2,2,eq_rhs,changed,17,16,,calculation,False,,False
asdiv,propcalc,"Three pieces of timber 42 m, 49 m and 63 m long have to be divided into planks o",ok,200,2,5,2,5,3.0,True,True,True,True,False,False,False,False,False,,False,False,False,6,6,prose_mid,unchanged,7,7,,NOJOIN,NOJOIN,NOJOIN,False
asdiv,propcalc,"A chef only had 3 apples so he ordered 2 more bags. If each bag has 9 apples, ho",ok,168,21,19,21,19,-2.0,True,True,True,True,False,False,False,False,True,,True,False,False,2,2,eq_rhs,changed,19,21,,calculation,False,,False
asdiv,propcalc,Before lunch a waitress had already earned $5 in tips. After lunch she had 7 cus,ok,159,14,16,14,16,2.0,True,True,True,True,False,False,False,False,False,,True,False,False,2,2,eq_rhs,changed,21,19,,calculation,False,,False
asdiv,propcalc,A clothing company used 2 buttons on jeans and 5 buttons on shirts. If they made,ok,463,47,45,47,45,-2.0,True,True,True,True,False,True,True,False,True,,True,False,False,0,0,no_verified_eqs,not_analyzable,,47,,calculation,True,directly redoes calculation,False
asdiv,propcalc,Adam had 8 boxes of toys. Each box had 6 toys. Later Adam bought 5 more toys. Ho,ok,325,53,56,53,56,3.0,True,True,True,True,False,False,False,False,True,,True,False,False,2,2,eq_rhs,changed,56,53,,calculation,True,complete hallucination,False
asdiv,propcalc,A pet store sold 2 kittens and 1 puppy over the weekend. The kittens sold for $6,ok,620,17,19,17,19,2.0,True,True,True,True,False,False,False,False,True,,True,False,False,3,3,eq_rhs,changed,19,17,,calculation,False,,False
asdiv,propcalc,There were sixty-one people in line at lunch when twenty-two more got in line. H,ok,46,22,20,22,20,-2.0,True,True,True,True,False,False,False,False,False,,False,False,True,1,1,prose_mid,changed,81,83,,other,False,,False
asdiv,propcalc,Isabel had sixty-eight pieces of candy. Her friend gave her twenty-five more pie,ok,11,68,69,68,69,1.0,True,True,True,True,False,False,False,False,False,,False,False,True,1,1,prose_mid,changed,94,93,,other,True,explicitly identifies error,False
asdiv,propcalc,At the fair Amy started with thirty-three tickets and then bought twenty-one mor,ok,152,54,56,54,56,2.0,True,True,True,True,False,False,False,False,True,,True,False,False,1,1,eq_rhs,changed,56,54,,calculation,False,,False
asdiv,propcalc,Mike collected seventy-one cans to recycle on Monday and twenty-seven more on Tu,ok,35,71,68,71,68,-3.0,True,True,True,True,False,False,False,False,False,,False,False,True,0,0,no_verified_eqs,not_analyzable,,98,,other,False,,False
asdiv,propcalc,At the zoo Zoe took sixty-seven pictures. If her sister took another seventeen p,ok,9,67,66,67,66,-1.0,True,True,True,True,False,False,False,False,False,,False,False,True,1,1,prose_mid,changed,83,84,,other,False,,False
asdiv,propcalc,Sam was playing basketball with his friend. Sam scored seventy-five points and h,ok,203,87,90,87,90,3.0,True,True,True,True,False,False,False,False,True,,True,False,False,1,1,eq_rhs,changed,90,87,,calculation,True,complete hallucination,False
asdiv,propcalc,Victor had $10. For his allowance he got another $8. How much money does he have,ok,172,18.,19.,18,19,1.0,True,True,True,True,False,False,False,False,True,,True,False,False,1,1,eq_rhs,changed,19,18,,calculation,True,directly redoes calculation,False
asdiv,propcalc,John has twelve shirts. Later he bought four more shirts. How many shirts does J,ok,43,4,1,4,1,-3.0,True,True,True,True,False,False,False,False,False,,False,False,True,1,1,prose_mid,changed,13,16,,other,True,states correct value,False
asdiv,propcalc,Roger went to the movies fifteen times last year and three times this year. How ,ok,266,18,17,18,17,-1.0,True,True,True,True,False,False,False,False,True,,True,False,False,0,0,no_verified_eqs,not_analyzable,,18,,calculation,True,complete hallucination,False
asdiv,propcalc,Olivia picked up sixteen pieces of paper from the floor. If Edward picked up thr,ok,183,19,16,19,16,-3.0,True,True,True,True,False,True,True,False,True,,True,False,False,1,1,eq_rhs,changed,16,19,,calculation,True,directly redoes calculation,False
asdiv,propcalc,John had 33 socks. If he threw away 19 old ones that didn't fit and bought 13 ne,ok,61,14,16,14,16,2.0,True,True,True,True,False,False,False,False,False,,True,False,False,2,2,eq_rhs,changed,29,27,,calculation,False,,False
asdiv,propcalc,Paul made forty-four dollars mowing lawns and twenty-eight dollars weed eating. ,ok,354,8,5,8,5,-3.0,True,True,True,True,False,False,False,False,True,,True,False,True,2,2,eq_rhs,changed,5,8,,calculation,False,,False
asdiv,propcalc,Kaleb had saved up thirty-nine dollars. If he received another twenty-five dolla,ok,92,25,26,25,26,1.0,True,True,True,True,False,False,False,False,False,,False,False,True,2,2,prose_mid,changed,8.125,8,,other,True,explicitly identifies error,False
asdiv,propcalc,A pet shelter had twenty-three puppies when another two were brought in. If five,ok,189,25,24,25,24,-1.0,True,True,True,True,False,False,False,False,False,,True,False,False,2,2,eq_rhs,changed,4.8,5,,calculation,True,explicitly identifies error,False
asdiv,propcalc,Haley's old washing machine could only wash seven pieces of clothing at a time. ,ok,236,7,5,7,5,-2.0,True,True,True,True,False,False,False,True,False,,False,False,True,2,2,prose_mid,changed,7,5,,other,False,,False
asdiv,propcalc,At a company picnic three managers and three employees decided to start a game o,ok,48,6,8,6,8,2.0,True,True,True,True,False,False,False,False,False,,True,False,False,0,0,no_verified_eqs,not_analyzable,,2,,calculation,True,explicitly identifies error,False
asdiv,propcalc,Luke was putting his spare change into piles. He had five piles of quarters and ,ok,75,10,12,10,12,2.0,True,True,True,True,False,False,False,False,False,,True,False,False,2,2,eq_rhs,changed,36,30,,calculation,False,,False
asdiv,propcalc,Katie was selling her necklaces at a garage sale. She sold four bead necklaces a,ok,146,7,5,7,5,-2.0,True,True,True,True,False,False,False,False,False,,True,False,False,2,2,eq_rhs,changed,15,21,,calculation,True,directly redoes calculation,False
asdiv,propcalc,Kaleb was collecting cans for recycling. On Saturday he filled five bags up and ,ok,187,4,2,4,2,-2.0,True,True,True,True,False,False,False,False,False,,False,False,True,2,2,prose_mid,changed,20,40,,other,False,,False
asdiv,propcalc,"A waiter had five tables he was waiting on, with five women and three men at eac",ok,130,5,7,5,7,2.0,True,True,True,True,False,False,False,False,False,,False,False,True,0,0,no_verified_eqs,not_analyzable,,40,,other,True,complete hallucination,False
asdiv,propcalc,Dave was working as a sacker at a grocery store where he made six dollars an hou,ok,306,12,13,12,13,1.0,True,True,True,True,False,False,False,False,False,,True,False,False,0,0,no_verified_eqs,not_analyzable,,48,,calculation,False,,False
asdiv,propcalc,Tom had thirty-six pieces of clothing to wash. He put eighteen of them in one lo,ok,61,36,38,36,38,2.0,True,True,True,True,False,False,False,False,False,,False,False,True,1,1,prose_mid,not_analyzable,,9,,NOJOIN,NOJOIN,NOJOIN,True
asdiv,propcalc,Mike made ninety dollars mowing lawns over the summer. If he spent forty-five do,ok,173,45,48,45,48,3.0,True,True,True,True,False,False,False,False,False,,False,False,True,2,2,eq_operand,changed,8.4,9,,other,True,complete hallucination,False
asdiv,propcalc,"A trivia team had 9 members total, but during a game 3 members didn't show up. I",ok,143,6,4,6,4,-2.0,True,True,True,True,False,False,False,False,False,,True,False,False,2,2,eq_rhs,changed,8,12,,calculation,False,,False
asdiv,propcalc,If Lillian split 20 Skittles between 8 people in her class and kept the left ove,ok,99,2,5,2,5,3.0,True,True,True,True,False,False,False,False,True,,True,False,False,1,0,no_verified_eqs,not_analyzable,,2,,calculation,False,,False
asdiv,propcalc,There are 64 marbles in Phyllis's marble collection. If the marbles are organize,ok,15,2,-1,2,-1,-3.0,True,True,True,True,False,False,False,False,True,,False,False,False,1,1,prose_mid,changed,-1,2,,NOJOIN,NOJOIN,NOJOIN,False
awps,copy, For Halloween Debby and her sister combined the candy they received. Debby had ,ok,362,35,38,35,38,3.0,True,True,True,,False,False,False,False,False,question,False,,,2,2,prose_mid,unchanged,39,39,,copying,True,directly redoes calculation,False
awps,copy, A pet store had 13 siamese cats and 5 house cats. During a sale they sold 10 ca,ok,160,18,21,18,21,3.0,True,True,True,,False,False,False,False,False,cot,True,,,2,2,prose_mid,unchanged,8,8,,copying,True,directly redoes calculation,False
awps,copy, Carol and her mom were picking carrots from their garden. Carol picked 29 and h,ok,173,29,28,29,28,-1.0,True,True,True,,False,False,False,False,False,question,False,,,2,2,eq_operand,changed,6,7,,copying,True,directly redoes calculation,True
awps,copy," While on vacation, Megan took 15 pictures at the zoo and 18 at the museum. If s",ok,154,33,34,33,34,1.0,True,True,True,,False,False,False,False,False,cot,True,,,2,2,prose_mid,unchanged,2,2,,copying,True,directly redoes calculation,False
awps,copy, Rachel bought two coloring books. One had 23 pictures and the other had 32. Aft,ok,388,11,10,11,10,-1.0,True,True,True,,False,False,False,False,True,cot,True,,,2,2,after_last_eq,unchanged,11,11,,copying,True,directly redoes calculation,False
awps,copy, Oliver had to wash 39 short sleeve shirts and 47 long sleeve shirts before scho,ok,126,39,37,39,37,-2.0,True,True,True,,False,False,False,False,False,question,False,,,2,2,prose_mid,unchanged,66,66,,copying,True,complete hallucination,False
awps,copy," While on vacation, Debby took 24 pictures at the zoo and 12 at the museum. If s",ok,86,24,26,24,26,2.0,True,True,True,,False,False,False,False,False,question,False,,,2,2,prose_mid,unchanged,22,22,,copying,True,directly redoes calculation,False
awps,copy, Faye had 46 math problems and 9 science problems for homework. If she finished ,ok,166,9,12,9,12,3.0,True,True,True,,False,False,False,False,False,question,False,,,2,2,prose_mid,unchanged,15,15,,copying,True,states correct value,False
awps,copy, Amy had 4 music files and 21 video files on her flash drive. If she deleted 23 ,ok,425,2,5,2,5,3.0,True,True,True,,False,False,False,False,True,cot,False,,,2,2,after_last_eq,unchanged,2,2,,copying,True,states correct value,False
awps,copy, Ned was trying to expand his game collection. He bought 11 games from a friend ,ok,111,22,25,22,25,3.0,True,True,True,,False,False,False,False,False,question,False,,,2,2,eq_operand,changed,17,14,,copying,True,directly redoes calculation,True
awps,copy," At the arcade, Tom won 32 tickets playing 'whack a mole' and 25 tickets playing",ok,260,57,59,57,59,2.0,True,True,True,,False,False,False,False,False,cot,False,,,2,2,prose_mid,unchanged,50,50,,copying,True,complete hallucination,False
awps,copy, For the school bake sale Katie made pastries. She baked 7 cupcakes and 5 cookie,ok,118,5,2,5,2,-3.0,True,True,True,,False,False,False,False,False,question,False,,,2,2,prose_mid,unchanged,4,4,,copying,True,states correct value,False
awps,copy, Zoe bought two coloring books. One had 44 pictures and the other had 44. After ,ok,145,44,47,44,47,3.0,True,True,True,,False,False,False,False,False,question,False,,,2,2,eq_operand,changed,71,68,,copying,True,explicitly identifies error,False
awps,copy, John was trying to expand his game collection. He bought 21 games from a friend,ok,273,6,8,6,8,2.0,True,True,True,,True,True,True,False,True,cot,False,,,2,2,after_last_eq,unchanged,6,6,,copying,True,directly redoes calculation,False
awps,copy, Henry had 11 dollars. For his birthday he got 18 more dollars but spent 10 on a,ok,144,10,11,10,11,1.0,True,True,True,,True,True,True,False,False,question,False,,,2,2,prose_mid,unchanged,19,19,,copying,True,directly redoes calculation,False
awps,copy," While on vacation, Gwen took 41 pictures at the zoo and 29 at the museum. If sh",ok,17,41,44,41,44,3.0,True,True,True,,False,False,False,False,False,question,False,,,2,2,prose_mid,unchanged,55,55,,copying,True,directly redoes calculation,False
awps,copy, A pet store had 12 siamese cats and 20 house cats. During a sale they sold 20 c,ok,249,32,31,32,31,-1.0,True,True,True,,False,False,False,False,False,cot,False,,,0,0,no_verified_eqs,not_analyzable,,12,,copying,True,states correct value,False
awps,copy, Faye and her mom were picking carrots from their garden. Faye picked 23 and her,ok,199,12,14,12,14,2.0,True,True,True,,False,False,False,False,False,question,False,,,2,2,prose_mid,unchanged,16,16,,copying,True,complete hallucination,False
awps,copy, The school cafeteria ordered 43 red apples and 32 green apples for students lun,ok,584,73,75,73,75,2.0,True,True,True,,False,True,True,False,True,cot,False,,,0,0,no_verified_eqs,not_analyzable,,73,,copying,True,complete hallucination,False
awps,copy, A pet store had 38 siamese cats and 25 house cats. During a sale they sold 45 c,ok,328,63,65,63,65,2.0,True,True,True,,False,False,False,False,False,cot,False,,,0,0,no_verified_eqs,not_analyzable,,18,,copying,True,states correct value,False
awps,copy, For the school bake sale Paige made pastries. She baked 36 cupcakes and 9 cooki,ok,76,36,34,36,34,-2.0,True,True,True,,False,False,False,False,False,question,False,,,2,2,prose_mid,unchanged,41,41,,copying,True,directly redoes calculation,False
awps,copy, Carol was playing a trivia game. In the first round she scored 17 points and in,ok,178,6,4,6,4,-2.0,True,True,True,,False,False,False,False,False,question,False,,,0,0,no_verified_eqs,not_analyzable,,7,,copying,True,states correct value,False
awps,copy, Gwen bought two coloring books. One had 10 pictures and the other had 39. After,ok,379,36,34,36,34,-2.0,True,True,True,,False,False,False,False,True,cot,True,,,2,2,after_last_eq,unchanged,36,36,,copying,True,directly redoes calculation,False
awps,copy, For Halloween Janet and her sister combined the candy they received. Janet had ,ok,412,63,61,63,61,-2.0,True,True,True,,False,False,False,False,True,cot,False,,,2,2,after_last_eq,unchanged,63,63,,copying,True,complete hallucination,False
awps,copy, Haley and her mom were picking carrots from their garden. Haley picked 39 and h,ok,171,39,41,39,41,2.0,True,True,True,,False,False,False,False,False,question,False,,,2,2,eq_operand,changed,15,13,,copying,True,directly redoes calculation,True
awps,copy, Dave had to wash 29 short sleeve shirts and 11 long sleeve shirts before school,ok,174,29,27,29,27,-2.0,True,True,True,,False,False,False,False,False,question,False,,,2,2,prose_mid,unchanged,5,5,,copying,True,complete hallucination,False
awps,copy, Edward was trying to expand his game collection. He bought 41 games from a frie,ok,235,31,32,31,32,1.0,True,True,True,,False,False,False,False,False,question,False,,,2,2,prose_mid,unchanged,24,24,,copying,True,complete hallucination,False
awps,copy, At the schools book fair Sam bought 13 adventure books and 17 mystery books. If,ok,365,30,27,30,27,-3.0,True,True,True,,False,False,False,False,False,cot,False,,,2,2,prose_mid,unchanged,15,15,,copying,True,complete hallucination,False
awps,copy, Paige had 43 math problems and 12 science problems for homework. If she finishe,ok,257,44,41,44,41,-3.0,True,True,True,,False,False,False,False,False,question,False,,,2,2,prose_mid,unchanged,11,11,,copying,True,complete hallucination,False
awps,copy," While on vacation, Rachel took 6 pictures at the zoo and 9 at the museum. If sh",ok,135,11,13,11,13,2.0,True,True,True,,False,False,False,False,False,question,False,,,2,2,prose_mid,unchanged,4,4,,copying,True,directly redoes calculation,False
awps,copy, Vanessa and her mom were picking carrots from their garden. Vanessa picked 17 a,ok,138,14,13,14,13,-1.0,True,True,True,,False,False,False,False,False,question,False,,,2,2,eq_operand,changed,6,7,,copying,True,directly redoes calculation,True
awps,copy, Amy had 26 music files and 36 video files on her flash drive. If she deleted 48,ok,443,14,15,14,15,1.0,True,True,True,,False,False,False,False,True,cot,False,,,2,2,after_last_eq,unchanged,14,14,,copying,True,states correct value,False
awps,copy, Emily was playing a trivia game. In the first round she scored 16 points and in,ok,130,16,13,16,13,-3.0,True,True,True,,False,False,False,False,False,question,False,,,0,0,no_verified_eqs,not_analyzable,,1,,copying,True,states correct value,False
awps,copy, Dave had to wash 9 short sleeve shirts and 27 long sleeve shirts before school.,ok,445,16,14,16,14,-2.0,True,True,True,,False,False,False,False,True,cot,False,,,2,2,after_last_eq,unchanged,16,16,,copying,True,states correct value,False
awps,copy, A pet store had 41 siamese cats and 28 house cats. During a sale they sold 15 c,ok,157,28,31,28,31,3.0,True,True,True,,False,False,False,False,False,question,False,,,0,0,no_verified_eqs,not_analyzable,,54,,copying,True,states correct value,False
awps,copy, Vanessa had 13 music files and 30 video files on her flash drive. If she delete,ok,189,30,27,30,27,-3.0,True,True,True,,False,False,False,False,False,question,False,,,2,2,prose_mid,unchanged,33,33,,copying,False,,False
awps,copy, A pet store had 36 siamese cats and 18 house cats. During a sale they sold 26 c,ok,157,18,21,18,21,3.0,True,True,True,,False,False,False,False,False,question,False,,,0,0,no_verified_eqs,not_analyzable,,28,,copying,True,partial hallucination,False
awps,copy, For the school bake sale Amy made pastries. She baked 15 cupcakes and 48 cookie,ok,174,12,10,12,10,-2.0,True,True,True,,False,False,False,False,False,question,False,,,2,2,prose_mid,unchanged,51,51,,copying,True,complete hallucination,False
awps,copy," While on vacation, Haley took 50 pictures at the zoo and 8 at the museum. If sh",ok,142,50,52,50,52,2.0,True,True,True,,False,False,False,False,False,question,False,,,2,2,eq_operand,changed,22,20,,copying,True,states correct value,True
awps,copy, The school cafeteria ordered 37 red apples and 45 green apples for students lun,ok,155,45,48,45,48,3.0,True,True,True,,False,False,False,False,False,question,False,,,0,0,no_verified_eqs,not_analyzable,,31,,copying,True,directly redoes calculation,False
awps,copy, There were 17 girls and 32 boys trying out for the schools basketball team. If ,ok,151,32,31,32,31,-1.0,True,True,True,,False,False,False,False,False,question,False,,,0,0,no_verified_eqs,not_analyzable,,39,,copying,True,directly redoes calculation,False
awps,copy, Nancy and her mom were picking carrots from their garden. Nancy picked 38 and h,ok,393,14,11,14,11,-3.0,True,True,True,,False,False,False,False,True,cot,True,,,2,2,after_last_eq,unchanged,14,14,,copying,True,directly redoes calculation,False
awps,copy, Tom had to wash 10 short sleeve shirts and 25 long sleeve shirts before school.,ok,245,5,8,5,8,3.0,True,True,True,,False,False,False,False,False,question,False,,,2,2,prose_mid,unchanged,30,30,,copying,True,complete hallucination,False
awps,copy, Bianca picked 39 tulips and 49 roses to make flower bouquets. If she only used ,ok,142,49,46,49,46,-3.0,True,True,True,,False,False,False,False,False,question,False,,,0,0,no_verified_eqs,not_analyzable,,7,,copying,True,directly redoes calculation,False
awps,copy," While on vacation, Nancy took 49 pictures at the zoo and 8 at the museum. If sh",ok,179,38,41,38,41,3.0,True,True,True,,False,False,False,False,False,question,False,,,2,2,prose_mid,unchanged,19,19,,copying,True,directly redoes calculation,False
awps,copy, Gwen had 18 math problems and 11 science problems for homework. If she finished,ok,372,24,26,24,26,2.0,True,True,True,,False,False,False,False,False,question,False,,,2,2,prose_mid,unchanged,5,5,,copying,True,states correct value,False
awps,copy, A pet store had 15 siamese cats and 49 house cats. During a sale they sold 19 c,ok,305,45,46,45,46,1.0,True,True,True,,False,False,False,False,True,cot,False,,,0,0,no_verified_eqs,not_analyzable,,45,,copying,True,states correct value,False
awps,copy, There were 9 girls and 14 boys trying out for the schools basketball team. If o,ok,133,14,11,14,11,-3.0,True,True,True,,False,False,False,False,False,question,False,,,0,0,no_verified_eqs,not_analyzable,,21,,copying,True,directly redoes calculation,False
awps,copy," While shopping, Maria bought 40 green towels and 44 white towels. If she gave h",ok,80,40,37,40,37,-3.0,True,True,True,,False,False,False,False,False,question,False,,,2,2,eq_operand,changed,16,19,,copying,True,directly redoes calculation,True
awps,copy, A pet store had 19 siamese cats and 45 house cats. During a sale they sold 56 c,ok,395,8,6,8,6,-2.0,True,True,True,,False,False,False,False,True,cot,False,,,0,0,no_verified_eqs,not_analyzable,,8,,copying,True,states correct value,False
awps,copy, Rachel bought two coloring books. One had 24 pictures and the other had 39. Aft,ok,361,63,66,63,66,3.0,True,True,True,,False,False,False,False,False,cot,False,,,2,2,prose_mid,unchanged,59,59,,copying,True,partial hallucination,False
awps,copy, For Halloween Katie and her sister combined the candy they received. Katie had ,ok,413,31,32,31,32,1.0,True,True,True,,False,False,False,False,False,cot,False,,,2,2,prose_mid,unchanged,23,23,,copying,True,complete hallucination,False
awps,copy, The school cafeteria ordered 25 red apples and 17 green apples for students lun,ok,312,10,12,10,12,2.0,True,True,True,,False,False,False,False,False,question,False,,,0,0,no_verified_eqs,not_analyzable,,32,,copying,True,complete hallucination,False
awps,copy, Cody had 45 dollars. For his birthday he got 9 more dollars but spent 19 on a n,ok,99,54,53,54,53,-1.0,True,True,True,,False,False,False,False,False,cot,True,,,2,2,prose_mid,unchanged,35,35,,copying,True,directly redoes calculation,False
awps,copy, Kaleb had 34 books. If he sold 17 of them and used the money he earned to buy 7,ok,145,17,19,17,19,2.0,True,True,True,,False,False,False,False,False,question,False,,,2,2,prose_mid,unchanged,24,24,,copying,True,directly redoes calculation,False
awps,copy, In fourth grade there were 10 students at the start of the year. During the yea,ok,106,6,3,6,3,-3.0,True,True,True,,False,False,False,False,False,cot,True,,,2,2,prose_mid,unchanged,48,48,,copying,True,directly redoes calculation,False
awps,copy," A florist had 37 roses. If she sold 16 of them and then later picked 19 more, h",ok,24,16,14,16,14,-2.0,True,True,True,,False,False,False,False,False,question,False,,,2,2,prose_mid,unchanged,40,40,,copying,True,directly redoes calculation,False
awps,copy," A book store had 41 books in the bargin bin. If they sold 33 books, but then pu",ok,132,8,5,8,5,-3.0,True,True,True,,False,False,False,False,False,cot,False,,,2,2,eq_operand,changed,7,10,,copying,True,states correct value,False
awps,copy, A waiter had 19 customers to wait on. If 14 customers left and he got another 3,ok,163,5,6,5,6,1.0,True,True,True,,False,False,False,False,False,cot,False,,,2,2,eq_operand,changed,42,41,,copying,True,directly redoes calculation,True
awps,copy, Paige had 8 songs on her mp3 player. If she deleted 5 old songs from it and the,ok,76,8,11,8,11,3.0,True,True,True,,False,False,False,False,False,question,False,,,2,2,eq_operand,changed,36,33,,copying,True,complete hallucination,True
awps,copy, A waiter had 47 customers to wait on. If 41 customers left and he got another 2,ok,70,47,44,47,44,-3.0,True,True,True,,False,False,False,False,False,question,False,,,2,2,eq_operand,changed,23,26,,copying,True,complete hallucination,True
awps,copy, For the school bake sale Katie made 26 cupcakes. If she sold 20 of them and the,ok,151,6,9,6,9,3.0,True,True,True,,False,False,False,False,False,cot,False,,,2,2,prose_mid,unchanged,26,26,,copying,True,directly redoes calculation,False
awps,copy, Adam had 5 dollars. At the store he spent $2 on a new game. If he got another 5,ok,123,5,3,5,3,-2.0,True,True,True,,False,True,True,False,False,question,False,,,2,2,prose_mid,unchanged,8,8,,copying,True,complete hallucination,False
awps,copy, A waiter had 14 customers to wait on. If 3 customers left and he got another 39,ok,157,39,41,39,41,2.0,True,True,True,,False,False,False,False,False,question,False,,,2,2,eq_operand,changed,52,50,,copying,True,directly redoes calculation,True
awps,copy," Faye had 34 coloring books. If she gave away 3 of them, but then bought 48 more",ok,113,48,47,48,47,-1.0,True,True,True,,False,False,False,False,False,question,False,,,2,2,prose_mid,unchanged,79,79,,copying,True,directly redoes calculation,False
awps,copy, In fourth grade there were 40 students at the start of the year. During the yea,ok,205,26,29,26,29,3.0,True,True,True,,False,False,False,False,False,question,False,,,2,2,eq_operand,changed,55,52,,copying,True,directly redoes calculation,False
awps,copy, Wendy was playing a video game and had 43 lives. In a hard part of the game she,ok,87,39,38,39,38,-1.0,True,True,True,,False,False,False,False,False,question,False,,,2,2,prose_mid,unchanged,74,74,,copying,True,complete hallucination,False
awps,copy, At the arcade Cody won 49 tickets. If he spent 25 tickets on a beanie and later,ok,81,25,28,25,28,3.0,True,True,True,,False,False,False,False,False,question,False,,,2,2,eq_operand,changed,27,30,,copying,True,directly redoes calculation,False
awps,copy, For the school bake sale Bianca made 14 cupcakes. If she sold 6 of them and the,ok,63,14,11,14,11,-3.0,True,True,True,,False,False,False,False,False,question,False,,,2,2,prose_mid,unchanged,25,25,,copying,True,states correct value,False
awps,copy," Bianca had 45 coloring books. If she gave away 6 of them, but then bought 20 mo",ok,150,39,37,39,37,-2.0,True,True,True,,False,False,False,False,False,cot,False,,,2,2,prose_mid,unchanged,59,59,,copying,True,directly redoes calculation,False
awps,copy, Zoe had 15 songs on her mp3 player. If she deleted 8 old songs from it and then,ok,173,7,6,7,6,-1.0,True,True,True,,False,False,False,False,False,cot,False,,,2,2,eq_operand,changed,56,57,,copying,True,directly redoes calculation,True
awps,copy, A store had 31 oranges in a bin. If they threw away 9 of the old ones and put 3,ok,122,38,40,38,40,2.0,True,True,True,,False,False,False,False,False,question,False,,,2,2,prose_mid,unchanged,60,60,,copying,True,complete hallucination,False
awps,copy, For Halloween Robin scored 23 pieces of candy. She ate 7 pieces the first night,ok,79,16,13,16,13,-3.0,True,True,True,,False,False,False,False,False,cot,True,,,2,2,prose_mid,unchanged,37,37,,copying,True,directly redoes calculation,False
awps,copy, For Halloween Haley scored 33 pieces of candy. She ate 17 pieces the first nigh,ok,167,16,15,16,15,-1.0,True,True,True,,False,False,False,False,False,cot,False,,,2,2,prose_mid,unchanged,35,35,,copying,True,directly redoes calculation,False
awps,copy, The school cafeteria had 14 apples. If they used 13 to make lunch for the stude,ok,129,49,51,49,51,2.0,True,True,True,,False,False,False,False,False,question,False,,,2,2,prose_mid,unchanged,50,50,,copying,True,directly redoes calculation,False
awps,copy, In fourth grade there were 35 students at the start of the year. During the yea,ok,130,10,9,10,9,-1.0,True,True,True,,False,False,False,False,False,question,False,,,2,2,prose_mid,unchanged,35,35,,copying,True,states correct value,False
awps,copy, For the school bake sale Carol made 19 cupcakes. If she sold 6 of them and then,ok,168,27,28,27,28,1.0,True,True,True,,False,False,False,False,False,question,False,,,2,2,eq_operand,changed,41,40,,copying,True,directly redoes calculation,True
awps,copy, A store had 40 oranges in a bin. If they threw away 37 of the old ones and put ,ok,28,37,40,37,40,3.0,True,True,True,,True,False,True,False,False,question,False,,,2,2,prose_mid,unchanged,10,10,,copying,True,partial hallucination,False
awps,copy, Sam had 10 socks. If he threw away 3 old ones that didn't fit and bought 36 new,ok,52,10,12,10,12,2.0,True,True,True,,False,False,False,False,False,question,False,,,2,2,prose_mid,unchanged,43,43,,copying,True,directly redoes calculation,False
awps,copy," Emily had 7 coloring books. If she gave away 2 of them, but then bought 14 more",ok,62,7,4,7,4,-3.0,True,True,True,,False,False,False,False,False,question,False,,,2,2,eq_operand,changed,16,19,,copying,True,complete hallucination,True
awps,copy, Robin had 30 songs on her mp3 player. If she deleted 8 old songs from it and th,ok,136,22,23,22,23,1.0,True,True,True,,False,False,False,False,False,cot,False,,,2,2,eq_operand,changed,33,32,,copying,True,directly redoes calculation,True
awps,copy, The school cafeteria had 17 apples. If they used 2 to make lunch for the studen,ok,124,23,22,23,22,-1.0,True,True,True,,False,False,False,False,False,question,False,,,2,2,prose_mid,unchanged,38,38,,copying,True,directly redoes calculation,False
awps,copy, Bianca had 34 songs on her mp3 player. If she deleted 14 old songs from it and ,ok,155,44,41,44,41,-3.0,True,True,True,,False,False,False,False,False,question,False,,,2,2,prose_mid,unchanged,64,64,,copying,True,directly redoes calculation,False
awps,copy, A store had 50 oranges in a bin. If they threw away 40 of the old ones and put ,ok,212,34,37,34,37,3.0,True,True,True,,False,False,False,False,True,cot,True,,,2,2,after_last_eq,unchanged,34,34,,copying,True,directly redoes calculation,False
awps,copy, Zoe had 42 bottles of water in her fridge. If she drank 25 of them and then bou,ok,49,42,43,42,43,1.0,True,True,True,,False,False,False,False,False,question,False,,,2,2,prose_mid,unchanged,47,47,,copying,True,complete hallucination,False
awps,copy, Katie had 11 songs on her mp3 player. If she deleted 7 old songs from it and th,ok,77,11,12,11,12,1.0,True,True,True,,False,False,False,False,False,question,False,,,2,2,eq_operand,changed,29,28,,copying,True,complete hallucination,True
awps,copy, In fourth grade there were 31 students at the start of the year. During the yea,ok,195,37,38,37,38,1.0,True,True,True,,False,False,False,False,True,cot,False,,,2,2,after_last_eq,unchanged,37,37,,copying,True,directly redoes calculation,False
awps,copy, Frank had 11 dollars. At the store he spent $3 on a new game. If he got another,ok,211,22,21,22,21,-1.0,True,True,True,,False,False,False,False,True,cot,False,,,2,2,after_last_eq,unchanged,22,22,,copying,True,directly redoes calculation,False
awps,copy, Luke had 48 dollars in January. By March he had spent 11 dollars. If he got ano,ok,242,58,61,58,61,3.0,True,True,True,,False,False,False,False,True,cot,False,,,2,2,after_last_eq,unchanged,58,58,,copying,True,states correct value,False
awps,copy," Debby had 30 coloring books. If she gave away 7 of them, but then bought 35 mor",ok,161,23,21,23,21,-2.0,True,True,True,,False,False,False,False,False,cot,False,,,2,2,eq_operand,changed,56,58,,copying,True,directly redoes calculation,True
awps,copy, The school cafeteria had 12 apples. If they used 8 to make lunch for the studen,ok,207,23,26,23,26,3.0,True,True,True,,False,False,False,False,True,cot,False,,,2,2,after_last_eq,unchanged,23,23,,copying,True,directly redoes calculation,False
awps,copy," A florist had 50 roses. If she sold 15 of them and then later picked 21 more, h",ok,24,15,18,15,18,3.0,True,True,True,,False,False,False,False,False,question,False,,,2,2,prose_mid,unchanged,56,56,,copying,True,directly redoes calculation,False
awps,copy, Zoe had 6 songs on her mp3 player. If she deleted 3 old songs from it and then ,ok,134,3,0,3,0,-3.0,True,True,True,,False,False,False,False,False,question,False,,,2,2,prose_mid,unchanged,23,23,,copying,True,directly redoes calculation,False
awps,copy, At the arcade Dave won 11 tickets. If he spent 5 tickets on a beanie and later ,ok,181,16,14,16,14,-2.0,True,True,True,,False,False,False,False,True,cot,True,,,2,2,after_last_eq,unchanged,16,16,,copying,True,directly redoes calculation,False
awps,copy, In fourth grade there were 11 students at the start of the year. During the yea,ok,89,6,7,6,7,1.0,True,True,True,,False,False,False,False,False,question,False,,,2,2,eq_operand,changed,46,47,,copying,True,directly redoes calculation,False
awps,copy, Oliver had 11 socks. If he threw away 4 old ones that didn't fit and bought 26 ,ok,105,26,28,26,28,2.0,True,True,True,,False,False,False,False,False,question,False,,,2,2,prose_mid,unchanged,33,33,,copying,True,directly redoes calculation,False
awps,copy, A store had 40 oranges in a bin. If they threw away 25 of the old ones and put ,ok,21,40,43,40,43,3.0,True,True,True,,False,False,False,False,False,question,False,,,2,2,prose_mid,unchanged,36,36,,copying,True,directly redoes calculation,False
awps,copy, At the arcade Edward won 9 tickets. If he spent 4 tickets on a beanie and later,ok,171,4,7,4,7,3.0,True,True,True,,False,False,False,False,False,question,False,,,2,2,prose_mid,unchanged,9,9,,copying,True,directly redoes calculation,False
awps,copy, Haley picked 28 carrots from her garden. If she threw out 11 of them and then p,ok,118,9,10,9,10,1.0,True,True,True,,False,False,False,False,False,question,False,,,2,2,prose_mid,unchanged,26,26,,copying,True,complete hallucination,False
awps,copy, Roger had 25 books. If he sold 21 of them and used the money he earned to buy 3,ok,143,30,33,30,33,3.0,True,True,True,,False,False,False,False,False,question,False,,,2,2,eq_operand,changed,37,34,,copying,True,directly redoes calculation,True
awps,copy, Chloe was unboxing some of her old winter clothes. She found 4 boxes of clothin,ok,460,24,25,24,25,1.0,True,True,True,,False,False,False,False,False,cot,False,,,3,3,eq_operand,changed,33,32,,copying,True,directly redoes calculation,True
awps,copy," A waiter had 9 tables he was waiting on, with 7 women and 3 men at each table. ",ok,328,9,11,9,11,2.0,True,True,True,,False,False,False,False,False,question,False,,,0,0,no_verified_eqs,not_analyzable,,90,,copying,True,states correct value,False
awps,copy, April's discount flowers was having a sale where each flower was 3 dollars. If ,ok,56,2,5,2,5,3.0,True,True,True,,False,False,False,False,False,question,False,,,2,2,prose_mid,unchanged,12,12,,copying,True,directly redoes calculation,True
awps,copy, Wendy was playing a video game where she scores 5 points for each treasure she ,ok,68,5,8,5,8,3.0,True,True,True,,False,False,False,False,False,question,False,,,3,3,prose_mid,unchanged,35,35,,copying,True,directly redoes calculation,False
awps,copy, There were 7 friends playing a video game online when 2 more players joined the,ok,106,2,4,2,4,2.0,True,True,True,,False,False,False,False,False,question,False,,,2,2,prose_mid,unchanged,63,63,,copying,True,complete hallucination,False
awps,copy, Paul bought 6 boxes of chocolate candy and 4 boxes of caramel candy. If each bo,ok,163,6,9,6,9,3.0,True,True,True,,True,False,True,False,False,question,False,,,2,2,eq_operand,changed,117,90,,copying,True,directly redoes calculation,True
awps,copy, Rachel was organizing her book case making sure each of the shelves had exactly,ok,349,18,19,18,19,1.0,True,True,True,,False,False,False,False,False,cot,False,,,3,3,eq_operand,changed,73,72,,copying,True,directly redoes calculation,True
awps,copy, At Billy's Restaurant a group with 2 adults and 5 children came in to eat. If e,ok,124,5,4,5,4,-1.0,True,True,True,,False,False,False,False,False,question,False,,,2,2,eq_operand,changed,18,21,,copying,True,directly redoes calculation,True
awps,copy, Paul was collecting cans for recycling. On Saturday he filled 6 bags up and on ,ok,393,72,69,72,69,-3.0,True,True,True,,False,False,False,False,True,cot,False,,,2,2,after_last_eq,unchanged,72,72,,copying,True,complete hallucination,False
awps,copy," While playing a trivia game, Adam answered 5 questions correct in the first hal",ok,178,5,2,5,2,-3.0,True,True,True,,False,False,False,False,False,question,False,,,3,3,prose_mid,unchanged,50,50,,copying,True,states correct value,False
awps,copy, Victor and his friend were buying trick decks from the magic shop for 8 dollars,ok,142,2,3,2,3,1.0,True,True,True,,False,False,False,False,False,question,False,,,2,2,eq_operand,changed,81,64,,copying,True,directly redoes calculation,True
awps,copy, Katie had 7 pages of math homework and 3 pages of reading homework. If each pag,ok,193,10,9,10,9,-1.0,True,True,True,,True,False,True,False,False,cot,True,,,2,2,prose_mid,unchanged,90,90,,copying,True,directly redoes calculation,False
awps,copy, Faye was playing a video game where she scores 7 points for each treasure she f,ok,355,56,58,56,58,2.0,True,True,True,,False,False,False,False,True,cot,False,,,3,3,after_last_eq,unchanged,56,56,,copying,True,directly redoes calculation,False
awps,copy, Gwen was organizing her book case making sure each of the shelves had exactly 9,ok,492,72,73,72,73,1.0,True,True,True,,False,False,False,False,True,cot,True,,,3,3,after_last_eq,unchanged,72,72,,copying,True,directly redoes calculation,False
awps,copy, George was working as a sacker at a grocery store where he made 5 dollars an ho,ok,272,5,4,5,4,-1.0,True,True,True,,False,False,False,False,False,question,False,,,0,0,no_verified_eqs,not_analyzable,,45,,copying,True,complete hallucination,False
awps,copy, Tom and his friend were buying trick decks from the magic shop for 8 dollars ea,ok,131,5,2,5,2,-3.0,True,True,True,,False,False,False,False,False,question,False,,,2,2,prose_mid,unchanged,64,64,,copying,True,states correct value,False
awps,copy, Victor was working as a sacker at a grocery store where he made 6 dollars an ho,ok,76,10,12,10,12,2.0,True,True,True,,False,False,False,False,False,cot,True,,,2,2,prose_mid,unchanged,60,60,,copying,True,directly redoes calculation,False
awps,copy, Maria bought 2 new chairs and 2 new tables for her house. If she spent 8 minute,ok,26,2,0,2,0,-2.0,True,True,True,,False,False,False,False,False,question,False,,,2,2,prose_mid,unchanged,32,32,,copying,True,states correct value,False
awps,copy, Olivia was playing a video game where she scores 8 points for each treasure she,ok,76,2,4,2,4,2.0,True,True,True,,False,False,False,False,False,question,False,,,3,3,eq_operand,changed,64,32,,copying,True,directly redoes calculation,True
awps,copy, Faye was selling her necklaces at a garage sale. She sold 3 bead necklaces and ,ok,73,3,2,3,2,-1.0,True,True,True,,False,False,False,False,False,question,False,,,2,2,prose_mid,unchanged,70,70,,copying,True,directly redoes calculation,False
awps,copy, At the town carnival Oliver rode the ferris wheel 5 times and the bumper cars 4,ok,369,63,64,63,64,1.0,True,True,True,,False,False,False,False,True,cot,True,,,2,2,after_last_eq,unchanged,63,63,,copying,True,directly redoes calculation,False
awps,copy, There were 5 friends playing a video game online when 2 more players joined the,ok,131,7,6,7,6,-1.0,True,True,True,,False,False,False,False,False,cot,True,,,2,2,prose_mid,unchanged,56,56,,copying,True,directly redoes calculation,False
awps,copy," While playing a trivia game, Mike answered 3 questions correct in the first hal",ok,435,8,10,8,10,2.0,True,True,True,,False,False,False,False,False,cot,False,,,2,2,prose_mid,unchanged,24,24,,copying,True,states correct value,False
awps,copy," A waiter had 9 tables he was waiting on, with 4 women and 3 men at each table. ",ok,141,7,9,7,9,2.0,True,True,True,,True,False,True,False,False,cot,True,,,2,2,prose_mid,unchanged,63,63,,copying,True,directly redoes calculation,False
awps,copy, Chloe was organizing her book case making sure each of the shelves had exactly ,ok,561,54,51,54,51,-3.0,True,True,True,,False,False,False,False,True,cot,True,,,3,3,after_last_eq,unchanged,54,54,,copying,True,directly redoes calculation,False
awps,copy," While shopping for music online, Isabel bought 6 country albums and 2 pop album",ok,352,9,8,9,8,-1.0,True,True,True,,False,True,True,False,False,question,False,,,2,2,prose_mid,unchanged,72,72,,copying,True,directly redoes calculation,False
awps,copy, Tiffany had 6 pages of math homework and 4 pages of reading homework. If each p,ok,460,30,31,30,31,1.0,True,True,True,,False,False,False,False,True,cot,False,,,2,2,after_last_eq,unchanged,30,30,,copying,True,partial hallucination,False
awps,copy, April's discount flowers was having a sale where each flower was 3 dollars. If ,ok,174,3,5,3,5,2.0,True,True,True,,True,True,True,False,False,question,False,,,3,3,eq_operand,changed,35,27,,copying,True,directly redoes calculation,True
awps,copy, There were 2 friends playing a video game online when 2 more players joined the,ok,175,3,2,3,2,-1.0,True,True,True,,True,True,True,False,False,question,False,,,2,2,prose_mid,unchanged,12,12,,copying,True,directly redoes calculation,False
awps,copy, Adam bought 2 boxes of chocolate candy and 5 boxes of caramel candy. If each bo,ok,159,4,2,4,2,-2.0,True,True,True,,True,True,True,False,False,question,False,,,3,3,prose_mid,unchanged,28,28,,copying,True,complete hallucination,False
awps,copy," A pet store has 8 bird cages. If each cage has 2 parrots and 7 parakeets in it,",ok,350,72,71,72,71,-1.0,True,True,True,,False,False,False,False,True,cot,False,,,2,2,after_last_eq,unchanged,72,72,,copying,True,complete hallucination,False
awps,copy, Lana's favorite band was holding a concert where tickets were 6 dollars each. L,ok,113,8,10,8,10,2.0,True,True,True,,False,False,False,False,False,question,False,,,3,3,eq_operand,changed,72,60,,copying,True,directly redoes calculation,True
awps,copy, Gwen was organizing her book case making sure each of the shelves had exactly 4,ok,127,3,4,3,4,1.0,True,True,True,,True,True,True,False,False,question,False,,,3,3,prose_mid,unchanged,32,32,,copying,True,complete hallucination,False
awps,copy, Megan was selling her necklaces at a garage sale. She sold 7 bead necklaces and,ok,136,3,6,3,6,3.0,True,True,True,,False,False,False,False,False,question,False,,,2,2,prose_mid,unchanged,90,90,,copying,True,directly redoes calculation,False
awps,copy, Rachel was playing a video game where she scores 9 points for each treasure she,ok,152,5,7,5,7,2.0,True,True,True,,False,False,False,False,False,question,False,,,3,3,prose_mid,unchanged,63,63,,copying,True,states correct value,False
awps,copy, Roger was putting his spare change into piles. He had 3 piles of quarters and 3,ok,83,3,1,3,1,-2.0,True,True,True,,False,False,False,False,False,question,False,,,2,2,eq_operand,changed,28,42,,copying,True,complete hallucination,True
awps,copy, Tiffany was playing a video game where she scores 6 points for each treasure sh,ok,295,30,32,30,32,2.0,True,True,True,,False,False,False,False,False,cot,False,,,3,3,prose_mid,unchanged,48,48,,copying,True,directly redoes calculation,False
awps,copy, Megan was organizing her book case making sure each of the shelves had exactly ,ok,517,70,71,70,71,1.0,True,True,True,,False,False,False,False,True,cot,False,,,3,3,after_last_eq,unchanged,70,70,,copying,True,directly redoes calculation,False
awps,copy, Will was working as a sacker at a grocery store where he made 8 dollars an hour,ok,81,8,5,8,5,-3.0,True,True,True,,False,False,False,False,False,question,False,,,3,3,eq_operand,changed,56,80,,copying,True,complete hallucination,True
awps,copy, Rachel bought 7 new chairs and 3 new tables for her house. If she spent 4 minut,ok,91,7,4,7,4,-3.0,True,True,True,,True,False,True,False,False,question,False,,,2,2,prose_mid,unchanged,40,40,,copying,True,directly redoes calculation,False
awps,copy," While playing a trivia game, Adam answered 8 questions correct in the first hal",ok,355,8,5,8,5,-3.0,True,True,True,,False,False,False,False,False,question,False,,,2,2,eq_operand,changed,50,80,,copying,True,directly redoes calculation,True
awps,copy, Billy was putting his spare change into piles. He had 2 piles of quarters and 3,ok,251,3,0,3,0,-3.0,True,True,True,,False,False,False,False,False,question,False,,,3,3,prose_mid,unchanged,20,20,,copying,True,states correct value,False
awps,copy, Lana was unboxing some of her old winter clothes. She found 3 boxes of clothing,ok,324,7,6,7,6,-1.0,True,True,True,,False,False,False,False,False,cot,False,,,2,2,prose_mid,unchanged,21,21,,copying,True,directly redoes calculation,False
awps,copy, Frank and his friend were buying trick decks from the magic shop for 7 dollars ,ok,77,3,0,3,0,-3.0,True,True,True,,False,False,False,False,False,question,False,,,2,2,prose_mid,unchanged,35,35,,copying,True,states correct value,False
awps,copy, There were 8 friends playing a video game online when 2 more players joined the,ok,261,10,12,10,12,2.0,True,True,True,,False,False,False,False,False,cot,False,,,2,2,prose_mid,unchanged,60,60,,copying,True,complete hallucination,False
awps,copy, Sam was collecting cans for recycling. On Saturday he filled 3 bags up and on S,ok,192,9,11,9,11,2.0,True,True,True,,False,False,False,False,False,question,False,,,2,2,prose_mid,unchanged,63,63,,copying,True,directly redoes calculation,False
awps,copy, Nancy was organizing her book case making sure each of the shelves had exactly ,ok,339,36,39,36,39,3.0,True,True,True,,False,False,False,False,False,cot,True,,,3,3,prose_mid,unchanged,48,48,,copying,True,directly redoes calculation,False
awps,copy," While playing a trivia game, George answered 6 questions correct in the first h",ok,199,6,4,6,4,-2.0,True,True,True,,True,True,True,False,False,question,False,,,2,2,eq_operand,changed,24,30,,copying,True,directly redoes calculation,True
awps,copy, Sarah had 4 pages of math homework and 6 pages of reading homework. If each pag,ok,109,6,7,6,7,1.0,True,True,True,,False,False,False,False,False,question,False,,,0,0,no_verified_eqs,not_analyzable,,40,,copying,True,complete hallucination,False
awps,copy, Kaleb was collecting cans for recycling. On Saturday he filled 4 bags up and on,ok,140,6,5,6,5,-1.0,True,True,True,,False,False,False,False,False,question,False,,,2,2,eq_operand,changed,36,40,,copying,True,directly redoes calculation,True
awps,copy, Emily bought 4 new chairs and 2 new tables for her house. If she spent 8 minute,ok,144,6,5,6,5,-1.0,True,True,True,,False,False,False,False,False,cot,True,,,2,2,prose_mid,unchanged,48,48,,copying,True,directly redoes calculation,False
awps,copy, There were 4 friends playing a video game online when 5 more players joined the,ok,317,3,2,3,2,-1.0,True,True,True,,False,False,False,False,False,question,False,,,2,2,prose_mid,unchanged,27,27,,copying,True,states correct value,False
awps,copy, The schools debate team had 26 boys and 46 girls on it. If they were split into,ok,273,9,7,9,7,-2.0,True,True,True,,False,False,False,False,False,question,False,,,0,0,no_verified_eqs,not_analyzable,,8,,copying,True,partial hallucination,False
awps,copy, Robin uploaded 35 pictures from her phone and 5 from her camera to facebook. If,ok,161,5,8,5,8,3.0,True,True,True,,False,False,False,True,False,question,False,,,2,2,eq_operand,changed,8.6,8,,copying,True,directly redoes calculation,True
awps,copy, Kaleb had saved up 21 dollars. If he received another 15 dollars for his allowa,ok,169,36,38,36,38,2.0,True,True,True,,False,False,False,False,False,cot,True,,,2,2,prose_mid,unchanged,6,6,,copying,True,directly redoes calculation,False
awps,copy, Olivia was making baggies of cookies with 9 cookies in each bag. If she had 13 ,ok,163,13,16,13,16,3.0,True,True,True,,False,False,False,False,False,question,False,,,2,2,eq_operand,changed,6.333333333,6,,copying,True,states correct value,False
awps,copy, For a birthday party Jerry bought 41 regular sodas and 22 diet sodas. If his fr,ok,362,9,10,9,10,1.0,True,True,True,,False,False,False,False,False,question,False,,,2,2,prose_mid,unchanged,7,7,,copying,False,,False
awps,copy, The schools debate team had 11 boys and 45 girls on it. If they were split into,ok,273,7,10,7,10,3.0,True,True,True,,False,False,False,False,False,question,False,,,0,0,no_verified_eqs,not_analyzable,,8,,copying,True,states correct value,False
awps,copy, A pet shelter had 9 puppies when another 12 were brought in. If 3 puppies a day,ok,282,3,6,3,6,3.0,True,True,True,,False,False,False,False,False,question,False,,,2,2,prose_mid,unchanged,7,7,,copying,True,complete hallucination,False
awps,copy, Debby's class is going on a field trip to the zoo. If each van can hold 4 peopl,ok,133,2,3,2,3,1.0,True,True,True,,False,False,False,False,True,question,False,,,2,2,eq_operand,changed,2.25,2,,copying,True,directly redoes calculation,True
awps,copy, Isabel uploaded 2 pictures from her phone and 4 from her camera to facebook. If,ok,155,6,7,6,7,1.0,True,True,True,,False,False,False,False,False,cot,True,,,2,2,prose_mid,unchanged,2,2,,copying,True,directly redoes calculation,False
awps,copy," While playing at the arcade, Frank won 33 tickets playing 'whack a mole' and 9 ",ok,71,33,30,33,30,-3.0,True,True,True,,False,False,False,False,False,question,False,,,2,2,prose_mid,unchanged,7,7,,copying,True,partial hallucination,False
awps,copy, Mike made 14 dollars mowing lawns and 26 dollars weed eating. If he only spent ,ok,98,26,28,26,28,2.0,True,True,True,,False,False,False,False,False,question,False,,,2,2,prose_mid,unchanged,8,8,,copying,True,complete hallucination,False
awps,copy, Gwen and her friends were recycling paper for their class. For every 3 pounds t,ok,319,3,4,3,4,1.0,True,True,True,,False,False,False,False,False,question,False,,,2,2,eq_operand,changed,4.5,6,,copying,True,directly redoes calculation,True
awps,copy, Maria was making baggies of cookies with 5 cookies in each bag. If she had 33 c,ok,135,2,3,2,3,1.0,True,True,True,,False,False,False,False,False,question,False,,,2,2,prose_mid,unchanged,7,7,,copying,True,states correct value,False
awps,copy, Nancy's class is going on a field trip to the zoo. If each van can hold 5 peopl,ok,128,12,13,12,13,1.0,True,True,True,,False,False,False,False,False,question,False,,,2,2,prose_mid,unchanged,3,3,,copying,True,partial hallucination,False
awps,copy, For a birthday party George bought 10 regular sodas and 22 diet sodas. If his f,ok,140,22,23,22,23,1.0,True,True,True,,False,False,False,False,False,question,False,,,2,2,eq_operand,changed,8.25,8,,copying,True,directly redoes calculation,True
awps,copy, For Halloween Sarah received 66 pieces of candy from neighbors and 15 pieces fr,ok,276,9,7,9,7,-2.0,True,True,True,,False,False,False,False,True,question,False,,,2,2,prose_mid,unchanged,9,9,,copying,True,complete hallucination,False
awps,copy," Henry was helping the cafeteria workers pick up lunch trays, but he could only ",ok,833,9,6,9,6,-3.0,True,True,True,,False,False,False,False,True,question,False,,,2,2,after_last_eq,unchanged,9,9,,copying,True,directly redoes calculation,False
awps,copy, Paul made 68 dollars mowing lawns and 13 dollars weed eating. If he only spent ,ok,397,9,10,9,10,1.0,True,True,True,,False,False,False,False,True,question,True,,,2,2,after_last_eq,unchanged,9,9,,copying,True,directly redoes calculation,False
awps,copy," While playing at the arcade, Edward won 3 tickets playing 'whack a mole' and 5 ",ok,361,4,1,4,1,-3.0,True,True,True,,False,False,False,False,False,question,False,,,2,2,prose_mid,unchanged,2,2,,copying,True,partial hallucination,False
awps,copy, Megan's class is going on a field trip to the zoo. If each van can hold 5 peopl,ok,440,5,2,5,2,-3.0,True,True,True,,False,False,False,False,False,question,False,,,2,2,prose_mid,unchanged,6,6,,copying,True,states correct value,False
awps,copy, Luke was organizing his baseball cards in a binder with 3 on each page. If he h,ok,312,3,0,3,0,-3.0,True,True,True,,False,False,False,False,False,question,False,,,2,2,prose_mid,unchanged,4,4,,copying,True,states correct value,False
awps,copy, Olivia uploaded 5 pictures from her phone and 35 from her camera to facebook. I,ok,161,35,37,35,37,2.0,True,True,True,,False,False,False,False,False,question,False,,,2,2,eq_operand,changed,5.25,5,,copying,True,directly redoes calculation,True
awps,copy," A vase can hold 5 flowers. If you had 6 carnations and 19 roses, how many vases",ok,340,25,23,25,23,-2.0,True,True,True,,False,False,False,False,False,cot,False,,,2,2,eq_operand,changed,4.6,5,,copying,True,directly redoes calculation,True
awps,copy, There school's baseball team had 12 new players and 44 returning players. If th,ok,260,56,54,56,54,-2.0,True,True,True,,False,False,False,False,False,cot,False,,,0,0,no_verified_eqs,not_analyzable,,7,,copying,True,complete hallucination,False
awps,copy, Frank had saved up 3 dollars. If he received another 37 dollars for his allowan,ok,348,8,5,8,5,-3.0,True,True,True,,False,False,False,True,False,question,False,,,2,2,eq_operand,changed,8,5,,copying,True,directly redoes calculation,True
awps,copy, A toy store had 6 giant stuffed bears in stock when they got another shipment w,ok,336,4,6,4,6,2.0,True,True,True,,True,True,True,False,True,cot,False,,,2,2,after_last_eq,unchanged,4,4,,copying,True,directly redoes calculation,False
awps,copy," Jerry was helping the cafeteria workers pick up lunch trays, but he could only ",ok,249,7,8,7,8,1.0,True,True,True,,True,True,True,False,False,question,False,,,0,0,no_verified_eqs,not_analyzable,,2,,copying,True,partial hallucination,False
awps,copy," Sam had saved up 8 dollars. If he received another 7 dollars for his allowance,",ok,343,3,1,3,1,-2.0,True,True,True,,False,False,False,False,False,question,False,,,2,2,prose_mid,unchanged,5,5,,copying,True,states correct value,False
awps,copy, Bianca and her friends were recycling paper for their class. For every 3 pounds,ok,304,3,5,3,5,2.0,True,True,True,,False,False,False,False,False,question,False,,,2,2,prose_mid,unchanged,9,9,,copying,True,directly redoes calculation,False
awps,copy, There school's baseball team had 31 new players and 4 returning players. If the,ok,272,7,10,7,10,3.0,True,True,True,,False,False,False,False,False,question,False,,,0,0,no_verified_eqs,not_analyzable,,5,,copying,True,states correct value,False
awps,copy, Oliver was organizing his baseball cards in a binder with 3 on each page. If he,ok,188,3,1,3,1,-2.0,True,True,True,,False,False,False,False,False,question,False,,,2,2,eq_operand,changed,12,4,,copying,True,directly redoes calculation,True
awps,copy, Paul made 3 dollars mowing lawns and 3 dollars weed eating. If he only spent 3 ,ok,92,3,5,3,5,2.0,True,True,True,,False,False,False,False,False,question,False,,,2,2,eq_operand,changed,2.666666667,2,,copying,True,complete hallucination,True
awps,copy, Robin was making baggies of cookies with 6 cookies in each bag. If she had 23 c,ok,412,48,45,48,45,-3.0,True,True,True,,False,False,False,False,False,cot,False,,,0,0,no_verified_eqs,not_analyzable,,8,,copying,True,states correct value,False
awps,copy, The schools debate team had 5 boys and 40 girls on it. If they were split into ,ok,116,5,6,5,6,1.0,True,True,True,,False,False,False,False,True,question,False,,,2,2,prose_mid,unchanged,5,5,,copying,True,directly redoes calculation,False
awps,copy, There school's baseball team had 2 new players and 6 returning players. If the ,ok,100,6,7,6,7,1.0,True,True,True,,False,False,False,False,False,question,False,,,0,0,no_verified_eqs,not_analyzable,,2,,copying,True,states correct value,False
awps,copy, For homework Amy had 18 math problems and 6 spelling problems. If she can finis,ok,462,6,7,6,7,1.0,True,True,True,,False,False,False,False,True,question,False,,,2,2,after_last_eq,unchanged,6,6,,copying,True,states correct value,False
awps,copy, Maria was making baggies of cookies with 3 cookies in each bag. If she had 2 ch,ok,409,6,9,6,9,3.0,True,True,True,,False,False,False,False,True,cot,False,,,2,2,after_last_eq,unchanged,6,6,,copying,True,complete hallucination,False
awps,copy, A pet shelter had 3 puppies when another 3 were brought in. If 3 puppies a day ,ok,115,3,0,3,0,-3.0,True,True,True,,False,False,False,False,False,question,False,,,2,2,prose_mid,unchanged,2,2,,copying,True,states correct value,False
awps,copy," While playing at the arcade, Luke won 2 tickets playing 'whack a mole' and 13 t",ok,70,2,1,2,1,-1.0,True,True,True,,False,False,False,False,False,question,False,,,2,2,prose_mid,unchanged,5,5,,copying,True,states correct value,False
awps,copy, Paul had saved up 3 dollars. If he received another 7 dollars for his allowance,ok,358,10,13,10,13,3.0,True,True,True,,False,False,False,False,False,cot,False,,,2,2,eq_operand,changed,2.6,2,,copying,True,directly redoes calculation,True
awps,copy," While playing at the arcade, Ned won 26 tickets playing 'whack a mole' and 19 t",ok,155,19,20,19,20,1.0,True,True,True,,False,False,False,False,False,question,False,,,2,2,prose_mid,unchanged,5,5,,copying,True,complete hallucination,False
awps,copy," Luke was helping the cafeteria workers pick up lunch trays, but he could only c",ok,387,4,3,4,3,-1.0,True,True,True,,False,False,False,False,False,question,True,,,0,0,no_verified_eqs,not_analyzable,,9,,copying,True,states correct value,False
awps,copy, A pet shelter had 2 puppies when another 34 were brought in. If 4 puppies a day,ok,116,34,32,34,32,-2.0,True,True,True,,False,False,False,False,False,question,False,,,2,2,prose_mid,unchanged,9,9,,copying,True,complete hallucination,False
awps,copy, At a company picnic 9 managers and 15 employees decided to start a game of voll,ok,349,3,4,3,4,1.0,True,True,True,,False,False,False,False,True,cot,False,,,1,1,after_last_eq,not_analyzable,,3,,copying,True,states correct value,False
awps,copy, Wendy uploaded 22 pictures from her phone and 2 from her camera to facebook. If,ok,380,24,27,24,27,3.0,True,True,True,,False,False,False,False,False,cot,False,,,2,2,eq_operand,changed,6.75,6,,copying,True,complete hallucination,True
awps,copy, Zoe and her friends were recycling paper for their class. For every 8 pounds th,ok,143,23,25,23,25,2.0,True,True,True,,True,True,True,False,False,question,False,,,2,2,prose_mid,unchanged,6,6,,copying,True,explicitly identifies error,False
awps,copy, Billy was organizing his baseball cards in a binder with 5 on each page. If he ,ok,380,9,12,9,12,3.0,True,True,True,,False,False,False,False,True,cot,True,,,2,2,after_last_eq,unchanged,9,9,,copying,True,directly redoes calculation,False
awps,copy, For a birthday party Tom bought 4 regular sodas and 52 diet sodas. If his fridg,ok,73,4,3,4,3,-1.0,True,True,True,,False,False,False,False,False,question,False,,,2,2,prose_mid,unchanged,8,8,,copying,True,directly redoes calculation,False
awps,copy, Paul had saved up 4 dollars. If he received another 11 dollars for his allowanc,ok,149,11,12,11,12,1.0,True,True,True,,False,False,False,False,False,question,False,,,2,2,prose_mid,unchanged,3,3,,copying,True,complete hallucination,False
awps,copy, Katie uploaded 30 pictures from her phone and 51 from her camera to facebook. I,ok,349,9,11,9,11,2.0,True,True,True,,False,False,False,False,True,question,True,,,2,2,after_last_eq,unchanged,9,9,,copying,True,complete hallucination,False
awps,copy, Debby's class is going on a field trip to the zoo. If each van can hold 9 peopl,ok,123,40,43,40,43,3.0,True,True,True,,False,False,False,False,False,question,False,,,2,2,prose_mid,unchanged,6,6,,copying,True,states correct value,False
awps,copy, A new building needed 14 windows. The builder had already installed 5 of them. ,ok,663,36,34,36,34,-2.0,True,True,True,,False,False,False,False,True,cot,False,,,0,0,no_verified_eqs,not_analyzable,,36,,copying,True,complete hallucination,False
awps,copy, A chef needs to cook 16 potatoes. He has already cooked 7. If each potato takes,ok,158,16,19,16,19,3.0,True,True,True,,False,False,False,False,False,question,False,,,2,2,eq_operand,changed,60,45,,copying,True,explicitly identifies error,False
awps,copy," Henry earned 5 dollars for each lawn he mowed. If he had 12 lawns to mow, but f",ok,71,12,11,12,11,-1.0,True,True,True,,False,False,False,False,False,question,False,,,2,2,prose_mid,unchanged,25,25,,copying,True,complete hallucination,False
awps,copy," A trivia team had 5 members total, but during a game 2 members didn't show up. ",ok,355,3,0,3,0,-3.0,True,True,True,,False,False,False,False,False,cot,False,,,2,2,eq_operand,changed,0,18,,copying,True,states correct value,True
awps,copy, A painter needed to paint 10 rooms in a building. Each room takes 8 hours to pa,ok,89,8,5,8,5,-3.0,True,True,True,,False,False,False,False,False,question,False,,,2,2,prose_mid,unchanged,16,16,,copying,True,states correct value,False
awps,copy, At a restaurant each adult meal costs $3 and kids eat free. If a group of 12 pe,ok,79,12,9,12,9,-3.0,True,True,True,,False,False,False,False,False,question,False,,,1,1,prose_mid,not_analyzable,,15,,copying,True,complete hallucination,False
awps,copy," Jerry had 7 action figures, but needed 16 total for a complete collection. If e",ok,495,8,9,8,9,1.0,True,True,True,,False,True,True,False,False,question,False,,,0,0,no_verified_eqs,not_analyzable,,72,,copying,True,states correct value,False
awps,copy, There were 16 friends playing a video game online when 7 players quit. If each ,ok,158,16,19,16,19,3.0,True,True,True,,False,False,False,False,False,question,False,,,2,2,prose_mid,unchanged,72,72,,copying,True,explicitly identifies error,False
awps,copy, A new building needed 10 windows. The builder had already installed 6 of them. ,ok,341,4,2,4,2,-2.0,True,True,True,,False,False,False,False,False,cot,False,,,2,2,prose_mid,unchanged,20,20,,copying,True,partial hallucination,False
awps,copy," A trivia team had 12 members total, but during a game 4 members didn't show up.",ok,396,8,11,8,11,3.0,True,True,True,,False,False,False,False,False,question,False,,,2,2,eq_operand,changed,88,64,,copying,True,directly redoes calculation,True
awps,copy, Mike had 16 video games but 8 of them weren't working. If he wanted to sell the,ok,70,16,18,16,18,2.0,True,True,True,,False,False,False,False,False,question,False,,,2,2,prose_mid,unchanged,56,56,,copying,True,explicitly identifies error,False
awps,copy, There were 8 friends playing a video game online when 5 players quit. If each p,ok,378,3,6,3,6,3.0,True,True,True,,False,False,False,False,False,cot,False,,,0,0,no_verified_eqs,not_analyzable,,15,,copying,True,states correct value,False
awps,copy, Will bought 7 boxes of chocolate candy and gave 3 to his little brother. If eac,ok,353,12,9,12,9,-3.0,True,True,True,,False,False,False,False,False,cot,False,,,3,3,prose_mid,unchanged,16,16,,copying,True,states correct value,False
awps,copy," Roger earned 9 dollars for each lawn he mowed. If he had 14 lawns to mow, but f",ok,129,14,11,14,11,-3.0,True,True,True,,False,False,False,False,False,question,False,,,2,2,prose_mid,unchanged,54,54,,copying,True,states correct value,False
awps,copy, A magician was selling magic card decks for 2 dollars each. If he started with ,ok,134,2,0,2,0,-2.0,True,True,True,,False,False,False,False,False,question,False,,,2,2,prose_mid,unchanged,4,4,,copying,True,directly redoes calculation,False
awps,copy, A chef needs to cook 12 potatoes. He has already cooked 6. If each potato takes,ok,175,6,9,6,9,3.0,True,True,True,,False,False,False,False,False,question,False,,,2,2,prose_mid,unchanged,36,36,,copying,True,directly redoes calculation,False
awps,copy, A new building needed 9 windows. The builder had already installed 6 of them. I,ok,176,6,5,6,5,-1.0,True,True,True,,False,False,False,False,False,question,False,,,2,2,prose_mid,unchanged,18,18,,copying,True,complete hallucination,False
awps,copy, At the fair Adam bought 13 tickets. After riding the ferris wheel he had 4 tick,ok,275,9,6,9,6,-3.0,True,True,True,,False,False,False,False,False,question,False,,,2,2,prose_mid,unchanged,81,81,,copying,True,complete hallucination,False
awps,copy, Dave bought 12 boxes of chocolate candy and gave 5 to his little brother. If ea,ok,131,3,0,3,0,-3.0,True,True,True,,False,False,False,False,False,question,False,,,2,2,prose_mid,unchanged,21,21,,copying,True,states correct value,False
awps,copy, A painter needed to paint 9 rooms in a building. Each room takes 8 hours to pai,ok,95,5,4,5,4,-1.0,True,True,True,,False,False,False,False,False,question,False,,,2,2,prose_mid,unchanged,32,32,,copying,True,complete hallucination,False
awps,copy, A worksheet had 4 problems on it. If a teacher had 9 worksheets to grade and ha,ok,456,5,7,5,7,2.0,True,True,True,,False,False,False,False,False,question,False,,,3,3,prose_mid,unchanged,16,16,,copying,True,states correct value,False
awps,copy, A magician was selling magic card decks for 9 dollars each. If he started with ,ok,379,5,3,5,3,-2.0,True,True,True,,False,False,False,False,False,cot,False,,,2,2,prose_mid,unchanged,45,45,,copying,True,states correct value,False
awps,copy, A chef needs to cook 9 potatoes. He has already cooked 7. If each potato takes ,ok,302,2,-1,2,-1,-3.0,True,True,True,,False,False,False,False,False,cot,False,,,2,2,prose_mid,unchanged,6,6,,copying,True,states correct value,False
awps,copy, A magician was selling magic card decks for 5 dollars each. If he started with ,ok,124,14,12,14,12,-2.0,True,True,True,,False,False,False,False,False,question,False,,,2,2,eq_operand,changed,35,45,,copying,True,complete hallucination,True
awps,copy, Adam bought 13 boxes of chocolate candy and gave 7 to his little brother. If ea,ok,250,6,3,6,3,-3.0,True,True,True,,False,False,False,False,False,question,False,,,2,2,prose_mid,unchanged,36,36,,copying,True,complete hallucination,False
awps,copy," A trivia team had 7 members total, but during a game 2 members didn't show up. ",ok,341,5,3,5,3,-2.0,True,True,True,,False,False,False,False,False,cot,False,,,2,2,prose_mid,unchanged,20,20,,copying,True,states correct value,False
awps,copy," Bianca earned 5 points for each bag of cans she recycled. If she had 17 bags, b",ok,345,9,10,9,10,1.0,True,True,True,,False,False,False,False,False,cot,False,,,2,2,prose_mid,unchanged,45,45,,copying,True,states correct value,False
awps,copy, A chef needs to cook 15 potatoes. He has already cooked 6. If each potato takes,ok,159,15,14,15,14,-1.0,True,True,True,,False,False,False,False,False,question,False,,,2,2,prose_mid,unchanged,72,72,,copying,True,complete hallucination,False
awps,copy, There were 10 friends playing a video game online when 7 players quit. If each ,ok,404,8,10,8,10,2.0,True,True,True,,True,True,True,False,False,question,False,,,0,0,no_verified_eqs,not_analyzable,,24,,copying,True,states correct value,False
awps,copy," In a video game, each enemy defeated gives you 8 points. If a level has 7 enemi",ok,109,5,8,5,8,3.0,True,True,True,,True,True,True,False,False,cot,False,,,2,2,eq_operand,changed,64,40,,copying,True,states correct value,True
awps,copy, A worksheet had 4 problems on it. If a teacher had 16 worksheets to grade and h,ok,270,4,3,4,3,-1.0,True,True,True,,False,False,False,False,False,question,False,,,2,2,prose_mid,unchanged,32,32,,copying,True,complete hallucination,False
awps,copy, April's discount flowers was having a sale where each rose was 4 dollars. If Ap,ok,119,13,12,13,12,-1.0,True,True,True,,False,False,False,False,False,question,False,,,2,2,eq_operand,changed,32,36,,copying,True,complete hallucination,True
awps,copy, Each chocolate bar in a box cost $4. If a box had 11 bars total and Vanessa sol,ok,259,4,7,4,7,3.0,True,True,True,,True,True,True,False,False,question,False,,,2,2,eq_operand,changed,28,16,,copying,True,complete hallucination,True
awps,copy," Gwen earned 8 points for each bag of cans she recycled. If she had 4 bags, but ",ok,306,2,5,2,5,3.0,True,True,True,,False,False,False,False,False,question,False,,,2,2,eq_operand,changed,40,16,,copying,True,directly redoes calculation,True
awps,copy, A new building needed 12 windows. The builder had already installed 6 of them. ,ok,142,12,9,12,9,-3.0,True,True,True,,False,False,False,False,False,question,False,,,2,2,eq_operand,changed,12,24,,copying,True,complete hallucination,True
awps,copy, A chef needs to cook 15 potatoes. He has already cooked 8. If each potato takes,ok,184,7,6,7,6,-1.0,True,True,True,,False,False,False,False,False,cot,True,,,2,2,prose_mid,unchanged,63,63,,copying,True,directly redoes calculation,False
awps,copy," A trivia team had 14 members total, but during a game 7 members didn't show up.",ok,141,14,17,14,17,3.0,True,True,True,,False,False,False,False,False,question,False,,,2,2,eq_operand,changed,50,35,,copying,True,directly redoes calculation,True
awps,copy, A chef needs to cook 13 potatoes. He has already cooked 5. If each potato takes,ok,159,13,14,13,14,1.0,True,True,True,,False,False,False,False,False,question,False,,,2,2,prose_mid,unchanged,48,48,,copying,True,complete hallucination,False
awps,copy," Isabel baked 3 brownies, but needed 5 total for her party. If she used 5 cups o",ok,185,2,0,2,0,-2.0,True,True,True,,False,False,False,False,False,cot,False,,,2,2,prose_mid,unchanged,10,10,,copying,True,states correct value,False
awps,copy, April's discount flowers was having a sale where each rose was 9 dollars. If Ap,ok,335,9,6,9,6,-3.0,True,True,True,,False,False,False,False,False,question,False,,,2,2,eq_operand,changed,18,27,,copying,True,directly redoes calculation,True
awps,copy, Tom bought 14 boxes of chocolate candy and gave 8 to his little brother. If eac,ok,338,3,6,3,6,3.0,True,True,True,,False,True,True,False,False,question,False,,,2,2,eq_operand,changed,36,18,,copying,True,complete hallucination,True
awps,copy," Edward earned 4 dollars for each lawn he mowed. If he had 17 lawns to mow, but ",ok,382,4,1,4,1,-3.0,True,True,True,,False,False,False,False,False,question,False,,,2,2,prose_mid,unchanged,32,32,,copying,True,states correct value,False
awps,copy, A new building needed 11 windows. The builder had already installed 4 of them. ,ok,406,56,53,56,53,-3.0,True,True,True,,False,False,False,False,True,cot,False,,,2,2,after_last_eq,unchanged,56,56,,copying,True,states correct value,False
awps,copy, There were 13 friends playing a video game online when 8 players quit. If each ,ok,59,8,11,8,11,3.0,True,True,True,,False,False,False,False,False,question,False,,,0,0,no_verified_eqs,not_analyzable,,30,,copying,True,complete hallucination,False
awps,copy," A trivia team had 9 members total, but during a game 3 members didn't show up. ",ok,129,9,10,9,10,1.0,True,True,True,,False,False,False,False,False,question,False,,,2,2,prose_mid,unchanged,12,12,,copying,True,complete hallucination,False
awps,copy," Edward earned 9 dollars for each lawn he mowed. If he had 6 lawns to mow, but f",ok,35,6,9,6,9,3.0,True,True,True,,True,False,True,False,False,question,False,,,2,2,eq_operand,changed,63,36,,copying,True,complete hallucination,True
awps,copy, At a restaurant each adult meal costs $2 and kids eat free. If a group of 9 peo,ok,99,2,4,2,4,2.0,True,True,True,,False,False,False,False,False,question,False,,,2,2,prose_mid,unchanged,14,14,,copying,True,complete hallucination,False
awps,copy," Katie baked 18 cupcakes for her school's bake sale. If her brother, Todd, ate 8",ok,107,18,17,18,17,-1.0,True,True,True,,False,False,False,False,False,question,False,,,2,2,eq_operand,changed,4.5,5,,copying,True,states correct value,False
awps,copy, Mike made 101 dollars mowing lawns over the summer. If he spent 47 dollars buyi,ok,166,101,98,101,98,-3.0,True,True,True,,False,False,False,False,False,question,False,,,2,2,eq_operand,changed,8.5,9,,copying,True,states correct value,False
awps,copy, Oliver is at the library helping put away books. There are 46 book to put away ,ok,448,9,7,9,7,-2.0,True,True,True,,False,False,False,False,True,cot,False,,,1,1,after_last_eq,not_analyzable,,9,,copying,True,states correct value,False
awps,copy, Emily was planting vegetables in her garden. She started with 41 seeds and plan,ok,540,4,5,4,5,1.0,True,True,True,,False,False,False,False,False,question,False,,,0,0,no_verified_eqs,not_analyzable,,3,,copying,True,states correct value,False
awps,copy, Edward made 37 dollars mowing lawns over the summer. If he spent 21 dollars buy,ok,353,2,-1,2,-1,-3.0,True,True,True,,False,False,False,False,False,question,False,,,2,2,eq_operand,changed,-16,8,,copying,True,states correct value,False
awps,copy, A pet store had 81 puppies. In one day they sold 41 of them and put the rest in,ok,330,5,3,5,3,-2.0,True,True,True,,False,False,False,False,True,cot,False,,,2,2,after_last_eq,unchanged,5,5,,copying,True,states correct value,False
awps,copy," Tom had 57 dollars. If he spent 49 bucks on a new game, how many 4 dollar toys ",ok,448,2,-1,2,-1,-3.0,True,True,True,,False,False,False,False,True,cot,False,,,0,0,no_verified_eqs,not_analyzable,,2,,copying,True,states correct value,False
awps,copy, Nancy had 80 files on her computer. She deleted 31 of them and put the rest int,ok,21,31,33,31,33,2.0,True,True,True,,False,False,False,False,False,question,False,,,2,2,prose_mid,unchanged,7,7,,copying,True,directly redoes calculation,False
awps,copy, The cafeteria had 96 apples. For lunch they handed out 42 to students and decid,ok,269,6,7,6,7,1.0,True,True,True,,False,False,False,False,False,question,False,,,2,2,prose_mid,unchanged,9,9,,copying,True,states correct value,False
awps,copy, A pet store had 64 puppies. In one day they sold 28 of them and put the rest in,ok,255,4,2,4,2,-2.0,True,True,True,,False,False,False,False,False,question,False,,,2,2,prose_mid,unchanged,9,9,,copying,True,states correct value,False
awps,copy, Megan had 40 homework problems. She finished 26 of them but still had 2 pages o,ok,151,40,39,40,39,-1.0,True,True,True,,False,False,False,False,False,question,False,,,2,2,eq_operand,changed,6.5,7,,copying,True,complete hallucination,True
awps,copy, Bianca uploaded 33 pictures to Facebook. She put 27 pics into one album and put,ok,419,3,2,3,2,-1.0,True,True,True,,False,False,False,True,False,question,False,,,0,0,no_verified_eqs,not_analyzable,,2,,copying,True,states correct value,False
awps,copy, A waiter had 44 customers in his section. If 12 of them left and the rest of hi,ok,102,44,42,44,42,-2.0,True,True,True,,False,False,False,False,False,question,False,,,2,2,prose_mid,unchanged,4,4,,copying,True,states correct value,False
awps,copy, Jerry is at the library helping put away books. There are 34 book to put away t,ok,397,27,30,27,30,3.0,True,True,True,,False,False,False,False,False,cot,False,,,1,1,after_last_eq,not_analyzable,,9,,copying,True,states correct value,False
awps,copy, Nancy was planting vegetables in her garden. She started with 52 seeds and plan,ok,492,6,8,6,8,2.0,True,True,True,,False,False,False,False,True,cot,True,,,1,1,after_last_eq,unchanged,6,6,,copying,True,directly redoes calculation,False
awps,copy," Will had 83 dollars. If he spent 47 bucks on a new game, how many 4 dollar toys",ok,452,9,10,9,10,1.0,True,True,True,,False,False,False,False,True,cot,False,,,0,0,no_verified_eqs,not_analyzable,,9,,copying,True,states correct value,False
awps,copy, Bianca was planting vegetables in her garden. She started with 52 seeds and pla,ok,194,52,54,52,54,2.0,True,True,True,,False,False,False,False,False,question,False,,,0,0,no_verified_eqs,not_analyzable,,6,,copying,True,states correct value,False
awps,copy, The cafeteria had 47 apples. For lunch they handed out 27 to students and decid,ok,172,4,5,4,5,1.0,True,True,True,,False,False,False,True,False,question,False,,,2,2,prose_mid,unchanged,5,5,,copying,True,complete hallucination,False
awps,copy," Megan baked 68 cupcakes for her school's bake sale. If her brother, Todd, ate 3",ok,361,6,7,6,7,1.0,True,True,True,,False,False,False,False,True,question,False,,,2,2,after_last_eq,unchanged,6,6,,copying,True,states correct value,False
awps,copy, A store had 120 coloring books in stock. They ended up putting them on sale and,ok,196,120,122,120,122,2.0,True,True,True,,False,False,False,False,False,question,False,,,2,2,prose_mid,unchanged,9,9,,copying,True,partial hallucination,False
awps,copy, Mike made 42 dollars mowing lawns over the summer. If he spent 10 dollars buyin,ok,260,8,10,8,10,2.0,True,True,True,,True,True,True,False,False,question,False,,,0,0,no_verified_eqs,not_analyzable,,4,,copying,True,complete hallucination,False
awps,copy, Oliver made 35 dollars mowing lawns over the summer. If he spent 7 dollars buyi,ok,172,35,38,35,38,3.0,True,True,True,,False,False,False,False,False,question,False,,,0,0,no_verified_eqs,not_analyzable,,7,,copying,True,states correct value,False
awps,copy, There are 17 students trying out for the school's trivia teams. If 5 of them di,ok,201,5,3,5,3,-2.0,True,True,True,,True,False,True,False,False,question,False,,,0,0,no_verified_eqs,not_analyzable,,4,,copying,True,states correct value,False
awps,copy," Megan baked 71 cupcakes for her school's bake sale. If her brother, Todd, ate 4",ok,292,7,4,7,4,-3.0,True,True,True,,False,False,False,True,False,question,False,,,2,2,eq_operand,changed,7,4,,copying,True,directly redoes calculation,False
awps,copy, The cafeteria had 50 apples. For lunch they handed out 5 to students and decide,ok,296,45,47,45,47,2.0,True,True,True,,False,False,False,False,False,cot,False,,,0,0,no_verified_eqs,not_analyzable,,9,,copying,True,states correct value,False
awps,copy, Nancy had 101 homework problems. She finished 47 of them but still had 6 pages ,ok,449,54,53,54,53,-1.0,True,True,True,,False,False,False,False,False,cot,False,,,2,2,eq_operand,changed,8.833333333,9,,copying,True,states correct value,True
awps,copy, Paige had 27 files on her computer. She deleted 9 of them and put the rest into,ok,329,6,4,6,4,-2.0,True,True,True,,False,False,False,False,False,question,False,,,2,2,prose_mid,unchanged,3,3,,copying,True,directly redoes calculation,False
awps,copy," A company invited 45 people to a luncheon, but 35 of them didn't show up. If th",ok,263,35,32,35,32,-3.0,True,True,True,,False,False,False,False,False,question,False,,,0,0,no_verified_eqs,not_analyzable,,5,,copying,True,partial hallucination,False
awps,copy, Sarah had 55 homework problems. She finished 6 of them but still had 7 pages of,ok,436,49,46,49,46,-3.0,True,True,True,,False,False,False,False,False,cot,False,,,2,2,eq_operand,changed,6.571428571,7,,copying,True,directly redoes calculation,True
awps,copy, Luke was selling his old games. He started out with 39 but sold 19 of them. He ,ok,273,4,3,4,3,-1.0,True,True,True,,False,False,False,False,False,question,False,,,2,2,prose_mid,unchanged,5,5,,copying,True,directly redoes calculation,False
awps,copy," Haley baked 20 cupcakes for her school's bake sale. If her brother, Todd, ate 1",ok,97,11,14,11,14,3.0,True,True,True,,False,False,False,False,False,question,False,,,2,2,prose_mid,unchanged,3,3,,copying,True,directly redoes calculation,False
awps,copy, A pet store had 13 puppies. In one day they sold 7 of them and put the rest int,ok,495,3,1,3,1,-2.0,True,True,True,,False,False,False,False,True,cot,False,,,0,0,no_verified_eqs,not_analyzable,,3,,copying,True,states correct value,False
awps,copy, A store had 27 coloring books in stock. They ended up putting them on sale and ,ok,84,6,5,6,5,-1.0,True,True,True,,False,False,False,False,False,question,False,,,2,2,prose_mid,unchanged,3,3,,copying,True,directly redoes calculation,False
awps,copy, Wendy had 82 files on her computer. She deleted 37 of them and put the rest int,ok,347,9,6,9,6,-3.0,True,True,True,,False,False,False,False,True,cot,False,,,2,2,after_last_eq,unchanged,9,9,,copying,True,states correct value,False
awps,copy, For Halloween Emily received 54 pieces of candy. She ate 33 pieces then placed ,ok,115,33,36,33,36,3.0,True,True,True,,False,False,False,False,False,question,False,,,2,2,prose_mid,unchanged,3,3,,copying,True,directly redoes calculation,False
awps,copy, A store had 48 coloring books in stock. They ended up putting them on sale and ,ok,367,5,7,5,7,2.0,True,True,True,,False,False,False,False,False,question,False,,,0,0,no_verified_eqs,not_analyzable,,2,,copying,True,states correct value,False
awps,copy, Roger is at the library helping put away books. There are 14 book to put away t,ok,301,3,1,3,1,-2.0,True,True,True,,False,False,False,False,False,question,False,,,0,0,no_verified_eqs,not_analyzable,,4,,copying,True,states correct value,False
awps,copy, A pet store had 56 puppies. In one day they sold 24 of them and put the rest in,ok,115,24,26,24,26,2.0,True,True,True,,False,False,False,False,False,question,False,,,2,2,prose_mid,unchanged,8,8,,copying,True,directly redoes calculation,False
awps,copy," Jerry had 60 pieces of clothing to wash. He put 40 of them in one load, but dec",ok,402,20,19,20,19,-1.0,True,True,True,,False,False,False,False,False,cot,False,,,2,2,prose_mid,unchanged,4,4,,copying,True,states correct value,False
awps,copy, Will made 104 dollars mowing lawns over the summer. If he spent 41 dollars buyi,ok,368,9,10,9,10,1.0,True,True,True,,False,False,False,False,False,question,False,,,2,2,eq_operand,changed,6.3,7,,copying,True,states correct value,False
awps,copy, For Halloween Bianca received 32 pieces of candy. She ate 12 pieces then placed,ok,49,32,33,32,33,1.0,True,True,True,,False,False,False,False,False,question,False,,,1,1,prose_mid,not_analyzable,,4,,copying,True,partial hallucination,False
awps,copy, Katie had 85 files on her computer. She deleted 40 of them and put the rest int,ok,21,40,41,40,41,1.0,True,True,True,,False,False,False,False,False,question,False,,,2,2,prose_mid,unchanged,9,9,,copying,True,directly redoes calculation,False
awps,copy," Roger had 68 dollars. If he spent 47 bucks on a new game, how many 7 dollar toy",ok,416,7,9,7,9,2.0,True,True,True,,False,False,False,False,False,question,False,,,0,0,no_verified_eqs,not_analyzable,,3,,copying,True,states correct value,False
awps,copy, Tom bought 40 tickets at the state fair. He spent 28 tickets at the 'dunk a clo,ok,455,3,6,3,6,3.0,True,True,True,,False,False,False,False,True,cot,False,,,2,2,after_last_eq,unchanged,3,3,,copying,True,states correct value,False
awps,copy," Sarah baked 38 cupcakes for her school's bake sale. If her brother, Todd, ate 1",ok,105,14,13,14,13,-1.0,True,True,True,,False,False,False,False,False,question,False,,,2,2,prose_mid,unchanged,3,3,,copying,True,complete hallucination,False
awps,calc, Oliver is at the library helping put away books. There are 46 book to put away ,ok,416,9,12,9,12,3.0,True,True,True,,False,False,False,False,True,,True,False,False,1,1,after_last_eq,not_analyzable,,9,,calculation,True,states correct value,False
awps,calc, Rachel bought two coloring books. One had 24 pictures and the other had 39. Aft,ok,377,59,56,59,56,-3.0,True,True,True,,False,False,False,False,True,,True,False,False,2,2,eq_rhs,changed,56,59,,calculation,True,states correct value,True
awps,calc, Gwen was organizing her book case making sure each of the shelves had exactly 4,ok,297,32,34,32,34,2.0,True,True,True,,False,False,False,False,True,,True,False,False,3,3,eq_rhs,changed,34,32,,calculation,False,,True
awps,calc," While playing at the arcade, Edward won 3 tickets playing 'whack a mole' and 5 ",ok,165,8,7,8,7,-1.0,True,True,True,,False,False,False,False,False,,True,False,False,2,2,eq_rhs,changed,1.75,2,,calculation,False,,True
awps,calc, There were 7 friends playing a video game online when 2 more players joined the,ok,157,9,12,9,12,3.0,True,True,True,,False,False,False,False,False,,True,False,False,2,2,eq_rhs,changed,84,63,,calculation,True,states correct value,True
awps,calc, There were 17 girls and 32 boys trying out for the schools basketball team. If ,ok,386,39,36,39,36,-3.0,True,True,True,,False,False,False,False,True,,True,False,False,0,0,no_verified_eqs,not_analyzable,,39,,calculation,False,,False
awps,calc, A waiter had 47 customers to wait on. If 41 customers left and he got another 2,ok,168,26,29,26,29,3.0,True,True,True,,False,False,False,False,True,,True,False,False,2,2,eq_rhs,changed,29,26,,calculation,True,states correct value,True
awps,calc," Isabel baked 3 brownies, but needed 5 total for her party. If she used 5 cups o",ok,101,2,3,2,3,1.0,True,True,True,,True,True,True,False,False,,True,False,False,2,2,eq_rhs,changed,15,10,,copying,True,states correct value,True
awps,calc, In fourth grade there were 10 students at the start of the year. During the yea,ok,103,6,8,6,8,2.0,True,True,True,,False,False,False,False,False,,True,False,False,2,2,eq_rhs,changed,50,48,,copying,False,,True
awps,calc, George was working as a sacker at a grocery store where he made 5 dollars an ho,ok,386,45,42,45,42,-3.0,True,True,True,,False,False,False,False,True,,True,False,False,0,0,no_verified_eqs,not_analyzable,,45,,calculation,False,,False
awps,calc, Robin uploaded 35 pictures from her phone and 5 from her camera to facebook. If,ok,385,8,9,8,9,1.0,True,True,True,,False,False,False,False,True,,True,False,False,2,2,eq_rhs,changed,9,8,,calculation,True,states correct value,True
awps,calc, Oliver made 35 dollars mowing lawns over the summer. If he spent 7 dollars buyi,ok,214,28,30,28,30,2.0,True,True,True,,False,False,False,False,False,,True,False,False,0,0,no_verified_eqs,not_analyzable,,7,,calculation,True,states correct value,False
awps,calc, Olivia uploaded 5 pictures from her phone and 35 from her camera to facebook. I,ok,164,40,37,40,37,-3.0,True,True,True,,False,False,False,False,False,,True,False,False,2,2,eq_rhs,changed,4.625,5,,calculation,True,states correct value,True
awps,calc, For the school bake sale Paige made pastries. She baked 36 cupcakes and 9 cooki,ok,131,45,44,45,44,-1.0,True,True,True,,False,False,False,False,False,,True,False,False,2,2,eq_rhs,changed,40,41,,calculation,True,states correct value,True
awps,calc, Frank had saved up 3 dollars. If he received another 37 dollars for his allowan,ok,153,40,42,40,42,2.0,True,True,True,,False,False,False,False,False,,True,False,False,2,2,eq_rhs,changed,5.25,5,,calculation,True,states correct value,True
awps,calc, Nancy had 80 files on her computer. She deleted 31 of them and put the rest int,ok,75,31,34,31,34,3.0,True,True,False,,False,False,False,False,False,,False,True,False,2,2,eq_operand,changed,6.571428571,7,,copying,True,directly redoes calculation,True
awps,calc, A waiter had 44 customers in his section. If 12 of them left and the rest of hi,ok,116,32,34,32,34,2.0,True,True,True,,False,False,False,False,False,,True,False,False,2,2,eq_rhs,changed,4.25,4,,calculation,False,,False
awps,calc, For the school bake sale Amy made pastries. She baked 15 cupcakes and 48 cookie,ok,339,12,10,12,10,-2.0,True,True,False,,False,False,False,False,False,,False,True,False,2,2,eq_operand,changed,53,51,,copying,True,directly redoes calculation,True
awps,calc, For Halloween Sarah received 66 pieces of candy from neighbors and 15 pieces fr,ok,176,81,80,81,80,-1.0,True,True,True,,False,False,False,False,False,,True,False,False,2,2,eq_rhs,changed,8.888888889,9,,calculation,True,states correct value,True
awps,calc, For homework Amy had 18 math problems and 6 spelling problems. If she can finis,ok,140,24,22,24,22,-2.0,True,True,True,,False,False,False,False,False,,True,False,False,2,2,eq_rhs,changed,5.5,6,,calculation,False,,True
awps,calc, The school cafeteria ordered 25 red apples and 17 green apples for students lun,ok,545,32,31,32,31,-1.0,True,True,True,,False,False,False,False,True,,True,False,False,0,0,no_verified_eqs,not_analyzable,,32,,calculation,False,,False
awps,calc, Paul was collecting cans for recycling. On Saturday he filled 6 bags up and on ,ok,141,9,7,9,7,-2.0,True,True,True,,False,False,False,False,False,,True,False,False,2,2,eq_rhs,changed,56,72,,copying,True,states correct value,True
awps,calc, Tom bought 14 boxes of chocolate candy and gave 8 to his little brother. If eac,ok,135,8,11,8,11,3.0,True,True,False,,False,False,False,False,False,,False,True,False,2,2,eq_operand,changed,9,18,,copying,True,directly redoes calculation,True
awps,calc, April's discount flowers was having a sale where each rose was 9 dollars. If Ap,ok,124,3,0,3,0,-3.0,True,True,True,,False,False,False,False,False,,True,False,False,2,2,eq_rhs,changed,0,27,,calculation,True,states correct value,True
awps,calc," A trivia team had 7 members total, but during a game 2 members didn't show up. ",ok,355,20,21,20,21,1.0,True,True,True,,False,False,False,False,True,,True,False,False,2,2,eq_rhs,changed,21,20,,calculation,True,states correct value,True
awps,calc, At a restaurant each adult meal costs $3 and kids eat free. If a group of 12 pe,ok,428,15.,17.,15,17,2.0,True,True,True,,False,False,False,False,True,,True,False,False,1,1,after_last_eq,not_analyzable,,15,,calculation,True,explicitly identifies error,False
awps,calc, The school cafeteria had 17 apples. If they used 2 to make lunch for the studen,ok,177,38,37,38,37,-1.0,True,True,True,,False,False,False,False,True,,True,False,False,2,2,eq_rhs,changed,37,38,,calculation,False,,True
awps,calc, For a birthday party Jerry bought 41 regular sodas and 22 diet sodas. If his fr,ok,389,7,6,7,6,-1.0,True,True,True,,False,False,False,False,True,,True,False,False,2,2,eq_rhs,changed,6,7,,calculation,True,states correct value,True
awps,calc, Dave had to wash 29 short sleeve shirts and 11 long sleeve shirts before school,ok,411,35,36,35,36,1.0,True,True,False,,False,False,False,False,False,,False,True,False,2,2,eq_operand,changed,4,5,,copying,True,directly redoes calculation,True
awps,calc," A company invited 45 people to a luncheon, but 35 of them didn't show up. If th",ok,292,10,13,10,13,3.0,True,True,True,,False,False,False,False,False,,True,False,False,0,0,no_verified_eqs,not_analyzable,,5,,calculation,True,states correct value,False
awps,calc, For a birthday party George bought 10 regular sodas and 22 diet sodas. If his f,ok,382,8,6,8,6,-2.0,True,True,True,,False,False,False,False,True,,True,False,False,2,2,eq_rhs,changed,6,8,,copying,False,,True
awps,calc, A magician was selling magic card decks for 9 dollars each. If he started with ,ok,203,5,6,5,6,1.0,True,True,True,,False,False,False,False,False,,True,False,False,2,2,eq_rhs,changed,54,45,,copying,False,,False
awps,calc, Tiffany was playing a video game where she scores 6 points for each treasure sh,ok,193,30,27,30,27,-3.0,True,True,True,,False,False,False,False,False,,True,False,False,3,3,eq_rhs,changed,45,48,,calculation,True,states correct value,True
awps,calc, At the town carnival Oliver rode the ferris wheel 5 times and the bumper cars 4,ok,365,63,61,63,61,-2.0,True,True,True,,False,False,False,False,True,,True,False,False,2,2,eq_rhs,changed,61,63,,calculation,True,states correct value,True
awps,calc," At the arcade, Tom won 32 tickets playing 'whack a mole' and 25 tickets playing",ok,274,7,8,7,8,1.0,True,True,False,,False,False,False,False,False,,False,True,False,2,2,eq_operand,changed,49,50,,copying,True,directly redoes calculation,True
awps,calc, In fourth grade there were 40 students at the start of the year. During the yea,ok,215,52,49,52,49,-3.0,True,True,True,,False,False,False,False,True,,True,False,False,2,2,eq_rhs,changed,49,52,,calculation,True,complete hallucination,False
awps,calc, A worksheet had 4 problems on it. If a teacher had 16 worksheets to grade and h,ok,312,32,33,32,33,1.0,True,True,True,,False,False,False,False,True,,True,False,False,2,2,eq_rhs,changed,33,32,,calculation,True,partial hallucination,True
awps,calc, There were 9 girls and 14 boys trying out for the schools basketball team. If o,ok,393,21,20,21,20,-1.0,True,True,True,,False,False,False,False,True,,True,False,False,0,0,no_verified_eqs,not_analyzable,,21,,calculation,False,,False
awps,calc, Tom and his friend were buying trick decks from the magic shop for 8 dollars ea,ok,285,64,61,64,61,-3.0,True,True,True,,False,False,False,False,True,,True,False,False,2,2,eq_rhs,changed,61,64,,calculation,True,directly redoes calculation,True
awps,calc, A chef needs to cook 12 potatoes. He has already cooked 6. If each potato takes,ok,334,36,34,36,34,-2.0,True,True,True,,False,False,False,False,True,,True,False,False,2,2,eq_rhs,changed,34,36,,calculation,True,directly redoes calculation,True
awps,calc," While playing a trivia game, George answered 6 questions correct in the first h",ok,476,30,28,30,28,-2.0,True,True,True,,False,False,False,False,True,,True,False,False,2,2,eq_rhs,changed,28,30,,calculation,True,states correct value,True
awps,calc, A pet shelter had 2 puppies when another 34 were brought in. If 4 puppies a day,ok,448,9,11,9,11,2.0,True,True,True,,False,False,False,False,True,,True,False,False,2,2,eq_rhs,changed,11,9,,calculation,True,states correct value,True
awps,calc, Lana's favorite band was holding a concert where tickets were 6 dollars each. L,ok,117,48,45,48,45,-3.0,True,True,True,,False,False,False,False,False,,True,False,False,3,3,eq_rhs,changed,57,60,,calculation,True,states correct value,True
awps,calc, Rachel bought two coloring books. One had 23 pictures and the other had 32. Aft,ok,150,55,57,55,57,2.0,True,True,True,,False,False,False,False,False,,True,False,False,2,2,eq_rhs,changed,13,11,,calculation,False,,True
awps,calc, A store had 40 oranges in a bin. If they threw away 37 of the old ones and put ,ok,58,3,1,3,1,-2.0,True,True,True,,False,False,False,False,False,,True,False,False,2,2,eq_rhs,changed,8,10,,calculation,False,,False
awps,calc," Sarah baked 38 cupcakes for her school's bake sale. If her brother, Todd, ate 1",ok,296,3,2,3,2,-1.0,True,True,True,,False,False,False,False,True,,True,False,False,2,2,eq_rhs,changed,2,3,,calculation,False,,False
awps,calc, Frank and his friend were buying trick decks from the magic shop for 7 dollars ,ok,357,35,38,35,38,3.0,True,True,True,,False,False,False,False,True,,True,False,False,2,2,eq_rhs,changed,38,35,,calculation,True,states correct value,True
awps,calc, Sarah had 55 homework problems. She finished 6 of them but still had 7 pages of,ok,164,49,52,49,52,3.0,True,True,True,,False,False,False,False,False,,True,False,False,2,2,eq_rhs,changed,7.428571429,7,,calculation,True,states correct value,True
awps,calc, A chef needs to cook 16 potatoes. He has already cooked 7. If each potato takes,ok,303,45,44,45,44,-1.0,True,True,True,,False,False,False,False,True,,True,False,False,2,2,eq_rhs,changed,44,45,,calculation,True,partial hallucination,False
awps,calc," Haley baked 20 cupcakes for her school's bake sale. If her brother, Todd, ate 1",ok,119,9,6,9,6,-3.0,True,True,True,,False,False,False,False,False,,True,False,False,2,2,eq_rhs,changed,2,3,,calculation,True,complete hallucination,False
awps,calc, A store had 48 coloring books in stock. They ended up putting them on sale and ,ok,252,10,12,10,12,2.0,True,True,True,,False,False,False,False,False,,True,False,False,0,0,no_verified_eqs,not_analyzable,,2,,calculation,False,,False
awps,calc, Bianca uploaded 33 pictures to Facebook. She put 27 pics into one album and put,ok,221,6,4,6,4,-2.0,True,True,True,,False,False,False,False,False,,True,False,False,0,0,no_verified_eqs,not_analyzable,,2,,copying,True,states correct value,False
awps,calc," While on vacation, Gwen took 41 pictures at the zoo and 29 at the museum. If sh",ok,103,70,72,70,72,2.0,True,True,True,,False,False,False,False,False,,True,False,False,2,2,eq_rhs,changed,57,55,,calculation,False,,True
awps,calc, Sam was collecting cans for recycling. On Saturday he filled 3 bags up and on S,ok,140,7,5,7,5,-2.0,True,True,True,,False,False,False,False,False,,True,False,False,2,2,eq_rhs,changed,45,63,,copying,True,states correct value,True
awps,calc," Edward earned 4 dollars for each lawn he mowed. If he had 17 lawns to mow, but ",ok,402,32,34,32,34,2.0,True,True,True,,False,False,False,False,True,,True,False,False,2,2,eq_rhs,changed,34,32,,calculation,True,states correct value,False
awps,calc, Gwen and her friends were recycling paper for their class. For every 3 pounds t,ok,240,1,-2,1,-2,-3.0,True,True,True,,False,False,False,False,False,,False,False,True,2,2,prose_mid,unchanged,6,6,,other,True,states correct value,False
awps,calc, A pet store had 41 siamese cats and 28 house cats. During a sale they sold 15 c,ok,173,69,68,69,68,-1.0,True,True,True,,False,False,False,False,False,,True,False,False,0,0,no_verified_eqs,not_analyzable,,54,,calculation,False,,False
awps,calc, Paige had 43 math problems and 12 science problems for homework. If she finishe,ok,477,11,10,11,10,-1.0,True,True,True,,False,False,False,False,True,,True,False,False,2,2,eq_rhs,changed,10,11,,copying,False,,True
awps,calc, There were 2 friends playing a video game online when 2 more players joined the,ok,196,12,9,12,9,-3.0,True,True,True,,False,False,False,False,True,,True,False,False,2,2,eq_rhs,changed,9,12,,calculation,True,directly redoes calculation,True
awps,calc, Emily was planting vegetables in her garden. She started with 41 seeds and plan,ok,567,3,1,3,1,-2.0,True,True,True,,False,False,False,False,True,,True,False,False,0,0,no_verified_eqs,not_analyzable,,3,,calculation,True,states correct value,False
awps,calc," A waiter had 9 tables he was waiting on, with 7 women and 3 men at each table. ",ok,143,10,8,10,8,-2.0,True,True,True,,False,False,False,False,False,,True,False,False,0,0,no_verified_eqs,not_analyzable,,90,,calculation,True,states correct value,False
awps,calc, A chef needs to cook 15 potatoes. He has already cooked 6. If each potato takes,ok,173,6,4,6,4,-2.0,True,True,False,,False,False,False,False,False,,False,True,False,2,2,eq_operand,changed,88,72,,copying,True,directly redoes calculation,True
awps,calc, A worksheet had 4 problems on it. If a teacher had 9 worksheets to grade and ha,ok,729,20,17,20,17,-3.0,True,True,False,,False,False,False,False,False,,False,False,False,3,3,eq_operand,changed,19,16,,calculation,True,directly redoes calculation,True
awps,calc," Jerry was helping the cafeteria workers pick up lunch trays, but he could only ",ok,312,2,4,2,4,2.0,True,True,True,,False,False,False,False,True,,False,False,False,0,0,no_verified_eqs,not_analyzable,,2,,copying,True,complete hallucination,False
awps,calc, For the school bake sale Carol made 19 cupcakes. If she sold 6 of them and then,ok,171,40,38,40,38,-2.0,True,True,True,,False,False,False,False,True,,True,False,False,2,2,eq_rhs,changed,38,40,,calculation,False,,True
awps,calc, Faye and her mom were picking carrots from their garden. Faye picked 23 and her,ok,352,16,15,16,15,-1.0,True,True,True,,False,False,False,False,True,,True,False,False,2,2,eq_rhs,changed,15,16,,copying,False,,True
awps,calc, Katie uploaded 30 pictures from her phone and 51 from her camera to facebook. I,ok,159,81,79,81,79,-2.0,True,True,True,,False,False,False,False,False,,True,False,False,2,2,eq_rhs,changed,8.777777778,9,,calculation,True,partial hallucination,True
awps,calc, For Halloween Bianca received 32 pieces of candy. She ate 12 pieces then placed,ok,67,20,18,20,18,-2.0,True,True,True,,False,False,False,False,False,,True,False,False,1,1,eq_rhs,not_analyzable,,4,,calculation,False,,True
awps,calc," Bianca earned 5 points for each bag of cans she recycled. If she had 17 bags, b",ok,195,9,8,9,8,-1.0,True,True,True,,True,True,True,False,False,,True,False,False,2,2,eq_rhs,changed,40,45,,copying,True,states correct value,True
awps,calc, A new building needed 12 windows. The builder had already installed 6 of them. ,ok,321,24,26,24,26,2.0,True,True,True,,False,False,False,False,True,,True,False,False,2,2,eq_rhs,changed,26,24,,calculation,True,states correct value,True
awps,calc, Tiffany had 6 pages of math homework and 4 pages of reading homework. If each p,ok,176,10,11,10,11,1.0,True,True,True,,False,False,False,False,False,,True,False,False,2,2,eq_rhs,changed,33,30,,calculation,True,states correct value,True
awps,calc, Megan was organizing her book case making sure each of the shelves had exactly ,ok,316,14,16,14,16,2.0,True,True,True,,False,False,False,False,False,,True,False,False,3,3,eq_rhs,changed,72,70,,calculation,True,states correct value,True
awps,calc, Nancy was organizing her book case making sure each of the shelves had exactly ,ok,505,48,46,48,46,-2.0,True,True,True,,False,False,False,False,True,,True,False,False,3,3,eq_rhs,changed,46,48,,calculation,False,,True
awps,calc, A pet shelter had 9 puppies when another 12 were brought in. If 3 puppies a day,ok,414,7,9,7,9,2.0,True,True,True,,True,True,True,False,True,,True,False,False,2,2,eq_rhs,changed,9,7,,copying,True,states correct value,False
awps,calc, A new building needed 10 windows. The builder had already installed 6 of them. ,ok,355,20,18,20,18,-2.0,True,True,True,,False,False,False,False,True,,True,False,False,2,2,eq_rhs,changed,18,20,,calculation,True,states correct value,True
awps,calc, Tom bought 40 tickets at the state fair. He spent 28 tickets at the 'dunk a clo,ok,222,12,11,12,11,-1.0,True,True,True,,False,False,False,False,False,,True,False,False,2,2,eq_rhs,changed,2.75,3,,calculation,True,complete hallucination,False
awps,calc, Paul had saved up 3 dollars. If he received another 7 dollars for his allowance,ok,149,10,12,10,12,2.0,True,True,True,,False,False,False,False,False,,True,False,False,2,2,eq_rhs,changed,2.4,2,,calculation,True,partial hallucination,True
awps,calc, A store had 50 oranges in a bin. If they threw away 40 of the old ones and put ,ok,208,34,32,34,32,-2.0,True,True,True,,False,False,False,False,True,,True,False,False,2,2,eq_rhs,changed,32,34,,calculation,True,states correct value,True
awps,calc, Frank had 11 dollars. At the store he spent $3 on a new game. If he got another,ok,84,3,4,3,4,1.0,True,True,False,,False,False,False,False,False,,False,True,False,2,2,eq_operand,changed,21,22,,copying,True,directly redoes calculation,True
awps,calc, Adam bought 2 boxes of chocolate candy and 5 boxes of caramel candy. If each bo,ok,366,20,18,20,18,-2.0,True,True,True,,False,False,False,False,False,,True,False,False,3,3,eq_rhs,changed,26,28,,calculation,True,states correct value,True
awps,calc, Adam bought 13 boxes of chocolate candy and gave 7 to his little brother. If ea,ok,384,36,35,36,35,-1.0,True,True,True,,False,False,False,False,True,,True,False,False,2,2,eq_rhs,changed,35,36,,calculation,True,partial hallucination,True
awps,calc, A waiter had 19 customers to wait on. If 14 customers left and he got another 3,ok,76,5,2,5,2,-3.0,True,True,True,,False,False,False,False,False,,True,False,False,2,2,eq_rhs,changed,38,41,,calculation,True,states correct value,True
awps,calc, Katie had 11 songs on her mp3 player. If she deleted 7 old songs from it and th,ok,80,7,9,7,9,2.0,True,True,False,,False,False,False,False,False,,False,True,False,2,2,eq_operand,changed,26,28,,copying,True,directly redoes calculation,True
awps,calc," While on vacation, Megan took 15 pictures at the zoo and 18 at the museum. If s",ok,396,2,5,2,5,3.0,True,True,True,,False,False,False,False,True,,True,False,False,2,2,eq_rhs,changed,5,2,,calculation,True,states correct value,True
awps,calc, There school's baseball team had 12 new players and 44 returning players. If th,ok,156,56,57,56,57,1.0,True,True,True,,False,False,False,False,False,,True,False,False,0,0,no_verified_eqs,not_analyzable,,7,,calculation,False,,False
awps,calc, Rachel was playing a video game where she scores 9 points for each treasure she,ok,515,63,64,63,64,1.0,True,True,True,,False,False,False,False,True,,True,False,False,3,3,eq_rhs,changed,64,63,,calculation,True,states correct value,True
awps,calc, For Halloween Debby and her sister combined the candy they received. Debby had ,ok,169,74,75,74,75,1.0,True,True,True,,False,False,False,False,False,,True,False,False,2,2,eq_rhs,changed,40,39,,calculation,False,,True
awps,calc, Bianca was planting vegetables in her garden. She started with 52 seeds and pla,ok,529,6,8,6,8,2.0,True,True,True,,False,False,False,False,True,,True,False,False,0,0,no_verified_eqs,not_analyzable,,6,,calculation,True,states correct value,False
awps,calc, Dave bought 12 boxes of chocolate candy and gave 5 to his little brother. If ea,ok,100,7,8,7,8,1.0,True,True,True,,False,False,False,False,False,,True,False,False,2,2,eq_rhs,changed,24,21,,calculation,True,states correct value,True
awps,calc, Carol was playing a trivia game. In the first round she scored 17 points and in,ok,460,7,10,7,10,3.0,True,True,True,,False,False,False,False,True,,True,False,False,0,0,no_verified_eqs,not_analyzable,,7,,calculation,True,states correct value,False
awps,calc, Adam had 5 dollars. At the store he spent $2 on a new game. If he got another 5,ok,82,3,1,3,1,-2.0,True,True,True,,False,False,False,False,False,,True,False,False,2,2,eq_rhs,changed,6,8,,copying,True,states correct value,True
awps,calc, Each chocolate bar in a box cost $4. If a box had 11 bars total and Vanessa sol,ok,263,16,13,16,13,-3.0,True,True,True,,False,False,False,False,True,,True,False,False,2,2,eq_rhs,changed,13,16,,calculation,True,states correct value,True
awps,calc, A pet store had 15 siamese cats and 49 house cats. During a sale they sold 19 c,ok,173,64,61,64,61,-3.0,True,True,True,,False,False,False,False,False,,True,False,False,0,0,no_verified_eqs,not_analyzable,,45,,calculation,True,states correct value,False
awps,calc, Nancy and her mom were picking carrots from their garden. Nancy picked 38 and h,ok,386,71,73,71,73,2.0,True,True,False,,False,False,False,False,False,,False,True,False,2,2,eq_operand,changed,12,14,,copying,True,directly redoes calculation,True
awps,calc, Katie had 85 files on her computer. She deleted 40 of them and put the rest int,ok,75,40,43,40,43,3.0,True,True,False,,False,False,False,False,False,,False,True,False,2,2,eq_operand,changed,8.4,9,,calculation,True,directly redoes calculation,True
awps,calc, Paul made 68 dollars mowing lawns and 13 dollars weed eating. If he only spent ,ok,151,81,83,81,83,2.0,True,True,True,,False,False,False,False,False,,True,False,False,2,2,eq_rhs,changed,9.222222222,9,,calculation,True,partial hallucination,True
awps,calc, Victor was working as a sacker at a grocery store where he made 6 dollars an ho,ok,183,60,58,60,58,-2.0,True,True,True,,False,False,False,False,True,,True,False,False,2,2,eq_rhs,changed,58,60,,calculation,True,states correct value,True
awps,calc, At the schools book fair Sam bought 13 adventure books and 17 mystery books. If,ok,177,30,29,30,29,-1.0,True,True,True,,False,False,False,False,False,,True,False,False,2,2,eq_rhs,changed,14,15,,calculation,False,,True
awps,calc, Olivia was making baggies of cookies with 9 cookies in each bag. If she had 13 ,ok,391,6,5,6,5,-1.0,True,True,True,,False,False,False,False,True,,True,False,False,2,2,eq_rhs,changed,5,6,,calculation,True,complete hallucination,False
awps,calc, There were 16 friends playing a video game online when 7 players quit. If each ,ok,172,7,10,7,10,3.0,True,True,False,,False,False,False,False,False,,False,True,False,2,2,eq_operand,changed,48,72,,copying,True,directly redoes calculation,True
awps,calc," A pet store has 8 bird cages. If each cage has 2 parrots and 7 parakeets in it,",ok,139,9,11,9,11,2.0,True,True,True,,False,False,False,False,False,,True,False,False,2,2,eq_rhs,changed,88,72,,calculation,False,,True
awps,calc," While on vacation, Nancy took 49 pictures at the zoo and 8 at the museum. If sh",ok,192,19,20,19,20,1.0,True,True,True,,False,False,False,False,True,,True,False,False,2,2,eq_rhs,changed,20,19,,calculation,True,states correct value,True
awps,calc, A store had 40 oranges in a bin. If they threw away 25 of the old ones and put ,ok,165,36,33,36,33,-3.0,True,True,True,,False,False,False,False,True,,True,False,False,2,2,eq_rhs,changed,33,36,,calculation,True,states correct value,False
awps,calc," A book store had 41 books in the bargin bin. If they sold 33 books, but then pu",ok,59,8,11,8,11,3.0,True,True,True,,False,False,False,False,False,,True,False,False,2,2,eq_rhs,changed,13,10,,calculation,True,states correct value,False
awps,calc," Edward earned 9 dollars for each lawn he mowed. If he had 6 lawns to mow, but f",ok,37,2,3,2,3,1.0,True,True,False,,False,False,False,False,False,,False,True,False,2,2,eq_operand,changed,27,36,,copying,True,complete hallucination,True
awps,calc, Paul made 3 dollars mowing lawns and 3 dollars weed eating. If he only spent 3 ,ok,181,2,1,2,1,-1.0,True,True,True,,False,False,False,False,True,,True,False,False,2,2,eq_rhs,changed,1,2,,calculation,True,directly redoes calculation,True
awps,calc, Debby's class is going on a field trip to the zoo. If each van can hold 4 peopl,ok,137,8,9,8,9,1.0,True,True,True,,False,False,False,False,False,,True,False,False,2,2,eq_rhs,changed,2.25,2,,calculation,True,states correct value,True
awps,calc, Gwen bought two coloring books. One had 10 pictures and the other had 39. After,ok,375,36,35,36,35,-1.0,True,True,True,,False,False,False,False,True,,True,False,False,2,2,eq_rhs,changed,35,36,,calculation,False,,True
awps,calc, The school cafeteria ordered 43 red apples and 32 green apples for students lun,ok,541,73,71,73,71,-2.0,True,True,True,,False,False,False,False,True,,True,False,False,0,0,no_verified_eqs,not_analyzable,,73,,calculation,False,,False
awps,calc, A pet store had 19 siamese cats and 45 house cats. During a sale they sold 56 c,ok,173,64,66,64,66,2.0,True,True,True,,False,False,False,False,False,,True,False,False,0,0,no_verified_eqs,not_analyzable,,8,,calculation,True,directly redoes calculation,False
awps,calc, A magician was selling magic card decks for 5 dollars each. If he started with ,ok,129,9,6,9,6,-3.0,True,True,True,,False,False,False,False,False,,True,False,False,2,2,eq_rhs,changed,30,45,,calculation,True,states correct value,True
awps,calc, A pet store had 13 puppies. In one day they sold 7 of them and put the rest int,ok,463,3,1,3,1,-2.0,True,True,True,,False,False,False,False,True,,True,False,False,0,0,no_verified_eqs,not_analyzable,,3,,calculation,True,states correct value,False
awps,calc, A new building needed 9 windows. The builder had already installed 6 of them. I,ok,368,18,20,18,20,2.0,True,True,True,,False,False,False,False,True,,True,False,False,2,2,eq_rhs,changed,20,18,,calculation,True,states correct value,True
awps,calc, There were 4 friends playing a video game online when 5 more players joined the,ok,130,9,12,9,12,3.0,True,True,True,,False,False,False,False,False,,True,False,False,2,2,eq_rhs,changed,36,27,,calculation,True,states correct value,True
awps,calc, For the school bake sale Katie made pastries. She baked 7 cupcakes and 5 cookie,ok,128,12,14,12,14,2.0,True,True,True,,False,False,False,False,False,,True,False,False,2,2,eq_rhs,changed,6,4,,calculation,True,states correct value,True
awps,calc, The cafeteria had 50 apples. For lunch they handed out 5 to students and decide,ok,116,45,47,45,47,2.0,True,True,True,,False,False,False,False,False,,True,False,False,0,0,no_verified_eqs,not_analyzable,,9,,calculation,True,explicitly identifies error,False
awps,calc, Roger had 25 books. If he sold 21 of them and used the money he earned to buy 3,ok,68,4,2,4,2,-2.0,True,True,True,,False,False,False,False,False,,True,False,False,2,2,eq_rhs,changed,32,34,,calculation,True,states correct value,True
awps,calc, Luke had 48 dollars in January. By March he had spent 11 dollars. If he got ano,ok,129,37,38,37,38,1.0,True,True,True,,False,False,False,False,False,,True,False,False,2,2,eq_rhs,changed,59,58,,calculation,False,,False
awps,calc, For Halloween Janet and her sister combined the candy they received. Janet had ,ok,179,67,69,67,69,2.0,True,True,True,,False,False,False,False,False,,True,False,False,2,2,eq_rhs,changed,65,63,,calculation,False,,True
awps,calc," Will had 83 dollars. If he spent 47 bucks on a new game, how many 4 dollar toys",ok,207,36,35,36,35,-1.0,True,True,True,,False,False,False,False,False,,True,False,False,0,0,no_verified_eqs,not_analyzable,,9,,calculation,False,,False
awps,calc," Henry earned 5 dollars for each lawn he mowed. If he had 12 lawns to mow, but f",ok,143,7,8,7,8,1.0,True,True,False,,False,False,False,False,False,,False,True,False,2,2,eq_operand,changed,16,25,,copying,True,directly redoes calculation,True
awps,calc, April's discount flowers was having a sale where each flower was 3 dollars. If ,ok,70,4,3,4,3,-1.0,True,True,True,,True,False,True,False,False,,True,False,False,2,2,eq_rhs,changed,9,12,,calculation,True,states correct value,True
awps,calc," A trivia team had 9 members total, but during a game 3 members didn't show up. ",ok,143,6,9,6,9,3.0,True,True,True,,True,True,True,False,False,,True,False,False,2,2,eq_rhs,changed,18,12,,calculation,True,states correct value,True
awps,calc, Isabel uploaded 2 pictures from her phone and 4 from her camera to facebook. If,ok,152,6,8,6,8,2.0,True,True,True,,False,False,False,False,False,,True,False,False,2,2,eq_rhs,changed,2.666666667,2,,calculation,False,,True
awps,calc, Edward made 37 dollars mowing lawns over the summer. If he spent 21 dollars buy,ok,178,16,13,16,13,-3.0,True,True,True,,False,False,False,False,False,,True,False,False,2,2,eq_rhs,changed,6.5,8,,calculation,False,,False
awps,calc," Luke was helping the cafeteria workers pick up lunch trays, but he could only c",ok,221,5,2,5,2,-3.0,True,True,True,,False,False,False,False,False,,True,False,False,0,0,no_verified_eqs,not_analyzable,,9,,calculation,True,states correct value,False
awps,calc, Rachel bought 7 new chairs and 3 new tables for her house. If she spent 4 minut,ok,433,40,39,40,39,-1.0,True,True,True,,False,False,False,False,True,,True,False,False,2,2,eq_rhs,changed,39,40,,calculation,True,states correct value,True
awps,calc," While playing a trivia game, Adam answered 5 questions correct in the first hal",ok,77,25,24,25,24,-1.0,True,True,True,,False,False,False,False,False,,True,False,False,3,3,eq_rhs,changed,48,50,,calculation,True,states correct value,True
awps,calc, A pet store had 12 siamese cats and 20 house cats. During a sale they sold 20 c,ok,173,32,34,32,34,2.0,True,True,True,,False,False,False,False,False,,True,False,False,0,0,no_verified_eqs,not_analyzable,,12,,calculation,True,directly redoes calculation,False
awps,calc, Maria bought 2 new chairs and 2 new tables for her house. If she spent 8 minute,ok,173,32,29,32,29,-3.0,True,True,True,,False,False,False,False,True,,True,False,False,2,2,eq_rhs,changed,29,32,,calculation,True,states correct value,True
awps,calc, At the fair Adam bought 13 tickets. After riding the ferris wheel he had 4 tick,ok,335,81,83,81,83,2.0,True,True,True,,False,False,False,False,True,,True,False,False,2,2,eq_rhs,changed,83,81,,calculation,True,states correct value,True
awps,calc, A store had 27 coloring books in stock. They ended up putting them on sale and ,ok,479,3,2,3,2,-1.0,True,True,True,,False,False,False,False,True,,True,False,False,2,2,eq_rhs,changed,2,3,,calculation,True,states correct value,False
awps,calc, Haley and her mom were picking carrots from their garden. Haley picked 39 and h,ok,387,13,10,13,10,-3.0,True,True,True,,False,False,False,False,True,,True,False,False,2,2,eq_rhs,changed,10,13,,calculation,True,partial hallucination,True
awps,calc," Roger had 68 dollars. If he spent 47 bucks on a new game, how many 7 dollar toy",ok,209,21,22,21,22,1.0,True,True,True,,False,False,False,False,False,,True,False,False,0,0,no_verified_eqs,not_analyzable,,3,,calculation,True,explicitly identifies error,False
awps,calc, Jerry is at the library helping put away books. There are 34 book to put away t,ok,428,9,12,9,12,3.0,True,True,True,,False,False,False,False,True,,True,False,False,1,1,after_last_eq,not_analyzable,,9,,calculation,True,states correct value,False
awps,calc," Megan baked 71 cupcakes for her school's bake sale. If her brother, Todd, ate 4",ok,296,4,6,4,6,2.0,True,True,True,,False,False,False,False,True,,True,False,False,2,2,eq_rhs,changed,6,4,,calculation,True,states correct value,False
awps,calc, Zoe had 15 songs on her mp3 player. If she deleted 8 old songs from it and then,ok,78,8,6,8,6,-2.0,True,True,False,,False,False,False,False,False,,False,True,False,2,2,eq_operand,changed,59,57,,copying,True,directly redoes calculation,True
awps,calc, Wendy was playing a video game where she scores 5 points for each treasure she ,ok,394,35,36,35,36,1.0,True,True,True,,False,False,False,False,True,,True,False,False,3,3,eq_rhs,changed,36,35,,calculation,True,states correct value,True
awps,calc, A pet store had 64 puppies. In one day they sold 28 of them and put the rest in,ok,137,36,39,36,39,3.0,True,True,True,,False,False,False,False,False,,True,False,False,2,2,eq_rhs,changed,9.75,9,,calculation,True,complete hallucination,False
awps,calc," While on vacation, Haley took 50 pictures at the zoo and 8 at the museum. If sh",ok,393,20,19,20,19,-1.0,True,True,True,,False,False,False,False,True,,True,False,False,2,2,eq_rhs,changed,19,20,,calculation,True,states correct value,True
awps,calc, The school cafeteria had 14 apples. If they used 13 to make lunch for the stude,ok,179,50,52,50,52,2.0,True,True,True,,False,False,False,False,True,,True,False,False,2,2,eq_rhs,changed,52,50,,calculation,False,,True
awps,calc, A chef needs to cook 9 potatoes. He has already cooked 7. If each potato takes ,ok,166,2,4,2,4,2.0,True,True,True,,False,False,False,False,False,,True,False,False,2,2,eq_rhs,changed,12,6,,calculation,True,states correct value,False
awps,calc, There were 5 friends playing a video game online when 2 more players joined the,ok,258,56,58,56,58,2.0,True,True,True,,False,False,False,False,True,,True,False,False,2,2,eq_rhs,changed,58,56,,calculation,True,directly redoes calculation,True
awps,calc, Luke was organizing his baseball cards in a binder with 3 on each page. If he h,ok,338,4,2,4,2,-2.0,True,True,True,,False,False,False,False,True,,True,False,False,2,2,eq_rhs,changed,2,4,,calculation,True,states correct value,True
awps,calc, Carol and her mom were picking carrots from their garden. Carol picked 29 and h,ok,179,45,42,45,42,-3.0,True,True,True,,False,False,False,False,False,,True,False,False,2,2,eq_rhs,changed,4,7,,calculation,True,states correct value,True
awps,calc, Debby's class is going on a field trip to the zoo. If each van can hold 9 peopl,ok,400,6,4,6,4,-2.0,True,True,True,,False,False,False,False,True,,True,False,False,2,2,eq_rhs,changed,4,6,,calculation,True,directly redoes calculation,True
awps,calc," Gwen earned 8 points for each bag of cans she recycled. If she had 4 bags, but ",ok,308,16,15,16,15,-1.0,True,True,True,,False,False,False,False,True,,True,False,False,2,2,eq_rhs,changed,15,16,,calculation,True,states correct value,True
awps,calc, Kaleb had saved up 21 dollars. If he received another 15 dollars for his allowa,ok,165,36,33,36,33,-3.0,True,True,True,,False,False,False,False,False,,True,False,False,2,2,eq_rhs,changed,5.5,6,,calculation,False,,True
awps,calc, Tom had to wash 10 short sleeve shirts and 25 long sleeve shirts before school.,ok,191,35,37,35,37,2.0,True,True,True,,False,False,False,False,False,,True,False,False,2,2,eq_rhs,changed,32,30,,calculation,False,,True
awps,calc, The cafeteria had 47 apples. For lunch they handed out 27 to students and decid,ok,127,20,17,20,17,-3.0,True,True,True,,False,False,False,False,False,,True,False,False,2,2,eq_rhs,changed,4.25,5,,calculation,False,,False
awps,calc, Oliver had to wash 39 short sleeve shirts and 47 long sleeve shirts before scho,ok,194,86,85,86,85,-1.0,True,True,True,,False,False,False,False,False,,True,False,False,2,2,eq_rhs,changed,65,66,,calculation,False,,True
awps,calc, Emily bought 4 new chairs and 2 new tables for her house. If she spent 8 minute,ok,141,6,9,6,9,3.0,True,True,True,,False,False,False,False,False,,True,False,False,2,2,eq_rhs,changed,72,48,,calculation,True,states correct value,True
awps,calc," While playing a trivia game, Mike answered 3 questions correct in the first hal",ok,201,8,10,8,10,2.0,True,True,True,,False,False,False,False,False,,True,False,False,2,2,eq_rhs,changed,30,24,,calculation,True,states correct value,True
awps,calc, Faye had 46 math problems and 9 science problems for homework. If she finished ,ok,194,55,57,55,57,2.0,True,True,True,,False,False,False,False,False,,True,False,False,2,2,eq_rhs,changed,17,15,,calculation,False,,True
awps,calc, Kaleb had 34 books. If he sold 17 of them and used the money he earned to buy 7,ok,161,24,27,24,27,3.0,True,True,True,,False,False,False,False,True,,True,False,False,2,2,eq_rhs,changed,27,24,,calculation,True,states correct value,True
awps,calc, For the school bake sale Katie made 26 cupcakes. If she sold 20 of them and the,ok,78,20,18,20,18,-2.0,True,True,False,,False,False,False,False,False,,False,True,False,2,2,eq_operand,unchanged,26,26,,copying,True,directly redoes calculation,True
awps,calc, Zoe had 42 bottles of water in her fridge. If she drank 25 of them and then bou,ok,64,25,28,25,28,3.0,True,True,False,,False,False,False,False,False,,False,True,False,2,2,eq_operand,changed,44,47,,copying,True,directly redoes calculation,True
awps,calc, Chloe was organizing her book case making sure each of the shelves had exactly ,ok,175,30,31,30,31,1.0,True,True,True,,False,False,False,False,False,,True,False,False,3,3,eq_rhs,changed,55,54,,calculation,True,states correct value,True
awps,calc," In a video game, each enemy defeated gives you 8 points. If a level has 7 enemi",ok,113,40,42,40,42,2.0,True,True,True,,False,False,False,False,True,,True,False,False,2,2,eq_rhs,changed,42,40,,calculation,False,,True
awps,calc," While playing at the arcade, Luke won 2 tickets playing 'whack a mole' and 13 t",ok,389,5,7,5,7,2.0,True,True,True,,False,False,False,False,True,,True,False,False,2,2,eq_rhs,changed,7,5,,calculation,True,states correct value,True
awps,calc, At Billy's Restaurant a group with 2 adults and 5 children came in to eat. If e,ok,322,21,18,21,18,-3.0,True,True,True,,False,False,False,False,True,,True,False,False,2,2,eq_rhs,changed,18,21,,calculation,True,states correct value,True
awps,calc, At a company picnic 9 managers and 15 employees decided to start a game of voll,ok,304,3,4,3,4,1.0,True,True,True,,False,False,False,False,True,,True,False,False,1,1,after_last_eq,not_analyzable,,3,,calculation,True,states correct value,False
awps,calc, Faye was playing a video game where she scores 7 points for each treasure she f,ok,314,56,54,56,54,-2.0,True,True,True,,False,False,False,False,True,,True,False,False,3,3,eq_rhs,changed,54,56,,calculation,False,,True
awps,calc," Roger earned 9 dollars for each lawn he mowed. If he had 14 lawns to mow, but f",ok,143,8,7,8,7,-1.0,True,True,False,,False,False,False,False,False,,False,True,False,2,2,eq_operand,changed,63,54,,copying,True,complete hallucination,True
awps,calc, At the arcade Dave won 11 tickets. If he spent 5 tickets on a beanie and later ,ok,92,5,7,5,7,2.0,True,True,False,,False,False,False,False,False,,False,True,False,2,2,eq_operand,changed,14,16,,copying,True,directly redoes calculation,True
awps,calc, Billy was organizing his baseball cards in a binder with 5 on each page. If he ,ok,377,9,7,9,7,-2.0,True,True,True,,False,False,False,False,True,,True,False,False,2,2,eq_rhs,changed,7,9,,calculation,True,states correct value,True
awps,calc, April's discount flowers was having a sale where each flower was 3 dollars. If ,ok,73,15,16,15,16,1.0,True,True,True,,False,False,False,False,False,,True,False,False,3,3,eq_rhs,changed,28,27,,calculation,True,states correct value,True
awps,calc, Edward was trying to expand his game collection. He bought 41 games from a frie,ok,245,31,30,31,30,-1.0,True,True,False,,False,False,False,False,False,,False,True,False,2,2,eq_operand,changed,25,24,,copying,True,directly redoes calculation,True
awps,calc, Mike made 101 dollars mowing lawns over the summer. If he spent 47 dollars buyi,ok,177,54,56,54,56,2.0,True,True,True,,False,False,False,False,False,,True,False,False,2,2,eq_rhs,changed,9.333333333,9,,calculation,True,explicitly identifies error,False
awps,calc," While on vacation, Debby took 24 pictures at the zoo and 12 at the museum. If s",ok,192,14,11,14,11,-3.0,True,True,False,,False,False,False,False,False,,False,True,False,2,2,eq_operand,changed,25,22,,copying,True,directly redoes calculation,True
awps,calc, Megan had 40 homework problems. She finished 26 of them but still had 2 pages o,ok,154,26,25,26,25,-1.0,True,True,False,,False,False,False,False,False,,False,True,False,2,2,eq_operand,changed,7.5,7,,copying,True,complete hallucination,True
awps,calc, Bianca had 34 songs on her mp3 player. If she deleted 14 old songs from it and ,ok,168,64,62,64,62,-2.0,True,True,True,,False,False,False,False,True,,True,False,False,2,2,eq_rhs,changed,62,64,,calculation,False,,True
awps,calc, There were 8 friends playing a video game online when 2 more players joined the,ok,128,10,9,10,9,-1.0,True,True,True,,False,False,False,False,False,,True,False,False,2,2,eq_rhs,changed,54,60,,calculation,True,states correct value,True
awps,calc, For Halloween Emily received 54 pieces of candy. She ate 33 pieces then placed ,ok,137,21,19,21,19,-2.0,True,True,True,,False,False,False,False,False,,True,False,False,2,2,eq_rhs,changed,2.714285714,3,,calculation,False,,False
awps,calc, A pet store had 38 siamese cats and 25 house cats. During a sale they sold 45 c,ok,353,18,15,18,15,-3.0,True,True,True,,False,False,False,False,True,,True,False,False,0,0,no_verified_eqs,not_analyzable,,18,,calculation,True,states correct value,False
awps,calc," Megan baked 68 cupcakes for her school's bake sale. If her brother, Todd, ate 3",ok,118,36,38,36,38,2.0,True,True,True,,False,False,False,False,False,,True,False,False,2,2,eq_rhs,changed,6.333333333,6,,calculation,True,explicitly identifies error,False
awps,calc, Roger was putting his spare change into piles. He had 3 piles of quarters and 3,ok,172,42,41,42,41,-1.0,True,True,True,,False,False,False,False,True,,True,False,False,2,2,eq_rhs,changed,41,42,,calculation,True,directly redoes calculation,True
awps,calc, There were 13 friends playing a video game online when 8 players quit. If each ,ok,414,30,33,30,33,3.0,True,True,True,,False,False,False,False,True,,True,False,False,0,0,no_verified_eqs,not_analyzable,,30,,calculation,True,states correct value,False
awps,calc, A new building needed 11 windows. The builder had already installed 4 of them. ,ok,198,7,9,7,9,2.0,True,True,True,,False,False,False,False,False,,True,False,False,2,2,eq_rhs,changed,72,56,,calculation,True,states correct value,False
awps,calc, Gwen was organizing her book case making sure each of the shelves had exactly 9,ok,488,72,73,72,73,1.0,True,True,True,,False,False,False,False,True,,True,False,False,3,3,eq_rhs,changed,73,72,,calculation,False,,True
awps,calc," Katie baked 18 cupcakes for her school's bake sale. If her brother, Todd, ate 8",ok,343,5,7,5,7,2.0,True,True,True,,False,False,False,False,True,,True,False,False,2,2,eq_rhs,changed,7,5,,calculation,True,directly redoes calculation,False
awps,calc, A waiter had 14 customers to wait on. If 3 customers left and he got another 39,ok,160,50,49,50,49,-1.0,True,True,True,,False,False,False,False,True,,True,False,False,2,2,eq_rhs,changed,49,50,,calculation,False,,True
awps,calc," Emily had 7 coloring books. If she gave away 2 of them, but then bought 14 more",ok,161,19,22,19,22,3.0,True,True,True,,False,False,False,False,True,,True,False,False,2,2,eq_rhs,changed,22,19,,calculation,True,states correct value,True
awps,calc, Henry had 11 dollars. For his birthday he got 18 more dollars but spent 10 on a,ok,195,10,7,10,7,-3.0,True,True,False,,False,False,False,False,False,,False,True,False,2,2,eq_operand,changed,22,19,,copying,True,directly redoes calculation,True
awps,calc, John was trying to expand his game collection. He bought 21 games from a friend,ok,112,29,32,29,32,3.0,True,True,True,,False,False,False,False,False,,True,False,False,2,2,eq_rhs,changed,9,6,,calculation,True,states correct value,True
awps,calc, There were 10 friends playing a video game online when 7 players quit. If each ,ok,196,3,0,3,0,-3.0,True,True,True,,False,False,False,False,False,,True,False,False,0,0,no_verified_eqs,not_analyzable,,24,,calculation,True,states correct value,False
awps,calc, Mike made 42 dollars mowing lawns over the summer. If he spent 10 dollars buyin,ok,208,32,29,32,29,-3.0,True,True,True,,False,False,False,False,False,,True,False,False,0,0,no_verified_eqs,not_analyzable,,4,,calculation,True,states correct value,False
awps,calc, A painter needed to paint 9 rooms in a building. Each room takes 8 hours to pai,ok,128,4,3,4,3,-1.0,True,True,True,,False,False,False,False,False,,True,False,False,2,2,eq_rhs,changed,24,32,,calculation,True,states correct value,True
awps,calc, Wendy uploaded 22 pictures from her phone and 2 from her camera to facebook. If,ok,163,24,26,24,26,2.0,True,True,True,,False,False,False,False,False,,True,False,False,2,2,eq_rhs,changed,6.5,6,,calculation,True,states correct value,True
awps,calc, Mike made 14 dollars mowing lawns and 26 dollars weed eating. If he only spent ,ok,387,8,7,8,7,-1.0,True,True,True,,False,False,False,False,True,,True,False,False,2,2,eq_rhs,changed,7,8,,calculation,True,states correct value,True
awps,calc, A painter needed to paint 10 rooms in a building. Each room takes 8 hours to pa,ok,228,16,18,16,18,2.0,True,True,True,,False,False,False,False,True,,True,False,False,2,2,eq_rhs,changed,18,16,,calculation,True,states correct value,True
awps,calc, Gwen had 18 math problems and 11 science problems for homework. If she finished,ok,171,29,27,29,27,-2.0,True,True,True,,False,False,False,False,False,,True,False,False,2,2,eq_rhs,changed,3,5,,calculation,True,complete hallucination,False
awps,calc, Amy had 4 music files and 21 video files on her flash drive. If she deleted 23 ,ok,180,25,28,25,28,3.0,True,True,True,,False,False,False,False,False,,True,False,False,2,2,eq_rhs,changed,5,2,,calculation,True,states correct value,True
awps,calc, In fourth grade there were 11 students at the start of the year. During the yea,ok,93,5,7,5,7,2.0,True,True,True,,False,False,False,False,False,,True,False,False,2,2,eq_rhs,changed,49,47,,calculation,True,states correct value,False
awps,calc," While playing a trivia game, Adam answered 8 questions correct in the first hal",ok,201,10,12,10,12,2.0,True,True,True,,False,False,False,False,False,,True,False,False,2,2,eq_rhs,changed,96,80,,calculation,True,states correct value,True
awps,calc, There school's baseball team had 2 new players and 6 returning players. If the ,ok,194,8,9,8,9,1.0,True,True,True,,False,False,False,False,False,,True,False,False,0,0,no_verified_eqs,not_analyzable,,2,,calculation,True,states correct value,False
awps,calc, In fourth grade there were 35 students at the start of the year. During the yea,ok,95,25,22,25,22,-3.0,True,True,True,,False,False,False,False,False,,True,False,False,2,2,eq_rhs,changed,32,35,,calculation,True,directly redoes calculation,False
awps,calc, Vanessa and her mom were picking carrots from their garden. Vanessa picked 17 a,ok,358,7,8,7,8,1.0,True,True,True,,False,False,False,False,True,,True,False,False,2,2,eq_rhs,changed,8,7,,calculation,True,states correct value,True
awps,calc, In fourth grade there were 31 students at the start of the year. During the yea,ok,92,26,27,26,27,1.0,True,True,True,,False,False,False,False,False,,True,False,False,2,2,eq_rhs,changed,38,37,,calculation,False,,False
awps,calc, Haley picked 28 carrots from her garden. If she threw out 11 of them and then p,ok,79,17,15,17,15,-2.0,True,True,True,,False,False,False,False,False,,True,False,False,2,2,eq_rhs,changed,24,26,,calculation,True,states correct value,True
awps,calc, The schools debate team had 26 boys and 46 girls on it. If they were split into,ok,292,8,7,8,7,-1.0,True,True,True,,False,False,False,False,True,,True,False,False,0,0,no_verified_eqs,not_analyzable,,8,,calculation,True,complete hallucination,False
awps,calc, Bianca picked 39 tulips and 49 roses to make flower bouquets. If she only used ,ok,153,88,89,88,89,1.0,True,True,True,,False,False,False,False,False,,True,False,False,0,0,no_verified_eqs,not_analyzable,,7,,calculation,False,,False
awps,calc, There were 8 friends playing a video game online when 5 players quit. If each p,ok,195,3,6,3,6,3.0,True,True,True,,False,False,False,False,False,,True,False,False,0,0,no_verified_eqs,not_analyzable,,15,,calculation,True,states correct value,False
awps,calc, Cody had 45 dollars. For his birthday he got 9 more dollars but spent 19 on a n,ok,95,54,56,54,56,2.0,True,True,True,,False,False,False,False,False,,True,False,False,2,2,eq_rhs,changed,37,35,,calculation,True,states correct value,True
awps,calc, Faye was selling her necklaces at a garage sale. She sold 3 bead necklaces and ,ok,143,10,13,10,13,3.0,True,True,True,,False,False,False,False,False,,True,False,False,2,2,eq_rhs,changed,91,70,,calculation,True,states correct value,True
awps,calc," Jerry had 7 action figures, but needed 16 total for a complete collection. If e",ok,518,72,74,72,74,2.0,True,True,True,,False,False,False,False,True,,True,False,False,0,0,no_verified_eqs,not_analyzable,,72,,calculation,True,directly redoes calculation,False
awps,calc, A store had 31 oranges in a bin. If they threw away 9 of the old ones and put 3,ok,72,22,20,22,20,-2.0,True,True,True,,False,False,False,False,False,,True,False,False,2,2,eq_rhs,changed,58,60,,calculation,False,,False
awps,calc, A chef needs to cook 15 potatoes. He has already cooked 8. If each potato takes,ok,321,63,64,63,64,1.0,True,True,True,,False,False,False,False,True,,True,False,False,2,2,eq_rhs,changed,64,63,,calculation,True,states correct value,True
awps,calc, The schools debate team had 11 boys and 45 girls on it. If they were split into,ok,292,8,10,8,10,2.0,True,True,True,,False,False,False,False,True,,True,False,False,0,0,no_verified_eqs,not_analyzable,,8,,calculation,True,complete hallucination,False
awps,calc, The cafeteria had 96 apples. For lunch they handed out 42 to students and decid,ok,128,54,55,54,55,1.0,True,True,True,,False,False,False,False,False,,True,False,False,2,2,eq_rhs,changed,9.166666667,9,,calculation,True,complete hallucination,False
awps,calc, Amy had 26 music files and 36 video files on her flash drive. If she deleted 48,ok,401,14,12,14,12,-2.0,True,True,True,,False,False,False,False,True,,True,False,False,2,2,eq_rhs,changed,12,14,,calculation,True,states correct value,True
awps,calc, A store had 120 coloring books in stock. They ended up putting them on sale and,ok,216,81,83,81,83,2.0,True,True,True,,False,False,False,False,False,,True,False,False,2,2,eq_rhs,changed,9.222222222,9,,calculation,True,states correct value,True
awps,calc, Will bought 7 boxes of chocolate candy and gave 3 to his little brother. If eac,ok,370,12,10,12,10,-2.0,True,True,False,,False,False,False,False,False,,False,False,False,3,3,eq_operand,changed,18,16,,copying,True,directly redoes calculation,True
awps,calc, At the arcade Cody won 49 tickets. If he spent 25 tickets on a beanie and later,ok,86,24,25,24,25,1.0,True,True,True,,True,True,True,False,False,,True,False,False,2,2,eq_rhs,changed,31,30,,calculation,True,states correct value,False
awps,calc, Robin had 30 songs on her mp3 player. If she deleted 8 old songs from it and th,ok,142,32,34,32,34,2.0,True,True,True,,False,False,False,False,True,,True,False,False,2,2,eq_rhs,changed,34,32,,calculation,True,directly redoes calculation,True
awps,calc," While shopping for music online, Isabel bought 6 country albums and 2 pop album",ok,378,72,69,72,69,-3.0,True,True,True,,False,False,False,False,True,,True,False,False,2,2,eq_rhs,changed,69,72,,calculation,True,states correct value,True
awps,calc, Will was working as a sacker at a grocery store where he made 8 dollars an hour,ok,85,64,62,64,62,-2.0,True,True,True,,False,False,False,False,False,,True,False,False,3,3,eq_rhs,changed,78,80,,calculation,True,partial hallucination,True
awps,calc, A pet store had 81 puppies. In one day they sold 41 of them and put the rest in,ok,297,5,3,5,3,-2.0,True,True,True,,False,False,False,False,True,,True,False,False,2,2,eq_rhs,changed,3,5,,calculation,True,states correct value,False
awps,calc, Megan's class is going on a field trip to the zoo. If each van can hold 5 peopl,ok,140,30,27,30,27,-3.0,True,True,True,,False,False,False,False,False,,True,False,False,2,2,eq_rhs,changed,5.4,6,,calculation,True,states correct value,True
awps,calc, Victor and his friend were buying trick decks from the magic shop for 8 dollars,ok,353,64,66,64,66,2.0,True,True,True,,False,False,False,False,True,,True,False,False,2,2,eq_rhs,changed,66,64,,calculation,True,partial hallucination,True
awps,calc, The school cafeteria had 12 apples. If they used 8 to make lunch for the studen,ok,177,23,20,23,20,-3.0,True,True,True,,False,False,False,False,True,,True,False,False,2,2,eq_rhs,changed,20,23,,calculation,True,states correct value,True
awps,calc, Ned was trying to expand his game collection. He bought 11 games from a friend ,ok,245,14,17,14,17,3.0,True,True,True,,False,False,False,False,True,,True,False,False,2,2,eq_rhs,changed,17,14,,calculation,True,states correct value,True
awps,calc," A florist had 50 roses. If she sold 15 of them and then later picked 21 more, h",ok,60,15,12,15,12,-3.0,True,True,False,,False,False,False,False,False,,False,True,False,2,2,eq_operand,changed,59,56,,copying,True,directly redoes calculation,True
awps,calc," Jerry had 60 pieces of clothing to wash. He put 40 of them in one load, but dec",ok,189,20,17,20,17,-3.0,True,True,True,,False,False,False,False,False,,True,False,False,2,2,eq_rhs,changed,3.4,4,,calculation,True,states correct value,False
awps,calc, Olivia was playing a video game where she scores 8 points for each treasure she,ok,307,32,31,32,31,-1.0,True,True,True,,False,False,False,False,True,,True,False,False,3,3,eq_rhs,changed,31,32,,calculation,True,states correct value,True
awps,calc, Wendy had 82 files on her computer. She deleted 37 of them and put the rest int,ok,75,37,40,37,40,3.0,True,True,False,,False,False,False,False,False,,False,True,False,2,2,eq_operand,changed,8.4,9,,copying,True,complete hallucination,True
awps,calc," While playing at the arcade, Ned won 26 tickets playing 'whack a mole' and 19 t",ok,326,5,6,5,6,1.0,True,True,True,,False,False,False,False,True,,True,False,False,2,2,eq_rhs,changed,6,5,,calculation,True,states correct value,True
awps,calc," While on vacation, Rachel took 6 pictures at the zoo and 9 at the museum. If sh",ok,190,4,5,4,5,1.0,True,True,True,,False,False,False,False,True,,True,False,False,2,2,eq_rhs,changed,5,4,,calculation,True,states correct value,True
awps,calc, The school cafeteria ordered 37 red apples and 45 green apples for students lun,ok,195,82,83,82,83,1.0,True,True,True,,False,False,False,False,False,,True,False,False,0,0,no_verified_eqs,not_analyzable,,31,,calculation,False,,False
awps,calc, Lana was unboxing some of her old winter clothes. She found 3 boxes of clothing,ok,334,21,20,21,20,-1.0,True,True,True,,False,False,False,False,True,,True,False,False,2,2,eq_rhs,changed,20,21,,calculation,True,partial hallucination,True
awps,calc, There school's baseball team had 31 new players and 4 returning players. If the,ok,290,5,7,5,7,2.0,True,True,True,,True,True,True,False,True,,True,False,False,0,0,no_verified_eqs,not_analyzable,,5,,calculation,True,states correct value,False
awps,calc, A magician was selling magic card decks for 2 dollars each. If he started with ,ok,180,4,2,4,2,-2.0,True,True,True,,True,True,True,False,True,,True,False,False,2,2,eq_rhs,changed,2,4,,calculation,True,states correct value,True
awps,calc, April's discount flowers was having a sale where each rose was 4 dollars. If Ap,ok,122,4,2,4,2,-2.0,True,True,False,,False,False,False,False,False,,False,True,False,2,2,eq_operand,changed,22,36,,copying,True,complete hallucination,True
awps,calc, Roger is at the library helping put away books. There are 14 book to put away t,ok,190,12,9,12,9,-3.0,True,True,True,,False,False,False,False,False,,True,False,False,0,0,no_verified_eqs,not_analyzable,,4,,calculation,True,states correct value,False
awps,calc," A waiter had 9 tables he was waiting on, with 4 women and 3 men at each table. ",ok,138,7,8,7,8,1.0,True,True,True,,False,False,False,False,False,,True,False,False,2,2,eq_rhs,changed,72,63,,calculation,False,,True
awps,calc, For Halloween Katie and her sister combined the candy they received. Katie had ,ok,190,31,33,31,33,2.0,True,True,True,,False,False,False,False,False,,True,False,False,2,2,eq_rhs,changed,25,23,,calculation,True,states correct value,True
awps,calc, Zoe bought two coloring books. One had 44 pictures and the other had 44. After ,ok,150,88,87,88,87,-1.0,True,True,True,,False,False,False,False,False,,True,False,False,2,2,eq_rhs,changed,67,68,,calculation,True,explicitly identifies error,False
awps,calc, Kaleb was collecting cans for recycling. On Saturday he filled 4 bags up and on,ok,142,10,7,10,7,-3.0,True,True,True,,False,False,False,False,False,,True,False,False,2,2,eq_rhs,changed,28,40,,calculation,True,states correct value,True
awps,calc, Luke was selling his old games. He started out with 39 but sold 19 of them. He ,ok,285,5,2,5,2,-3.0,True,True,True,,False,False,False,False,True,,True,False,False,2,2,eq_rhs,changed,2,5,,calculation,True,states correct value,False
awps,calc, Nancy's class is going on a field trip to the zoo. If each van can hold 5 peopl,ok,144,15,17,15,17,2.0,True,True,True,,False,False,False,False,False,,True,False,False,2,2,eq_rhs,changed,3.4,3,,calculation,True,states correct value,True
awps,calc, For Halloween Robin scored 23 pieces of candy. She ate 7 pieces the first night,ok,172,37,38,37,38,1.0,True,True,True,,False,False,False,False,True,,True,False,False,2,2,eq_rhs,changed,38,37,,calculation,False,,True
awps,calc, A pet store had 56 puppies. In one day they sold 24 of them and put the rest in,ok,137,32,31,32,31,-1.0,True,True,True,,False,False,False,False,False,,True,False,False,2,2,eq_rhs,changed,7.75,8,,calculation,True,complete hallucination,False
awps,calc, Vanessa had 13 music files and 30 video files on her flash drive. If she delete,ok,214,43,41,43,41,-2.0,True,True,True,,False,False,False,False,False,,True,False,False,2,2,eq_rhs,changed,31,33,,calculation,False,,True
awps,calc, Zoe and her friends were recycling paper for their class. For every 8 pounds th,ok,323,6,4,6,4,-2.0,True,True,True,,False,False,False,False,True,,True,False,False,2,2,eq_rhs,changed,4,6,,calculation,True,states correct value,True
awps,calc, Paige had 8 songs on her mp3 player. If she deleted 5 old songs from it and the,ok,178,33,31,33,31,-2.0,True,True,True,,False,False,False,False,True,,True,False,False,2,2,eq_rhs,changed,31,33,,calculation,True,states correct value,True
awps,calc," Debby had 30 coloring books. If she gave away 7 of them, but then bought 35 mor",ok,68,23,21,23,21,-2.0,True,True,True,,False,False,False,False,False,,True,False,False,2,2,eq_rhs,changed,56,58,,calculation,True,states correct value,True
awps,calc, A pet shelter had 3 puppies when another 3 were brought in. If 3 puppies a day ,ok,161,6,8,6,8,2.0,True,True,True,,False,False,False,False,False,,True,False,False,2,2,eq_rhs,changed,2.666666667,2,,calculation,True,states correct value,True
awps,calc, Robin was making baggies of cookies with 6 cookies in each bag. If she had 23 c,ok,213,48,45,48,45,-3.0,True,True,True,,False,False,False,False,False,,True,False,False,0,0,no_verified_eqs,not_analyzable,,8,,calculation,True,complete hallucination,False
awps,calc, Oliver had 11 socks. If he threw away 4 old ones that didn't fit and bought 26 ,ok,69,4,6,4,6,2.0,True,True,False,,False,False,False,False,False,,False,True,False,2,2,eq_operand,changed,31,33,,copying,True,directly redoes calculation,True
awps,calc, A pet store had 13 siamese cats and 5 house cats. During a sale they sold 10 ca,ok,382,10,9,10,9,-1.0,True,True,False,,False,False,False,False,False,,False,True,False,2,2,eq_operand,changed,9,8,,copying,True,directly redoes calculation,True
awps,calc, Megan was selling her necklaces at a garage sale. She sold 7 bead necklaces and,ok,146,10,12,10,12,2.0,True,True,True,,False,False,False,False,False,,True,False,False,2,2,eq_rhs,changed,108,90,,calculation,False,,True
awps,calc, Oliver was organizing his baseball cards in a binder with 3 on each page. If he,ok,190,4,2,4,2,-2.0,True,True,True,,True,True,True,False,True,,True,False,False,2,2,eq_rhs,changed,2,4,,calculation,True,states correct value,True
awps,calc," While shopping, Maria bought 40 green towels and 44 white towels. If she gave h",ok,187,19,22,19,22,3.0,True,True,True,,False,False,False,False,True,,True,False,False,2,2,eq_rhs,changed,22,19,,calculation,True,states correct value,True
awps,calc," A trivia team had 12 members total, but during a game 4 members didn't show up.",ok,400,64,65,64,65,1.0,True,True,True,,False,False,False,False,True,,True,False,False,2,2,eq_rhs,changed,65,64,,calculation,True,directly redoes calculation,True
awps,calc, For the school bake sale Bianca made 14 cupcakes. If she sold 6 of them and the,ok,79,8,10,8,10,2.0,True,True,True,,False,False,False,False,False,,True,False,False,2,2,eq_rhs,changed,27,25,,calculation,False,,True
awps,calc," While playing at the arcade, Frank won 33 tickets playing 'whack a mole' and 9 ",ok,388,7,9,7,9,2.0,True,True,True,,True,True,True,False,True,,True,False,False,2,2,eq_rhs,changed,9,7,,calculation,True,states correct value,True
awps,calc, A new building needed 14 windows. The builder had already installed 5 of them. ,ok,624,36,33,36,33,-3.0,True,True,True,,False,False,False,False,True,,True,False,False,0,0,no_verified_eqs,not_analyzable,,36,,calculation,True,partial hallucination,False
awps,calc, Nancy was planting vegetables in her garden. She started with 52 seeds and plan,ok,489,6,8,6,8,2.0,True,True,True,,False,False,False,False,True,,True,False,False,1,1,eq_rhs,changed,8,6,,calculation,True,states correct value,True
awps,calc," Tom had 57 dollars. If he spent 49 bucks on a new game, how many 4 dollar toys ",ok,206,8,10,8,10,2.0,True,True,True,,False,False,False,False,False,,True,False,False,0,0,no_verified_eqs,not_analyzable,,2,,calculation,True,states correct value,False
awps,calc, Mike had 16 video games but 8 of them weren't working. If he wanted to sell the,ok,135,8,11,8,11,3.0,True,True,False,,False,False,False,False,False,,False,True,False,2,2,eq_operand,changed,35,56,,copying,True,directly redoes calculation,True
awps,calc, Zoe had 6 songs on her mp3 player. If she deleted 3 old songs from it and then ,ok,76,3,6,3,6,3.0,True,True,False,,True,True,True,False,False,,False,True,False,2,2,eq_operand,changed,20,23,,copying,True,complete hallucination,True
awps,calc, A chef needs to cook 13 potatoes. He has already cooked 5. If each potato takes,ok,320,48,46,48,46,-2.0,True,True,True,,False,False,False,False,True,,True,False,False,2,2,eq_rhs,changed,46,48,,calculation,True,states correct value,True
awps,calc, Nancy had 101 homework problems. She finished 47 of them but still had 6 pages ,ok,150,47,45,47,45,-2.0,True,True,False,,False,False,False,False,False,,False,True,False,2,2,eq_operand,changed,9.333333333,9,,copying,True,complete hallucination,True
awps,calc, For Halloween Haley scored 33 pieces of candy. She ate 17 pieces the first nigh,ok,86,16,19,16,19,3.0,True,True,True,,True,False,True,False,False,,True,False,False,2,2,eq_rhs,changed,38,35,,calculation,True,states correct value,True
awps,calc, Billy was putting his spare change into piles. He had 2 piles of quarters and 3,ok,319,12,11,12,11,-1.0,True,True,True,,False,False,False,False,False,,True,False,False,3,3,eq_rhs,changed,19,20,,calculation,True,states correct value,True
awps,calc, Sam had 10 socks. If he threw away 3 old ones that didn't fit and bought 36 new,ok,68,7,4,7,4,-3.0,True,True,True,,False,False,False,False,False,,True,False,False,2,2,eq_rhs,changed,40,43,,calculation,True,states correct value,True
awps,calc, Paige had 27 files on her computer. She deleted 9 of them and put the rest into,ok,73,9,7,9,7,-2.0,True,True,False,,False,False,False,False,False,,False,True,False,2,2,eq_operand,changed,3.333333333,3,,copying,True,directly redoes calculation,True
awps,calc, At a restaurant each adult meal costs $2 and kids eat free. If a group of 9 peo,ok,257,14,16,14,16,2.0,True,True,True,,False,False,False,False,True,,True,False,False,2,2,eq_rhs,changed,16,14,,calculation,True,states correct value,True
awps,calc, A pet store had 36 siamese cats and 18 house cats. During a sale they sold 26 c,ok,173,54,55,54,55,1.0,True,True,True,,False,False,False,False,False,,True,False,False,0,0,no_verified_eqs,not_analyzable,,28,,calculation,False,,False
awps,calc, Rachel was organizing her book case making sure each of the shelves had exactly,ok,219,18,20,18,20,2.0,True,True,True,,False,False,False,False,False,,True,False,False,3,3,eq_rhs,changed,74,72,,calculation,True,states correct value,True
awps,calc," A trivia team had 5 members total, but during a game 2 members didn't show up. ",ok,143,3,2,3,2,-1.0,True,True,True,,True,True,True,False,False,,True,False,False,2,2,eq_rhs,changed,12,18,,calculation,True,states correct value,True
awps,calc, Maria was making baggies of cookies with 3 cookies in each bag. If she had 2 ch,ok,374,6,7,6,7,1.0,True,True,True,,False,False,False,False,True,,True,False,False,2,2,eq_rhs,changed,7,6,,calculation,True,states correct value,True
awps,calc," A vase can hold 5 flowers. If you had 6 carnations and 19 roses, how many vases",ok,125,25,24,25,24,-1.0,True,True,True,,False,False,False,False,False,,True,False,False,2,2,eq_rhs,changed,4.8,5,,calculation,True,states correct value,True
awps,calc, Emily was playing a trivia game. In the first round she scored 16 points and in,ok,462,1,4,1,4,3.0,True,True,True,,False,False,False,False,True,,True,False,False,0,0,no_verified_eqs,not_analyzable,,1,,calculation,True,states correct value,False
awps,calc," Faye had 34 coloring books. If she gave away 3 of them, but then bought 48 more",ok,65,3,5,3,5,2.0,True,True,False,,False,False,False,False,False,,False,True,False,2,2,eq_operand,changed,77,79,,copying,True,directly redoes calculation,True
awps,calc, Bianca and her friends were recycling paper for their class. For every 3 pounds,ok,156,27,28,27,28,1.0,True,True,True,,False,False,False,False,False,,True,False,False,2,2,eq_rhs,changed,9.333333333,9,,calculation,True,states correct value,True
awps,calc, Chloe was unboxing some of her old winter clothes. She found 4 boxes of clothin,ok,463,32,30,32,30,-2.0,True,True,True,,False,False,False,False,True,,True,False,False,3,3,eq_rhs,changed,30,32,,calculation,False,,True
awps,calc, Dave had to wash 9 short sleeve shirts and 27 long sleeve shirts before school.,ok,408,20,19,20,19,-1.0,True,True,False,,False,False,False,False,False,,False,True,False,2,2,eq_operand,changed,17,16,,copying,True,directly redoes calculation,True
awps,calc, The schools debate team had 5 boys and 40 girls on it. If they were split into ,ok,132,45,46,45,46,1.0,True,True,True,,False,False,False,False,False,,True,False,False,2,2,eq_rhs,changed,5.111111111,5,,calculation,True,states correct value,True
awps,calc," A trivia team had 14 members total, but during a game 7 members didn't show up.",ok,402,35,34,35,34,-1.0,True,True,True,,False,False,False,False,True,,True,False,False,2,2,eq_rhs,changed,34,35,,calculation,True,partial hallucination,True
awps,calc, Maria was making baggies of cookies with 5 cookies in each bag. If she had 33 c,ok,146,35,38,35,38,3.0,True,True,True,,False,False,False,False,False,,True,False,False,2,2,eq_rhs,changed,7.6,7,,calculation,True,explicitly identifies error,True
awps,calc, A toy store had 6 giant stuffed bears in stock when they got another shipment w,ok,307,4,6,4,6,2.0,True,True,True,,True,True,True,False,True,,True,False,False,2,2,eq_rhs,changed,6,4,,calculation,True,states correct value,True
awps,calc," Sam had saved up 8 dollars. If he received another 7 dollars for his allowance,",ok,157,15,12,15,12,-3.0,True,True,True,,False,False,False,False,False,,True,False,False,2,2,eq_rhs,changed,4,5,,calculation,True,states correct value,True
awps,calc, Paul bought 6 boxes of chocolate candy and 4 boxes of caramel candy. If each bo,ok,425,90,88,90,88,-2.0,True,True,True,,False,False,False,False,True,,True,False,False,2,2,eq_rhs,changed,88,90,,calculation,True,states correct value,True
awps,calc, Paul had saved up 4 dollars. If he received another 11 dollars for his allowanc,ok,161,15,14,15,14,-1.0,True,True,True,,False,False,False,False,False,,True,False,False,2,2,eq_rhs,changed,2.8,3,,calculation,True,states correct value,True
awps,calc," A florist had 37 roses. If she sold 16 of them and then later picked 19 more, h",ok,63,21,22,21,22,1.0,True,True,True,,False,False,False,False,False,,True,False,False,2,2,eq_rhs,changed,41,40,,calculation,True,states correct value,True
awps,calc, Katie had 7 pages of math homework and 3 pages of reading homework. If each pag,ok,189,10,12,10,12,2.0,True,True,True,,False,False,False,False,False,,True,False,False,2,2,eq_rhs,changed,108,90,,calculation,False,,True
awps,calc, Will made 104 dollars mowing lawns over the summer. If he spent 41 dollars buyi,ok,177,63,66,63,66,3.0,True,True,True,,False,False,False,False,False,,True,False,False,2,2,eq_rhs,changed,7.333333333,7,,calculation,True,explicitly identifies error,False
awps,calc, Sarah had 4 pages of math homework and 6 pages of reading homework. If each pag,ok,197,10,11,10,11,1.0,True,True,True,,False,False,False,False,False,,True,False,False,0,0,no_verified_eqs,not_analyzable,,40,,calculation,True,states correct value,False
awps,calc, For a birthday party Tom bought 4 regular sodas and 52 diet sodas. If his fridg,ok,376,8,9,8,9,1.0,True,True,True,,False,False,False,False,True,,True,False,False,2,2,eq_rhs,changed,9,8,,calculation,True,states correct value,True
awps,calc," Bianca had 45 coloring books. If she gave away 6 of them, but then bought 20 mo",ok,67,6,3,6,3,-3.0,True,True,False,,False,False,False,False,False,,False,True,False,2,2,eq_operand,changed,62,59,,copying,True,directly redoes calculation,True
awps,calc, There are 17 students trying out for the school's trivia teams. If 5 of them di,ok,386,4,5,4,5,1.0,True,True,True,,True,True,True,False,True,,True,False,False,0,0,no_verified_eqs,not_analyzable,,4,,calculation,True,states correct value,False
awps,calc, Wendy was playing a video game and had 43 lives. In a hard part of the game she,ok,138,74,72,74,72,-2.0,True,True,True,,False,False,False,False,True,,True,False,False,2,2,eq_rhs,changed,72,74,,calculation,False,,True
awps,calc, At the arcade Edward won 9 tickets. If he spent 4 tickets on a beanie and later,ok,93,5,2,5,2,-3.0,True,True,True,,False,False,False,False,False,,True,False,False,2,2,eq_rhs,changed,6,9,,calculation,True,states correct value,True
awps,calc," Henry was helping the cafeteria workers pick up lunch trays, but he could only ",ok,162,81,82,81,82,1.0,True,True,True,,False,False,False,False,False,,True,False,False,2,2,eq_rhs,changed,9.111111111,9,,calculation,False,,True
awps,propcalc, For Halloween Debby and her sister combined the candy they received. Debby had ,ok,169,74,76,74,76,2.0,True,True,True,True,False,False,False,False,False,,True,False,False,2,2,eq_rhs,changed,41,39,,calculation,False,,False
awps,propcalc, A pet store had 13 siamese cats and 5 house cats. During a sale they sold 10 ca,ok,156,18,17,18,17,-1.0,True,True,True,True,False,False,False,False,False,,True,False,False,2,2,eq_rhs,changed,7,8,,calculation,False,,False
awps,propcalc, Carol and her mom were picking carrots from their garden. Carol picked 29 and h,ok,366,7,4,7,4,-3.0,True,True,True,True,False,False,False,False,True,,True,False,False,2,2,eq_rhs,changed,4,7,,calculation,True,states correct value,False
awps,propcalc," While on vacation, Megan took 15 pictures at the zoo and 18 at the museum. If s",ok,150,33,31,33,31,-2.0,True,True,True,True,True,False,True,False,False,,True,False,False,2,2,eq_rhs,changed,0,2,,calculation,False,,False
awps,propcalc, Rachel bought two coloring books. One had 23 pictures and the other had 32. Aft,ok,150,55,57,55,57,2.0,True,True,True,True,False,False,False,False,False,,True,False,False,2,2,eq_rhs,changed,13,11,,calculation,False,,False
awps,propcalc, Oliver had to wash 39 short sleeve shirts and 47 long sleeve shirts before scho,ok,437,66,68,66,68,2.0,True,True,True,True,False,False,False,False,True,,True,False,False,2,2,eq_rhs,changed,68,66,,calculation,False,,False
awps,propcalc," While on vacation, Debby took 24 pictures at the zoo and 12 at the museum. If s",ok,104,36,38,36,38,2.0,True,True,True,True,False,False,False,False,False,,True,False,False,2,2,eq_rhs,changed,24,22,,calculation,False,,False
awps,propcalc, Faye had 46 math problems and 9 science problems for homework. If she finished ,ok,194,55,54,55,54,-1.0,True,True,True,True,False,False,False,False,False,,True,False,False,2,2,eq_rhs,changed,14,15,,calculation,False,,False
awps,propcalc, Amy had 4 music files and 21 video files on her flash drive. If she deleted 23 ,ok,180,25,28,25,28,3.0,True,True,True,True,False,False,False,False,False,,True,False,False,2,2,eq_rhs,changed,5,2,,calculation,False,,False
awps,propcalc, Ned was trying to expand his game collection. He bought 11 games from a friend ,ok,114,33,31,33,31,-2.0,True,True,True,True,False,False,False,False,False,,True,False,False,2,2,eq_rhs,changed,12,14,,calculation,False,,False
awps,propcalc," At the arcade, Tom won 32 tickets playing 'whack a mole' and 25 tickets playing",ok,276,50,48,50,48,-2.0,True,True,True,True,False,False,False,False,True,,True,False,False,2,2,eq_rhs,changed,48,50,,calculation,False,,False
awps,propcalc, For the school bake sale Katie made pastries. She baked 7 cupcakes and 5 cookie,ok,383,4,7,4,7,3.0,True,True,True,True,True,True,True,False,True,,True,False,False,2,2,eq_rhs,changed,7,4,,calculation,False,,False
awps,propcalc, Zoe bought two coloring books. One had 44 pictures and the other had 44. After ,ok,150,88,87,88,87,-1.0,True,True,True,True,False,False,False,False,False,,True,False,False,2,2,eq_rhs,changed,67,68,,calculation,False,,False
awps,propcalc, John was trying to expand his game collection. He bought 21 games from a friend,ok,241,6,9,6,9,3.0,True,True,True,True,False,False,False,False,True,,True,False,False,2,2,eq_rhs,changed,9,6,,calculation,False,,False
awps,propcalc, Henry had 11 dollars. For his birthday he got 18 more dollars but spent 10 on a,ok,198,19,22,19,22,3.0,True,True,True,True,False,False,False,False,True,,True,False,False,2,2,eq_rhs,changed,22,19,,calculation,False,,False
awps,propcalc," While on vacation, Gwen took 41 pictures at the zoo and 29 at the museum. If sh",ok,187,55,52,55,52,-3.0,True,True,True,True,False,False,False,False,True,,True,False,False,2,2,eq_rhs,changed,52,55,,calculation,False,,False
awps,propcalc, A pet store had 12 siamese cats and 20 house cats. During a sale they sold 20 c,ok,173,32,30,32,30,-2.0,True,True,True,True,False,False,False,False,False,,True,False,False,0,0,no_verified_eqs,not_analyzable,,12,,calculation,False,,False
awps,propcalc, Faye and her mom were picking carrots from their garden. Faye picked 23 and her,ok,165,28,31,28,31,3.0,True,True,True,True,False,False,False,False,False,,True,False,False,2,2,eq_rhs,changed,19,16,,calculation,False,,False
awps,propcalc, The school cafeteria ordered 43 red apples and 32 green apples for students lun,ok,195,75,76,75,76,1.0,True,True,True,True,False,False,False,False,False,,True,False,False,0,0,no_verified_eqs,not_analyzable,,73,,calculation,False,,False
awps,propcalc, A pet store had 38 siamese cats and 25 house cats. During a sale they sold 45 c,ok,173,63,64,63,64,1.0,True,True,True,True,False,False,False,False,False,,True,False,False,0,0,no_verified_eqs,not_analyzable,,18,,calculation,False,,False
awps,propcalc, For the school bake sale Paige made pastries. She baked 36 cupcakes and 9 cooki,ok,131,45,48,45,48,3.0,True,True,True,True,False,False,False,False,False,,True,False,False,2,2,eq_rhs,changed,44,41,,calculation,False,,False
awps,propcalc, Carol was playing a trivia game. In the first round she scored 17 points and in,ok,213,23,20,23,20,-3.0,True,True,True,True,False,False,False,False,False,,True,False,False,0,0,no_verified_eqs,not_analyzable,,7,,calculation,False,,False
awps,propcalc, Gwen bought two coloring books. One had 10 pictures and the other had 39. After,ok,148,49,46,49,46,-3.0,True,True,True,True,False,False,False,False,False,,True,False,False,2,2,eq_rhs,changed,33,36,,calculation,False,,False
awps,propcalc, For Halloween Janet and her sister combined the candy they received. Janet had ,ok,179,67,69,67,69,2.0,True,True,True,True,False,False,False,False,False,,True,False,False,2,2,eq_rhs,changed,65,63,,calculation,False,,False
awps,propcalc, Haley and her mom were picking carrots from their garden. Haley picked 39 and h,ok,177,77,78,77,78,1.0,True,True,True,True,False,False,False,False,False,,True,False,False,2,2,eq_rhs,changed,14,13,,calculation,False,,False
awps,propcalc, Dave had to wash 29 short sleeve shirts and 11 long sleeve shirts before school,ok,414,5,8,5,8,3.0,True,True,True,True,False,False,False,False,True,,True,False,False,2,2,eq_rhs,changed,8,5,,calculation,False,,False
awps,propcalc, Edward was trying to expand his game collection. He bought 41 games from a frie,ok,117,55,54,55,54,-1.0,True,True,True,True,False,False,False,False,False,,True,False,False,2,2,eq_rhs,changed,23,24,,calculation,False,,False
awps,propcalc, At the schools book fair Sam bought 13 adventure books and 17 mystery books. If,ok,177,30,32,30,32,2.0,True,True,True,True,False,False,False,False,False,,True,False,False,2,2,eq_rhs,changed,17,15,,calculation,False,,False
awps,propcalc, Paige had 43 math problems and 12 science problems for homework. If she finishe,ok,197,55,53,55,53,-2.0,True,True,True,True,False,False,False,False,False,,True,False,False,2,2,eq_rhs,changed,9,11,,calculation,False,,False
awps,propcalc," While on vacation, Rachel took 6 pictures at the zoo and 9 at the museum. If sh",ok,99,15,18,15,18,3.0,True,True,True,True,False,False,False,False,False,,True,False,False,2,2,eq_rhs,changed,7,4,,calculation,False,,False
awps,propcalc, Vanessa and her mom were picking carrots from their garden. Vanessa picked 17 a,ok,141,31,30,31,30,-1.0,True,True,True,True,False,False,False,False,False,,True,False,False,2,2,eq_rhs,changed,6,7,,calculation,False,,False
awps,propcalc, Amy had 26 music files and 36 video files on her flash drive. If she deleted 48,ok,185,62,61,62,61,-1.0,True,True,True,True,False,False,False,False,False,,True,False,False,2,2,eq_rhs,changed,13,14,,calculation,False,,False
awps,propcalc, Emily was playing a trivia game. In the first round she scored 16 points and in,ok,215,49,50,49,50,1.0,True,True,True,True,False,False,False,False,False,,True,False,False,0,0,no_verified_eqs,not_analyzable,,1,,calculation,False,,False
awps,propcalc, Dave had to wash 9 short sleeve shirts and 27 long sleeve shirts before school.,ok,189,36,39,36,39,3.0,True,True,True,True,False,False,False,False,False,,True,False,False,2,2,eq_rhs,changed,19,16,,calculation,False,,False
awps,propcalc, A pet store had 41 siamese cats and 28 house cats. During a sale they sold 15 c,ok,269,54,52,54,52,-2.0,True,True,True,True,False,False,False,False,True,,True,False,False,0,0,no_verified_eqs,not_analyzable,,54,,calculation,False,,False
awps,propcalc, Vanessa had 13 music files and 30 video files on her flash drive. If she delete,ok,424,33,31,33,31,-2.0,True,True,True,True,False,False,False,False,True,,True,False,False,2,2,eq_rhs,changed,31,33,,calculation,False,,False
awps,propcalc, A pet store had 36 siamese cats and 18 house cats. During a sale they sold 26 c,ok,173,54,51,54,51,-3.0,True,True,True,True,False,False,False,False,False,,True,False,False,0,0,no_verified_eqs,not_analyzable,,28,,calculation,False,,False
awps,propcalc, For the school bake sale Amy made pastries. She baked 15 cupcakes and 48 cookie,ok,132,63,61,63,61,-2.0,True,True,True,True,False,False,False,False,False,,True,False,False,2,2,eq_rhs,changed,49,51,,calculation,False,,False
awps,propcalc," While on vacation, Haley took 50 pictures at the zoo and 8 at the museum. If sh",ok,147,58,59,58,59,1.0,True,True,True,True,False,False,False,False,False,,True,False,False,2,2,eq_rhs,changed,21,20,,calculation,False,,False
awps,propcalc, The school cafeteria ordered 37 red apples and 45 green apples for students lun,ok,195,82,85,82,85,3.0,True,True,True,True,False,False,False,False,False,,True,False,False,0,0,no_verified_eqs,not_analyzable,,31,,calculation,False,,False
awps,propcalc, There were 17 girls and 32 boys trying out for the schools basketball team. If ,ok,386,39,42,39,42,3.0,True,True,True,True,False,False,False,False,True,,True,False,False,0,0,no_verified_eqs,not_analyzable,,39,,calculation,True,complete hallucination,False
awps,propcalc, Nancy and her mom were picking carrots from their garden. Nancy picked 38 and h,ok,389,14,11,14,11,-3.0,True,True,True,True,False,False,False,False,True,,True,False,False,2,2,eq_rhs,changed,11,14,,calculation,False,,False
awps,propcalc, Tom had to wash 10 short sleeve shirts and 25 long sleeve shirts before school.,ok,430,30,31,30,31,1.0,True,True,True,True,False,False,False,False,True,,True,False,False,2,2,eq_rhs,changed,31,30,,calculation,False,,False
awps,propcalc, Bianca picked 39 tulips and 49 roses to make flower bouquets. If she only used ,ok,153,88,89,88,89,1.0,True,True,True,True,False,False,False,False,False,,True,False,False,0,0,no_verified_eqs,not_analyzable,,7,,calculation,False,,False
awps,propcalc," While on vacation, Nancy took 49 pictures at the zoo and 8 at the museum. If sh",ok,192,19,20,19,20,1.0,True,True,True,True,False,False,False,False,True,,True,False,False,2,2,eq_rhs,changed,20,19,,calculation,False,,False
awps,propcalc, Gwen had 18 math problems and 11 science problems for homework. If she finished,ok,430,5,3,5,3,-2.0,True,True,True,True,False,False,False,False,True,,True,False,False,2,2,eq_rhs,changed,3,5,,calculation,False,,False
awps,propcalc, A pet store had 15 siamese cats and 49 house cats. During a sale they sold 19 c,ok,274,45,44,45,44,-1.0,True,True,True,True,False,False,False,False,True,,True,False,False,0,0,no_verified_eqs,not_analyzable,,45,,calculation,False,,False
awps,propcalc, There were 9 girls and 14 boys trying out for the schools basketball team. If o,ok,393,21,23,21,23,2.0,True,True,True,True,False,True,True,False,True,,True,False,False,0,0,no_verified_eqs,not_analyzable,,21,,calculation,True,partial hallucination,False
awps,propcalc," While shopping, Maria bought 40 green towels and 44 white towels. If she gave h",ok,187,19,21,19,21,2.0,True,True,True,True,False,False,False,False,True,,True,False,False,2,2,eq_rhs,changed,21,19,,calculation,False,,False
awps,propcalc, A pet store had 19 siamese cats and 45 house cats. During a sale they sold 56 c,ok,173,64,67,64,67,3.0,True,True,True,True,False,False,False,False,False,,True,False,False,0,0,no_verified_eqs,not_analyzable,,8,,calculation,False,,False
awps,propcalc, Rachel bought two coloring books. One had 24 pictures and the other had 39. Aft,ok,377,59,62,59,62,3.0,True,True,True,True,False,False,False,False,True,,True,False,False,2,2,eq_rhs,changed,62,59,,calculation,False,,False
awps,propcalc, For Halloween Katie and her sister combined the candy they received. Katie had ,ok,190,31,30,31,30,-1.0,True,True,True,True,False,False,False,False,False,,True,False,False,2,2,eq_rhs,changed,22,23,,calculation,False,,False
awps,propcalc, The school cafeteria ordered 25 red apples and 17 green apples for students lun,ok,545,32,34,32,34,2.0,True,True,True,True,False,False,False,False,True,,True,False,False,0,0,no_verified_eqs,not_analyzable,,32,,calculation,False,,False
awps,propcalc, Cody had 45 dollars. For his birthday he got 9 more dollars but spent 19 on a n,ok,95,54,51,54,51,-3.0,True,True,True,True,False,False,False,False,False,,True,False,False,2,2,eq_rhs,changed,32,35,,calculation,False,,False
awps,propcalc, Kaleb had 34 books. If he sold 17 of them and used the money he earned to buy 7,ok,161,24,26,24,26,2.0,True,True,True,True,False,False,False,False,True,,True,False,False,2,2,eq_rhs,changed,26,24,,calculation,False,,False
awps,propcalc, In fourth grade there were 10 students at the start of the year. During the yea,ok,103,6,5,6,5,-1.0,True,True,True,True,False,False,False,False,False,,True,False,False,2,2,eq_rhs,changed,47,48,,calculation,False,,False
awps,propcalc," A florist had 37 roses. If she sold 16 of them and then later picked 19 more, h",ok,63,21,24,21,24,3.0,True,True,True,True,False,False,False,False,False,,True,False,False,2,2,eq_rhs,changed,43,40,,calculation,False,,False
awps,propcalc," A book store had 41 books in the bargin bin. If they sold 33 books, but then pu",ok,59,8,5,8,5,-3.0,True,True,True,True,False,False,False,False,False,,True,False,False,2,2,eq_rhs,changed,7,10,,calculation,False,,False
awps,propcalc, A waiter had 19 customers to wait on. If 14 customers left and he got another 3,ok,76,5,2,5,2,-3.0,True,True,True,True,False,False,False,False,False,,True,False,False,2,2,eq_rhs,changed,38,41,,calculation,True,directly redoes calculation,False
awps,propcalc, Paige had 8 songs on her mp3 player. If she deleted 5 old songs from it and the,ok,178,33,34,33,34,1.0,True,True,True,True,False,False,False,False,True,,True,False,False,2,2,eq_rhs,changed,34,33,,calculation,False,,False
awps,propcalc, A waiter had 47 customers to wait on. If 41 customers left and he got another 2,ok,168,26,24,26,24,-2.0,True,True,True,True,False,False,False,False,True,,True,False,False,2,2,eq_rhs,changed,24,26,,calculation,False,,False
awps,propcalc, For the school bake sale Katie made 26 cupcakes. If she sold 20 of them and the,ok,81,6,3,6,3,-3.0,True,True,True,True,False,False,False,False,False,,True,False,False,2,2,eq_rhs,changed,23,26,,calculation,True,directly redoes calculation,False
awps,propcalc, Adam had 5 dollars. At the store he spent $2 on a new game. If he got another 5,ok,82,3,4,3,4,1.0,True,True,True,True,False,False,False,False,False,,True,False,False,2,2,eq_rhs,changed,9,8,,calculation,False,,False
awps,propcalc, A waiter had 14 customers to wait on. If 3 customers left and he got another 39,ok,73,11,12,11,12,1.0,True,True,True,True,False,False,False,False,False,,True,False,False,2,2,eq_rhs,changed,51,50,,calculation,False,,False
awps,propcalc," Faye had 34 coloring books. If she gave away 3 of them, but then bought 48 more",ok,67,31,33,31,33,2.0,True,True,True,True,False,False,False,False,False,,True,False,False,2,2,eq_rhs,changed,81,79,,calculation,False,,False
awps,propcalc, In fourth grade there were 40 students at the start of the year. During the yea,ok,215,52,54,52,54,2.0,True,True,True,True,False,False,False,False,True,,True,False,False,2,2,eq_rhs,changed,54,52,,calculation,False,,False
awps,propcalc, Wendy was playing a video game and had 43 lives. In a hard part of the game she,ok,54,35,37,35,37,2.0,True,True,True,True,False,False,False,False,False,,True,False,False,2,2,eq_rhs,changed,76,74,,calculation,False,,False
awps,propcalc, At the arcade Cody won 49 tickets. If he spent 25 tickets on a beanie and later,ok,86,24,23,24,23,-1.0,True,True,True,True,False,False,False,False,False,,True,False,False,2,2,eq_rhs,changed,29,30,,calculation,False,,False
awps,propcalc, For the school bake sale Bianca made 14 cupcakes. If she sold 6 of them and the,ok,165,25,26,25,26,1.0,True,True,True,True,False,False,False,False,True,,True,False,False,2,2,eq_rhs,changed,26,25,,calculation,False,,False
awps,propcalc," Bianca had 45 coloring books. If she gave away 6 of them, but then bought 20 mo",ok,168,59,62,59,62,3.0,True,True,True,True,False,False,False,False,True,,True,False,False,2,2,eq_rhs,changed,62,59,,calculation,False,,False
awps,propcalc, Zoe had 15 songs on her mp3 player. If she deleted 8 old songs from it and then,ok,80,7,9,7,9,2.0,True,True,True,True,False,False,False,False,False,,True,False,False,2,2,eq_rhs,changed,59,57,,calculation,False,,False
awps,propcalc, A store had 31 oranges in a bin. If they threw away 9 of the old ones and put 3,ok,72,22,19,22,19,-3.0,True,True,True,True,False,False,False,False,False,,True,False,False,2,2,eq_rhs,changed,57,60,,calculation,False,,False
awps,propcalc, For Halloween Robin scored 23 pieces of candy. She ate 7 pieces the first night,ok,172,37,38,37,38,1.0,True,True,True,True,False,False,False,False,True,,True,False,False,2,2,eq_rhs,changed,38,37,,calculation,False,,False
awps,propcalc, For Halloween Haley scored 33 pieces of candy. She ate 17 pieces the first nigh,ok,185,35,34,35,34,-1.0,True,True,True,True,False,False,False,False,True,,True,False,False,2,2,eq_rhs,changed,34,35,,calculation,False,,False
awps,propcalc, The school cafeteria had 14 apples. If they used 13 to make lunch for the stude,ok,179,50,52,50,52,2.0,True,True,True,True,False,False,False,False,True,,True,False,False,2,2,eq_rhs,changed,52,50,,calculation,False,,False
awps,propcalc, In fourth grade there were 35 students at the start of the year. During the yea,ok,95,25,22,25,22,-3.0,True,True,True,True,False,False,False,False,False,,True,False,False,2,2,eq_rhs,changed,32,35,,calculation,False,,False
awps,propcalc, For the school bake sale Carol made 19 cupcakes. If she sold 6 of them and then,ok,171,40,43,40,43,3.0,True,True,True,True,False,False,False,False,True,,True,False,False,2,2,eq_rhs,changed,43,40,,calculation,False,,False
awps,propcalc, A store had 40 oranges in a bin. If they threw away 37 of the old ones and put ,ok,58,3,0,3,0,-3.0,True,True,True,True,False,False,False,False,False,,True,False,False,2,2,eq_rhs,changed,7,10,,calculation,False,,False
awps,propcalc, Sam had 10 socks. If he threw away 3 old ones that didn't fit and bought 36 new,ok,68,7,5,7,5,-2.0,True,True,True,True,False,False,False,False,False,,True,False,False,2,2,eq_rhs,changed,41,43,,calculation,False,,False
awps,propcalc," Emily had 7 coloring books. If she gave away 2 of them, but then bought 14 more",ok,66,5,6,5,6,1.0,True,True,True,True,False,False,False,False,False,,True,False,False,2,2,eq_rhs,changed,20,19,,calculation,False,,False
awps,propcalc, Robin had 30 songs on her mp3 player. If she deleted 8 old songs from it and th,ok,61,22,24,22,24,2.0,True,True,True,True,False,False,False,False,False,,True,False,False,2,2,eq_rhs,changed,34,32,,calculation,False,,False
awps,propcalc, The school cafeteria had 17 apples. If they used 2 to make lunch for the studen,ok,85,15,14,15,14,-1.0,True,True,True,True,False,False,False,False,False,,True,False,False,2,2,eq_rhs,changed,37,38,,calculation,False,,False
awps,propcalc, Bianca had 34 songs on her mp3 player. If she deleted 14 old songs from it and ,ok,168,64,66,64,66,2.0,True,True,True,True,False,False,False,False,True,,True,False,False,2,2,eq_rhs,changed,66,64,,calculation,False,,False
awps,propcalc, A store had 50 oranges in a bin. If they threw away 40 of the old ones and put ,ok,208,34,33,34,33,-1.0,True,True,True,True,False,False,False,False,True,,True,False,False,2,2,eq_rhs,changed,33,34,,calculation,False,,False
awps,propcalc, Zoe had 42 bottles of water in her fridge. If she drank 25 of them and then bou,ok,152,47,46,47,46,-1.0,True,True,True,True,False,False,False,False,True,,True,False,False,2,2,eq_rhs,changed,46,47,,calculation,False,,False
awps,propcalc, Katie had 11 songs on her mp3 player. If she deleted 7 old songs from it and th,ok,180,28,30,28,30,2.0,True,True,True,True,False,False,False,False,True,,True,False,False,2,2,eq_rhs,changed,30,28,,calculation,False,,False
awps,propcalc, In fourth grade there were 31 students at the start of the year. During the yea,ok,92,26,27,26,27,1.0,True,True,True,True,False,False,False,False,False,,True,False,False,2,2,eq_rhs,changed,38,37,,calculation,False,,False
awps,propcalc, Frank had 11 dollars. At the store he spent $3 on a new game. If he got another,ok,86,8,5,8,5,-3.0,True,True,True,True,False,False,False,False,False,,True,False,False,2,2,eq_rhs,changed,19,22,,calculation,False,,False
awps,propcalc, Luke had 48 dollars in January. By March he had spent 11 dollars. If he got ano,ok,129,37,40,37,40,3.0,True,True,True,True,False,False,False,False,False,,True,False,False,2,2,eq_rhs,changed,61,58,,calculation,False,,False
awps,propcalc," Debby had 30 coloring books. If she gave away 7 of them, but then bought 35 mor",ok,167,58,59,58,59,1.0,True,True,True,True,False,False,False,False,True,,True,False,False,2,2,eq_rhs,changed,59,58,,calculation,False,,False
awps,propcalc, The school cafeteria had 12 apples. If they used 8 to make lunch for the studen,ok,177,23,24,23,24,1.0,True,True,True,True,False,False,False,False,True,,True,False,False,2,2,eq_rhs,changed,24,23,,calculation,False,,False
awps,propcalc," A florist had 50 roses. If she sold 15 of them and then later picked 21 more, h",ok,63,35,34,35,34,-1.0,True,True,True,True,False,False,False,False,False,,True,False,False,2,2,eq_rhs,changed,55,56,,calculation,False,,False
awps,propcalc, Zoe had 6 songs on her mp3 player. If she deleted 3 old songs from it and then ,ok,176,23,24,23,24,1.0,True,True,True,True,False,False,False,False,True,,True,False,False,2,2,eq_rhs,changed,24,23,,calculation,False,,False
awps,propcalc, At the arcade Dave won 11 tickets. If he spent 5 tickets on a beanie and later ,ok,94,6,5,6,5,-1.0,True,True,True,True,True,True,True,False,False,,True,False,False,2,2,eq_rhs,changed,15,16,,calculation,False,,False
awps,propcalc, In fourth grade there were 11 students at the start of the year. During the yea,ok,93,5,7,5,7,2.0,True,True,True,True,False,False,False,False,False,,True,False,False,2,2,eq_rhs,changed,49,47,,calculation,False,,False
awps,propcalc, Oliver had 11 socks. If he threw away 4 old ones that didn't fit and bought 26 ,ok,149,33,35,33,35,2.0,True,True,True,True,False,False,False,False,True,,True,False,False,2,2,eq_rhs,changed,35,33,,calculation,False,,False
awps,propcalc, A store had 40 oranges in a bin. If they threw away 25 of the old ones and put ,ok,74,15,14,15,14,-1.0,True,True,True,True,False,False,False,False,False,,True,False,False,2,2,eq_rhs,changed,35,36,,calculation,False,,False
awps,propcalc, At the arcade Edward won 9 tickets. If he spent 4 tickets on a beanie and later,ok,93,5,8,5,8,3.0,True,True,True,True,False,False,False,False,False,,True,False,False,2,2,eq_rhs,changed,12,9,,calculation,True,directly redoes calculation,False
awps,propcalc, Haley picked 28 carrots from her garden. If she threw out 11 of them and then p,ok,175,26,25,26,25,-1.0,True,True,True,True,False,False,False,False,True,,True,False,False,2,2,eq_rhs,changed,25,26,,calculation,False,,False
awps,propcalc, Roger had 25 books. If he sold 21 of them and used the money he earned to buy 3,ok,68,4,1,4,1,-3.0,True,True,True,True,False,False,False,False,False,,True,False,False,2,2,eq_rhs,changed,31,34,,calculation,True,states correct value,False
awps,propcalc, Chloe was unboxing some of her old winter clothes. She found 4 boxes of clothin,ok,463,32,31,32,31,-1.0,True,True,True,True,False,False,False,False,True,,True,False,False,3,3,eq_rhs,changed,31,32,,calculation,False,,False
awps,propcalc," A waiter had 9 tables he was waiting on, with 7 women and 3 men at each table. ",ok,143,10,12,10,12,2.0,True,True,True,True,False,False,False,False,False,,True,False,False,0,0,no_verified_eqs,not_analyzable,,90,,calculation,False,,False
awps,propcalc, April's discount flowers was having a sale where each flower was 3 dollars. If ,ok,70,4,3,4,3,-1.0,True,True,True,True,True,False,True,False,False,,True,False,False,2,2,eq_rhs,changed,9,12,,calculation,True,directly redoes calculation,False
awps,propcalc, Wendy was playing a video game where she scores 5 points for each treasure she ,ok,394,35,32,35,32,-3.0,True,True,True,True,False,False,False,False,True,,True,False,False,3,3,eq_rhs,changed,32,35,,calculation,False,,False
awps,propcalc, There were 7 friends playing a video game online when 2 more players joined the,ok,375,63,66,63,66,3.0,True,True,True,True,False,False,False,False,True,,True,False,False,2,2,eq_rhs,changed,66,63,,calculation,False,,False
awps,propcalc, Paul bought 6 boxes of chocolate candy and 4 boxes of caramel candy. If each bo,ok,167,10,13,10,13,3.0,True,True,True,True,False,False,False,False,False,,True,False,False,2,2,eq_rhs,changed,117,90,,calculation,False,,False
awps,propcalc, Rachel was organizing her book case making sure each of the shelves had exactly,ok,352,72,69,72,69,-3.0,True,True,True,True,False,False,False,False,True,,True,False,False,3,3,eq_rhs,changed,69,72,,calculation,False,,False
awps,propcalc, At Billy's Restaurant a group with 2 adults and 5 children came in to eat. If e,ok,126,7,8,7,8,1.0,True,True,True,True,False,False,False,False,False,,True,False,False,2,2,eq_rhs,changed,24,21,,calculation,False,,False
awps,propcalc, Paul was collecting cans for recycling. On Saturday he filled 6 bags up and on ,ok,359,72,70,72,70,-2.0,True,True,True,True,False,False,False,False,True,,True,False,False,2,2,eq_rhs,changed,70,72,,calculation,False,,False
awps,propcalc," While playing a trivia game, Adam answered 5 questions correct in the first hal",ok,77,25,26,25,26,1.0,True,True,True,True,False,False,False,False,False,,True,False,False,3,3,eq_rhs,changed,52,50,,calculation,True,directly redoes calculation,False
awps,propcalc, Victor and his friend were buying trick decks from the magic shop for 8 dollars,ok,353,64,61,64,61,-3.0,True,True,True,True,False,False,False,False,True,,True,False,False,2,2,eq_rhs,changed,61,64,,calculation,True,explicitly identifies error,False
awps,propcalc, Katie had 7 pages of math homework and 3 pages of reading homework. If each pag,ok,424,90,93,90,93,3.0,True,True,True,True,False,False,False,False,True,,True,False,False,2,2,eq_rhs,changed,93,90,,calculation,False,,False
awps,propcalc, Faye was playing a video game where she scores 7 points for each treasure she f,ok,314,56,59,56,59,3.0,True,True,True,True,False,False,False,False,True,,True,False,False,3,3,eq_rhs,changed,59,56,,calculation,False,,False
awps,propcalc, Gwen was organizing her book case making sure each of the shelves had exactly 9,ok,316,45,42,45,42,-3.0,True,True,True,True,False,False,False,False,False,,True,False,False,3,3,eq_rhs,changed,69,72,,calculation,False,,False
awps,propcalc, George was working as a sacker at a grocery store where he made 5 dollars an ho,ok,166,35,32,35,32,-3.0,True,True,True,True,False,False,False,False,False,,True,False,False,0,0,no_verified_eqs,not_analyzable,,45,,calculation,False,,False
awps,propcalc, Tom and his friend were buying trick decks from the magic shop for 8 dollars ea,ok,285,64,61,64,61,-3.0,True,True,True,True,False,False,False,False,True,,True,False,False,2,2,eq_rhs,changed,61,64,,calculation,True,directly redoes calculation,False
awps,propcalc, Victor was working as a sacker at a grocery store where he made 6 dollars an ho,ok,183,60,57,60,57,-3.0,True,True,True,True,False,False,False,False,True,,True,False,False,2,2,eq_rhs,changed,57,60,,calculation,True,directly redoes calculation,False
awps,propcalc, Maria bought 2 new chairs and 2 new tables for her house. If she spent 8 minute,ok,70,4,5,4,5,1.0,True,True,True,True,False,False,False,False,False,,True,False,False,2,2,eq_rhs,changed,40,32,,calculation,True,explicitly identifies error,False
awps,propcalc, Olivia was playing a video game where she scores 8 points for each treasure she,ok,307,32,29,32,29,-3.0,True,True,True,True,False,False,False,False,True,,True,False,False,3,3,eq_rhs,changed,29,32,,calculation,True,directly redoes calculation,False
awps,propcalc, Faye was selling her necklaces at a garage sale. She sold 3 bead necklaces and ,ok,143,10,9,10,9,-1.0,True,True,True,True,False,False,False,False,False,,True,False,False,2,2,eq_rhs,changed,63,70,,calculation,False,,False
awps,propcalc, At the town carnival Oliver rode the ferris wheel 5 times and the bumper cars 4,ok,157,9,8,9,8,-1.0,True,True,True,True,False,False,False,False,False,,True,False,False,2,2,eq_rhs,changed,56,63,,calculation,False,,False
awps,propcalc, There were 5 friends playing a video game online when 2 more players joined the,ok,258,56,55,56,55,-1.0,True,True,True,True,False,False,False,False,True,,True,False,False,2,2,eq_rhs,changed,55,56,,calculation,False,,False
awps,propcalc," While playing a trivia game, Mike answered 3 questions correct in the first hal",ok,479,24,22,24,22,-2.0,True,True,True,True,False,False,False,False,True,,True,False,False,2,2,eq_rhs,changed,22,24,,calculation,True,directly redoes calculation,False
awps,propcalc," A waiter had 9 tables he was waiting on, with 4 women and 3 men at each table. ",ok,138,7,5,7,5,-2.0,True,True,True,True,False,False,False,False,False,,True,False,False,2,2,eq_rhs,changed,45,63,,calculation,True,explicitly identifies error,False
awps,propcalc, Chloe was organizing her book case making sure each of the shelves had exactly ,ok,175,30,27,30,27,-3.0,True,True,True,True,False,False,False,False,False,,True,False,False,3,3,eq_rhs,changed,51,54,,calculation,False,,False
awps,propcalc," While shopping for music online, Isabel bought 6 country albums and 2 pop album",ok,141,8,6,8,6,-2.0,True,True,True,True,True,True,True,False,False,,True,False,False,2,2,eq_rhs,changed,54,72,,calculation,True,directly redoes calculation,False
awps,propcalc, Tiffany had 6 pages of math homework and 4 pages of reading homework. If each p,ok,176,10,7,10,7,-3.0,True,True,True,True,False,False,False,False,False,,True,False,False,2,2,eq_rhs,changed,21,30,,calculation,True,explicitly identifies error,False
awps,propcalc, April's discount flowers was having a sale where each flower was 3 dollars. If ,ok,73,15,17,15,17,2.0,True,True,True,True,False,False,False,False,False,,True,False,False,3,3,eq_rhs,changed,29,27,,calculation,True,directly redoes calculation,False
awps,propcalc, There were 2 friends playing a video game online when 2 more players joined the,ok,101,4,5,4,5,1.0,True,True,True,True,False,False,False,False,False,,True,False,False,2,2,eq_rhs,changed,15,12,,calculation,True,directly redoes calculation,False
awps,propcalc, Adam bought 2 boxes of chocolate candy and 5 boxes of caramel candy. If each bo,ok,544,28,25,28,25,-3.0,True,True,True,True,False,False,False,False,True,,True,False,False,3,3,eq_rhs,changed,25,28,,calculation,False,,False
awps,propcalc," A pet store has 8 bird cages. If each cage has 2 parrots and 7 parakeets in it,",ok,139,9,11,9,11,2.0,True,True,True,True,False,False,False,False,False,,True,False,False,2,2,eq_rhs,changed,88,72,,calculation,False,,False
awps,propcalc, Lana's favorite band was holding a concert where tickets were 6 dollars each. L,ok,117,48,45,48,45,-3.0,True,True,True,True,False,False,False,False,False,,True,False,False,3,3,eq_rhs,changed,57,60,,calculation,True,directly redoes calculation,False
awps,propcalc, Gwen was organizing her book case making sure each of the shelves had exactly 4,ok,91,20,21,20,21,1.0,True,True,True,True,False,False,False,False,False,,True,False,False,3,3,eq_rhs,changed,33,32,,calculation,False,,False
awps,propcalc, Megan was selling her necklaces at a garage sale. She sold 7 bead necklaces and,ok,378,90,89,90,89,-1.0,True,True,True,True,False,False,False,False,True,,True,False,False,2,2,eq_rhs,changed,89,90,,calculation,True,directly redoes calculation,False
awps,propcalc, Rachel was playing a video game where she scores 9 points for each treasure she,ok,364,18,15,18,15,-3.0,True,True,True,True,False,False,False,False,False,,True,False,False,3,3,eq_rhs,changed,60,63,,calculation,False,,False
awps,propcalc, Roger was putting his spare change into piles. He had 3 piles of quarters and 3,ok,172,42,41,42,41,-1.0,True,True,True,True,False,False,False,False,True,,True,False,False,2,2,eq_rhs,changed,41,42,,calculation,True,complete hallucination,False
awps,propcalc, Tiffany was playing a video game where she scores 6 points for each treasure sh,ok,81,18,16,18,16,-2.0,True,True,True,True,False,False,False,False,False,,True,False,False,3,3,eq_rhs,changed,46,48,,calculation,True,explicitly identifies error,False
awps,propcalc, Megan was organizing her book case making sure each of the shelves had exactly ,ok,482,70,71,70,71,1.0,True,True,True,True,False,False,False,False,True,,True,False,False,3,3,eq_rhs,changed,71,70,,calculation,False,,False
awps,propcalc, Will was working as a sacker at a grocery store where he made 8 dollars an hour,ok,85,64,66,64,66,2.0,True,True,True,True,False,False,False,False,False,,True,False,False,3,3,eq_rhs,changed,82,80,,calculation,True,explicitly identifies error,False
awps,propcalc, Rachel bought 7 new chairs and 3 new tables for her house. If she spent 4 minut,ok,433,40,41,40,41,1.0,True,True,True,True,False,False,False,False,True,,True,False,False,2,2,eq_rhs,changed,41,40,,calculation,True,directly redoes calculation,False
awps,propcalc," While playing a trivia game, Adam answered 8 questions correct in the first hal",ok,357,80,79,80,79,-1.0,True,True,True,True,False,False,False,False,True,,True,False,False,2,2,eq_rhs,changed,79,80,,calculation,True,directly redoes calculation,False
awps,propcalc, Billy was putting his spare change into piles. He had 2 piles of quarters and 3,ok,155,8,6,8,6,-2.0,True,True,True,True,False,False,False,False,False,,True,False,False,3,3,eq_rhs,changed,18,20,,calculation,True,explicitly identifies error,False
awps,propcalc, Lana was unboxing some of her old winter clothes. She found 3 boxes of clothing,ok,334,21,24,21,24,3.0,True,True,True,True,False,False,False,False,True,,True,False,False,2,2,eq_rhs,changed,24,21,,calculation,False,,False
awps,propcalc, Frank and his friend were buying trick decks from the magic shop for 7 dollars ,ok,145,5,4,5,4,-1.0,True,True,True,True,False,False,False,False,False,,True,False,False,2,2,eq_rhs,changed,28,35,,calculation,True,explicitly identifies error,False
awps,propcalc, There were 8 friends playing a video game online when 2 more players joined the,ok,128,10,13,10,13,3.0,True,True,True,True,False,False,False,False,False,,True,False,False,2,2,eq_rhs,changed,78,60,,calculation,False,,False
awps,propcalc, Sam was collecting cans for recycling. On Saturday he filled 3 bags up and on S,ok,362,63,66,63,66,3.0,True,True,True,True,False,False,False,False,True,,True,False,False,2,2,eq_rhs,changed,66,63,,calculation,False,,False
awps,propcalc, Nancy was organizing her book case making sure each of the shelves had exactly ,ok,154,12,13,12,13,1.0,True,True,True,True,False,False,False,False,False,,True,False,False,3,3,eq_rhs,changed,49,48,,calculation,True,explicitly identifies error,False
awps,propcalc," While playing a trivia game, George answered 6 questions correct in the first h",ok,476,30,27,30,27,-3.0,True,True,True,True,False,False,False,False,True,,True,False,False,2,2,eq_rhs,changed,27,30,,calculation,False,,False
awps,propcalc, Sarah had 4 pages of math homework and 6 pages of reading homework. If each pag,ok,197,10,13,10,13,3.0,True,True,True,True,False,False,False,False,False,,True,False,False,0,0,no_verified_eqs,not_analyzable,,40,,calculation,False,,False
awps,propcalc, Kaleb was collecting cans for recycling. On Saturday he filled 4 bags up and on,ok,142,10,8,10,8,-2.0,True,True,True,True,False,False,False,False,False,,True,False,False,2,2,eq_rhs,changed,32,40,,calculation,False,,False
awps,propcalc, Emily bought 4 new chairs and 2 new tables for her house. If she spent 8 minute,ok,427,48,47,48,47,-1.0,True,True,True,True,False,False,False,False,True,,True,False,False,2,2,eq_rhs,changed,47,48,,calculation,True,complete hallucination,False
awps,propcalc, There were 4 friends playing a video game online when 5 more players joined the,ok,130,9,6,9,6,-3.0,True,True,True,True,False,False,False,False,False,,True,False,False,2,2,eq_rhs,changed,18,27,,calculation,True,directly redoes calculation,False
awps,propcalc, The schools debate team had 26 boys and 46 girls on it. If they were split into,ok,152,72,71,72,71,-1.0,True,True,True,True,False,False,False,False,False,,True,False,False,0,0,no_verified_eqs,not_analyzable,,8,,calculation,False,,False
awps,propcalc, Robin uploaded 35 pictures from her phone and 5 from her camera to facebook. If,ok,385,8,5,8,5,-3.0,True,True,True,True,True,True,True,False,True,,True,False,False,2,2,eq_rhs,changed,5,8,,calculation,False,,False
awps,propcalc, Kaleb had saved up 21 dollars. If he received another 15 dollars for his allowa,ok,165,36,35,36,35,-1.0,True,True,True,True,False,False,False,False,False,,True,False,False,2,2,eq_rhs,changed,5.833333333,6,,calculation,False,,False
awps,propcalc, Olivia was making baggies of cookies with 9 cookies in each bag. If she had 13 ,ok,173,54,52,54,52,-2.0,True,True,True,True,False,False,False,False,False,,True,False,False,2,2,eq_rhs,changed,5.777777778,6,,calculation,False,,False
awps,propcalc, For a birthday party Jerry bought 41 regular sodas and 22 diet sodas. If his fr,ok,389,7,4,7,4,-3.0,True,True,True,True,False,False,False,False,True,,True,False,False,2,2,eq_rhs,changed,4,7,,calculation,False,,False
awps,propcalc, The schools debate team had 11 boys and 45 girls on it. If they were split into,ok,292,8,11,8,11,3.0,True,True,True,True,True,True,True,False,True,,True,False,False,0,0,no_verified_eqs,not_analyzable,,8,,calculation,False,,False
awps,propcalc, A pet shelter had 9 puppies when another 12 were brought in. If 3 puppies a day,ok,184,21,18,21,18,-3.0,True,True,True,True,False,False,False,False,False,,True,False,False,2,2,eq_rhs,changed,6,7,,calculation,False,,False
awps,propcalc, Debby's class is going on a field trip to the zoo. If each van can hold 4 peopl,ok,137,8,10,8,10,2.0,True,True,True,True,False,False,False,False,False,,True,False,False,2,2,eq_rhs,changed,2.5,2,,calculation,False,,False
awps,propcalc, Isabel uploaded 2 pictures from her phone and 4 from her camera to facebook. If,ok,152,6,8,6,8,2.0,True,True,True,True,False,False,False,False,False,,True,False,False,2,2,eq_rhs,changed,2.666666667,2,,calculation,False,,False
awps,propcalc," While playing at the arcade, Frank won 33 tickets playing 'whack a mole' and 9 ",ok,167,42,39,42,39,-3.0,True,True,True,True,False,False,False,False,False,,True,False,False,2,2,eq_rhs,changed,6.5,7,,calculation,False,,False
awps,propcalc, Mike made 14 dollars mowing lawns and 26 dollars weed eating. If he only spent ,ok,387,8,9,8,9,1.0,True,True,True,True,False,False,False,False,True,,True,False,False,2,2,eq_rhs,changed,9,8,,calculation,True,directly redoes calculation,False
awps,propcalc, Gwen and her friends were recycling paper for their class. For every 3 pounds t,ok,321,6,4,6,4,-2.0,True,True,True,True,False,False,False,False,True,,True,False,False,2,2,eq_rhs,changed,4,6,,calculation,False,,False
awps,propcalc, Maria was making baggies of cookies with 5 cookies in each bag. If she had 33 c,ok,354,7,10,7,10,3.0,True,True,True,True,False,False,False,False,True,,True,False,False,2,2,eq_rhs,changed,10,7,,calculation,False,,False
awps,propcalc, Nancy's class is going on a field trip to the zoo. If each van can hold 5 peopl,ok,144,15,16,15,16,1.0,True,True,True,True,False,False,False,False,False,,True,False,False,2,2,eq_rhs,changed,3.2,3,,calculation,False,,False
awps,propcalc, For a birthday party George bought 10 regular sodas and 22 diet sodas. If his f,ok,143,32,29,32,29,-3.0,True,True,True,True,False,False,False,False,False,,True,False,False,2,2,eq_rhs,changed,7.25,8,,calculation,True,explicitly identifies error,False
awps,propcalc, For Halloween Sarah received 66 pieces of candy from neighbors and 15 pieces fr,ok,176,81,83,81,83,2.0,True,True,True,True,False,False,False,False,False,,True,False,False,2,2,eq_rhs,changed,9.222222222,9,,calculation,False,,False
awps,propcalc, Paul made 68 dollars mowing lawns and 13 dollars weed eating. If he only spent ,ok,151,81,83,81,83,2.0,True,True,True,True,False,False,False,False,False,,True,False,False,2,2,eq_rhs,changed,9.222222222,9,,calculation,True,explicitly identifies error,False
awps,propcalc," While playing at the arcade, Edward won 3 tickets playing 'whack a mole' and 5 ",ok,165,8,6,8,6,-2.0,True,True,True,True,False,False,False,False,False,,True,False,False,2,2,eq_rhs,changed,1.5,2,,calculation,True,explicitly identifies error,False
awps,propcalc, Megan's class is going on a field trip to the zoo. If each van can hold 5 peopl,ok,466,6,3,6,3,-3.0,True,True,True,True,False,False,False,False,True,,True,False,False,2,2,eq_rhs,changed,3,6,,calculation,True,complete hallucination,False
awps,propcalc, Luke was organizing his baseball cards in a binder with 3 on each page. If he h,ok,121,12,9,12,9,-3.0,True,True,True,True,True,True,True,False,False,,True,False,False,2,2,eq_rhs,changed,3,4,,calculation,True,explicitly identifies error,False
awps,propcalc, Olivia uploaded 5 pictures from her phone and 35 from her camera to facebook. I,ok,164,40,42,40,42,2.0,True,True,True,True,False,False,False,False,False,,True,False,False,2,2,eq_rhs,changed,5.25,5,,calculation,True,explicitly identifies error,False
awps,propcalc," A vase can hold 5 flowers. If you had 6 carnations and 19 roses, how many vases",ok,125,25,24,25,24,-1.0,True,True,True,True,False,False,False,False,False,,True,False,False,2,2,eq_rhs,changed,4.8,5,,calculation,True,explicitly identifies error,False
awps,propcalc, There school's baseball team had 12 new players and 44 returning players. If th,ok,291,7,5,7,5,-2.0,True,True,True,True,False,False,False,False,True,,True,False,False,0,0,no_verified_eqs,not_analyzable,,7,,calculation,True,complete hallucination,False
awps,propcalc, Frank had saved up 3 dollars. If he received another 37 dollars for his allowan,ok,153,40,43,40,43,3.0,True,True,True,True,False,False,False,False,False,,True,False,False,2,2,eq_rhs,changed,5.375,5,,calculation,True,explicitly identifies error,False
awps,propcalc, A toy store had 6 giant stuffed bears in stock when they got another shipment w,ok,307,4,5,4,5,1.0,True,True,True,True,False,False,False,False,True,,True,False,False,2,2,eq_rhs,changed,5,4,,calculation,False,,False
awps,propcalc," Jerry was helping the cafeteria workers pick up lunch trays, but he could only ",ok,75,1,0,1,0,-1.0,True,True,True,True,False,False,False,False,False,,False,False,True,0,0,no_verified_eqs,not_analyzable,,2,,calculation,True,complete hallucination,False
awps,propcalc," Sam had saved up 8 dollars. If he received another 7 dollars for his allowance,",ok,157,15,12,15,12,-3.0,True,True,True,True,False,False,False,False,False,,True,False,False,2,2,eq_rhs,changed,4,5,,calculation,False,,False
awps,propcalc, Bianca and her friends were recycling paper for their class. For every 3 pounds,ok,156,27,24,27,24,-3.0,True,True,True,True,True,True,True,False,False,,True,False,False,2,2,eq_rhs,changed,8,9,,calculation,True,directly redoes calculation,False
awps,propcalc, There school's baseball team had 31 new players and 4 returning players. If the,ok,155,35,36,35,36,1.0,True,True,True,True,False,False,False,False,False,,True,False,False,0,0,no_verified_eqs,not_analyzable,,5,,calculation,True,explicitly identifies error,False
awps,propcalc, Oliver was organizing his baseball cards in a binder with 3 on each page. If he,ok,190,4,6,4,6,2.0,True,True,True,True,False,False,False,False,True,,True,False,False,2,2,eq_rhs,changed,6,4,,calculation,False,,False
awps,propcalc, Paul made 3 dollars mowing lawns and 3 dollars weed eating. If he only spent 3 ,ok,96,6,9,6,9,3.0,True,True,True,True,False,False,False,False,False,,True,False,False,2,2,eq_rhs,changed,3,2,,calculation,False,,False
awps,propcalc, Robin was making baggies of cookies with 6 cookies in each bag. If she had 23 c,ok,213,48,46,48,46,-2.0,True,True,True,True,False,False,False,False,False,,True,False,False,0,0,no_verified_eqs,not_analyzable,,8,,calculation,False,,False
awps,propcalc, The schools debate team had 5 boys and 40 girls on it. If they were split into ,ok,132,45,47,45,47,2.0,True,True,True,True,False,False,False,False,False,,True,False,False,2,2,eq_rhs,changed,5.222222222,5,,calculation,True,explicitly identifies error,False
awps,propcalc, There school's baseball team had 2 new players and 6 returning players. If the ,ok,194,8,5,8,5,-3.0,True,True,True,True,False,False,False,False,False,,True,False,False,0,0,no_verified_eqs,not_analyzable,,2,,calculation,True,complete hallucination,False
awps,propcalc, For homework Amy had 18 math problems and 6 spelling problems. If she can finis,ok,140,24,27,24,27,3.0,True,True,True,True,False,False,False,False,False,,True,False,False,2,2,eq_rhs,changed,6.75,6,,calculation,False,,False
awps,propcalc, Maria was making baggies of cookies with 3 cookies in each bag. If she had 2 ch,ok,146,18,17,18,17,-1.0,True,True,True,True,False,False,False,False,False,,True,False,False,2,2,eq_rhs,changed,5.666666667,6,,calculation,False,,False
awps,propcalc, A pet shelter had 3 puppies when another 3 were brought in. If 3 puppies a day ,ok,161,6,7,6,7,1.0,True,True,True,True,False,False,False,False,False,,True,False,False,2,2,eq_rhs,changed,2.333333333,2,,calculation,False,,False
awps,propcalc," While playing at the arcade, Luke won 2 tickets playing 'whack a mole' and 13 t",ok,389,5,7,5,7,2.0,True,True,True,True,False,False,False,False,True,,True,False,False,2,2,eq_rhs,changed,7,5,,calculation,False,,False
awps,propcalc, Paul had saved up 3 dollars. If he received another 7 dollars for his allowance,ok,149,10,13,10,13,3.0,True,True,True,True,False,False,False,False,False,,True,False,False,2,2,eq_rhs,changed,2.6,2,,calculation,True,explicitly identifies error,False
awps,propcalc," While playing at the arcade, Ned won 26 tickets playing 'whack a mole' and 19 t",ok,326,5,4,5,4,-1.0,True,True,True,True,False,False,False,False,True,,True,False,False,2,2,eq_rhs,changed,4,5,,calculation,False,,False
awps,propcalc," Luke was helping the cafeteria workers pick up lunch trays, but he could only c",ok,221,5,2,5,2,-3.0,True,True,True,True,False,False,False,False,False,,True,False,False,0,0,no_verified_eqs,not_analyzable,,9,,calculation,False,,False
awps,propcalc, A pet shelter had 2 puppies when another 34 were brought in. If 4 puppies a day,ok,170,36,35,36,35,-1.0,True,True,True,True,False,False,False,False,False,,True,False,False,2,2,eq_rhs,changed,8.75,9,,calculation,True,explicitly identifies error,False
awps,propcalc, At a company picnic 9 managers and 15 employees decided to start a game of voll,ok,304,3,5,3,5,2.0,True,True,True,True,False,False,False,False,True,,True,False,False,1,1,after_last_eq,not_analyzable,,3,,calculation,True,complete hallucination,False
awps,propcalc, Wendy uploaded 22 pictures from her phone and 2 from her camera to facebook. If,ok,385,6,9,6,9,3.0,True,True,True,True,False,False,False,False,True,,True,False,False,2,2,eq_rhs,changed,9,6,,calculation,False,,False
awps,propcalc, Zoe and her friends were recycling paper for their class. For every 8 pounds th,ok,156,48,47,48,47,-1.0,True,True,True,True,False,False,False,False,False,,True,False,False,2,2,eq_rhs,changed,5.875,6,,calculation,False,,False
awps,propcalc, Billy was organizing his baseball cards in a binder with 5 on each page. If he ,ok,156,45,47,45,47,2.0,True,True,True,True,False,False,False,False,False,,True,False,False,2,2,eq_rhs,changed,9.4,9,,calculation,False,,False
awps,propcalc, For a birthday party Tom bought 4 regular sodas and 52 diet sodas. If his fridg,ok,137,56,58,56,58,2.0,True,True,True,True,False,False,False,False,False,,True,False,False,2,2,eq_rhs,changed,8.285714286,8,,calculation,False,,False
awps,propcalc, Paul had saved up 4 dollars. If he received another 11 dollars for his allowanc,ok,161,15,12,15,12,-3.0,True,True,True,True,False,False,False,False,False,,True,False,False,2,2,eq_rhs,changed,2.4,3,,calculation,False,,False
awps,propcalc, Katie uploaded 30 pictures from her phone and 51 from her camera to facebook. I,ok,159,81,84,81,84,3.0,True,True,True,True,False,False,False,False,False,,True,False,False,2,2,eq_rhs,changed,9.333333333,9,,calculation,True,complete hallucination,False
awps,propcalc, Debby's class is going on a field trip to the zoo. If each van can hold 9 peopl,ok,157,54,51,54,51,-3.0,True,True,True,True,False,False,False,False,False,,True,False,False,2,2,eq_rhs,changed,5.666666667,6,,calculation,True,explicitly identifies error,False
awps,propcalc, A new building needed 14 windows. The builder had already installed 5 of them. ,ok,624,36,37,36,37,1.0,True,True,True,True,False,False,False,False,True,,True,False,False,0,0,no_verified_eqs,not_analyzable,,36,,calculation,True,complete hallucination,False
awps,propcalc, A chef needs to cook 16 potatoes. He has already cooked 7. If each potato takes,ok,167,9,6,9,6,-3.0,True,True,True,True,False,False,False,False,False,,True,False,False,2,2,eq_rhs,changed,30,45,,calculation,False,,False
awps,propcalc," Henry earned 5 dollars for each lawn he mowed. If he had 12 lawns to mow, but f",ok,268,25,27,25,27,2.0,True,True,True,True,False,False,False,False,True,,True,False,False,2,2,eq_rhs,changed,27,25,,calculation,True,directly redoes calculation,False
awps,propcalc," A trivia team had 5 members total, but during a game 2 members didn't show up. ",ok,143,3,6,3,6,3.0,True,True,True,True,True,False,True,False,False,,True,False,False,2,2,eq_rhs,changed,36,18,,calculation,True,explicitly identifies error,False
awps,propcalc, A painter needed to paint 10 rooms in a building. Each room takes 8 hours to pa,ok,228,16,14,16,14,-2.0,True,True,True,True,False,False,False,False,True,,True,False,False,2,2,eq_rhs,changed,14,16,,calculation,True,directly redoes calculation,False
awps,propcalc, At a restaurant each adult meal costs $3 and kids eat free. If a group of 12 pe,ok,232,5,4,5,4,-1.0,True,True,True,True,False,False,False,False,False,,True,False,False,1,1,eq_rhs,not_analyzable,,15,,calculation,False,,False
awps,propcalc," Jerry had 7 action figures, but needed 16 total for a complete collection. If e",ok,264,9,6,9,6,-3.0,True,True,True,True,False,False,False,False,False,,True,False,False,0,0,no_verified_eqs,not_analyzable,,72,,calculation,False,,False
awps,propcalc, There were 16 friends playing a video game online when 7 players quit. If each ,ok,379,72,75,72,75,3.0,True,True,True,True,False,False,False,False,True,,True,False,False,2,2,eq_rhs,changed,75,72,,calculation,False,,False
awps,propcalc, A new building needed 10 windows. The builder had already installed 6 of them. ,ok,172,4,6,4,6,2.0,True,True,True,True,True,True,True,False,False,,True,False,False,2,2,eq_rhs,changed,30,20,,calculation,False,,False
awps,propcalc," A trivia team had 12 members total, but during a game 4 members didn't show up.",ok,400,64,61,64,61,-3.0,True,True,True,True,False,False,False,False,True,,True,False,False,2,2,eq_rhs,changed,61,64,,calculation,True,directly redoes calculation,False
awps,propcalc, Mike had 16 video games but 8 of them weren't working. If he wanted to sell the,ok,252,56,59,56,59,3.0,True,True,True,True,False,False,False,False,True,,True,False,False,2,2,eq_rhs,changed,59,56,,calculation,True,directly redoes calculation,False
awps,propcalc, There were 8 friends playing a video game online when 5 players quit. If each p,ok,400,15,14,15,14,-1.0,True,True,True,True,False,False,False,False,True,,True,False,False,0,0,no_verified_eqs,not_analyzable,,15,,calculation,True,explicitly identifies error,False
awps,propcalc, Will bought 7 boxes of chocolate candy and gave 3 to his little brother. If eac,ok,111,28,26,28,26,-2.0,True,True,True,True,False,False,False,False,False,,True,False,False,3,3,eq_rhs,changed,14,16,,calculation,True,directly redoes calculation,False
awps,propcalc," Roger earned 9 dollars for each lawn he mowed. If he had 14 lawns to mow, but f",ok,145,6,7,6,7,1.0,True,True,True,True,False,False,False,False,False,,True,False,False,2,2,eq_rhs,changed,63,54,,calculation,False,,False
awps,propcalc, A magician was selling magic card decks for 2 dollars each. If he started with ,ok,180,4,1,4,1,-3.0,True,True,True,True,False,False,False,False,True,,True,False,False,2,2,eq_rhs,changed,1,4,,calculation,True,directly redoes calculation,False
awps,propcalc, A chef needs to cook 12 potatoes. He has already cooked 6. If each potato takes,ok,334,36,38,36,38,2.0,True,True,True,True,False,False,False,False,True,,True,False,False,2,2,eq_rhs,changed,38,36,,calculation,True,directly redoes calculation,False
awps,propcalc, A new building needed 9 windows. The builder had already installed 6 of them. I,ok,368,18,19,18,19,1.0,True,True,True,True,False,False,False,False,True,,True,False,False,2,2,eq_rhs,changed,19,18,,calculation,True,directly redoes calculation,False
awps,propcalc, At the fair Adam bought 13 tickets. After riding the ferris wheel he had 4 tick,ok,335,81,80,81,80,-1.0,True,True,True,True,False,False,False,False,True,,True,False,False,2,2,eq_rhs,changed,80,81,,calculation,False,,False
awps,propcalc, Dave bought 12 boxes of chocolate candy and gave 5 to his little brother. If ea,ok,183,21,23,21,23,2.0,True,True,True,True,False,False,False,False,True,,True,False,False,2,2,eq_rhs,changed,23,21,,calculation,True,complete hallucination,False
awps,propcalc, A painter needed to paint 9 rooms in a building. Each room takes 8 hours to pai,ok,330,32,31,32,31,-1.0,True,True,True,True,False,False,False,False,True,,True,False,False,2,2,eq_rhs,changed,31,32,,calculation,True,partial hallucination,False
awps,propcalc, A worksheet had 4 problems on it. If a teacher had 9 worksheets to grade and ha,ok,490,20,19,20,19,-1.0,True,True,True,True,False,False,False,False,False,,True,False,False,3,3,eq_rhs,changed,17,16,,calculation,True,complete hallucination,False
awps,propcalc, A magician was selling magic card decks for 9 dollars each. If he started with ,ok,429,45,48,45,48,3.0,True,True,True,True,False,False,False,False,True,,True,False,False,2,2,eq_rhs,changed,48,45,,calculation,True,complete hallucination,False
awps,propcalc, A chef needs to cook 9 potatoes. He has already cooked 7. If each potato takes ,ok,166,2,3,2,3,1.0,True,True,True,True,True,False,True,False,False,,True,False,False,2,2,eq_rhs,changed,9,6,,calculation,False,,False
awps,propcalc, A magician was selling magic card decks for 5 dollars each. If he started with ,ok,251,45,46,45,46,1.0,True,True,True,True,False,False,False,False,True,,True,False,False,2,2,eq_rhs,changed,46,45,,calculation,True,complete hallucination,False
awps,propcalc, Adam bought 13 boxes of chocolate candy and gave 7 to his little brother. If ea,ok,384,36,39,36,39,3.0,True,True,True,True,False,False,False,False,True,,True,False,False,2,2,eq_rhs,changed,39,36,,calculation,False,,False
awps,propcalc," A trivia team had 7 members total, but during a game 2 members didn't show up. ",ok,143,5,2,5,2,-3.0,True,True,True,True,True,True,True,False,False,,True,False,False,2,2,eq_rhs,changed,8,20,,calculation,True,directly redoes calculation,False
awps,propcalc," Bianca earned 5 points for each bag of cans she recycled. If she had 17 bags, b",ok,375,45,42,45,42,-3.0,True,True,True,True,False,False,False,False,True,,True,False,False,2,2,eq_rhs,changed,42,45,,calculation,False,,False
awps,propcalc, A chef needs to cook 15 potatoes. He has already cooked 6. If each potato takes,ok,320,72,69,72,69,-3.0,True,True,True,True,False,False,False,False,True,,True,False,False,2,2,eq_rhs,changed,69,72,,calculation,True,directly redoes calculation,False
awps,propcalc, There were 10 friends playing a video game online when 7 players quit. If each ,ok,196,3,2,3,2,-1.0,True,True,True,True,False,False,False,False,False,,True,False,False,0,0,no_verified_eqs,not_analyzable,,24,,calculation,False,,False
awps,propcalc," In a video game, each enemy defeated gives you 8 points. If a level has 7 enemi",ok,34,5,7,5,7,2.0,True,True,True,True,True,True,True,False,False,,True,False,False,2,2,eq_rhs,changed,56,40,,calculation,True,states correct value,False
awps,propcalc, A worksheet had 4 problems on it. If a teacher had 16 worksheets to grade and h,ok,312,32,30,32,30,-2.0,True,True,True,True,False,False,False,False,True,,True,False,False,2,2,eq_rhs,changed,30,32,,calculation,False,,False
awps,propcalc, April's discount flowers was having a sale where each rose was 4 dollars. If Ap,ok,124,9,12,9,12,3.0,True,True,True,True,False,False,False,False,False,,True,False,False,2,2,eq_rhs,changed,48,36,,calculation,False,,False
awps,propcalc, Each chocolate bar in a box cost $4. If a box had 11 bars total and Vanessa sol,ok,263,16,15,16,15,-1.0,True,True,True,True,False,False,False,False,True,,True,False,False,2,2,eq_rhs,changed,15,16,,calculation,True,directly redoes calculation,False
awps,propcalc," Gwen earned 8 points for each bag of cans she recycled. If she had 4 bags, but ",ok,308,16,18,16,18,2.0,True,True,True,True,False,False,False,False,True,,True,False,False,2,2,eq_rhs,changed,18,16,,calculation,True,complete hallucination,False
awps,propcalc, A new building needed 12 windows. The builder had already installed 6 of them. ,ok,321,24,23,24,23,-1.0,True,True,True,True,False,False,False,False,True,,True,False,False,2,2,eq_rhs,changed,23,24,,calculation,True,directly redoes calculation,False
awps,propcalc, A chef needs to cook 15 potatoes. He has already cooked 8. If each potato takes,ok,181,7,6,7,6,-1.0,True,True,True,True,False,False,False,False,False,,True,False,False,2,2,eq_rhs,changed,54,63,,calculation,False,,False
awps,propcalc," A trivia team had 14 members total, but during a game 7 members didn't show up.",ok,402,35,32,35,32,-3.0,True,True,True,True,False,False,False,False,True,,True,False,False,2,2,eq_rhs,changed,32,35,,calculation,True,directly redoes calculation,False
awps,propcalc, A chef needs to cook 13 potatoes. He has already cooked 5. If each potato takes,ok,320,48,49,48,49,1.0,True,True,True,True,False,False,False,False,True,,True,False,False,2,2,eq_rhs,changed,49,48,,calculation,True,directly redoes calculation,False
awps,propcalc," Isabel baked 3 brownies, but needed 5 total for her party. If she used 5 cups o",ok,230,10,9,10,9,-1.0,True,True,True,True,False,False,False,False,True,,True,False,False,2,2,eq_rhs,changed,9,10,,calculation,True,directly redoes calculation,False
awps,propcalc, April's discount flowers was having a sale where each rose was 9 dollars. If Ap,ok,124,3,0,3,0,-3.0,True,True,True,True,False,False,False,False,False,,True,False,False,2,2,eq_rhs,changed,0,27,,calculation,True,directly redoes calculation,False
awps,propcalc, Tom bought 14 boxes of chocolate candy and gave 8 to his little brother. If eac,ok,340,18,21,18,21,3.0,True,True,True,True,False,False,False,False,True,,True,False,False,2,2,eq_rhs,changed,21,18,,calculation,False,,False
awps,propcalc," Edward earned 4 dollars for each lawn he mowed. If he had 17 lawns to mow, but ",ok,176,8,11,8,11,3.0,True,True,True,True,False,False,False,False,False,,True,False,False,2,2,eq_rhs,changed,44,32,,calculation,False,,False
awps,propcalc, A new building needed 11 windows. The builder had already installed 4 of them. ,ok,366,56,54,56,54,-2.0,True,True,True,True,False,False,False,False,True,,True,False,False,2,2,eq_rhs,changed,54,56,,calculation,False,,False
awps,propcalc, There were 13 friends playing a video game online when 8 players quit. If each ,ok,196,5,4,5,4,-1.0,True,True,True,True,False,False,False,False,False,,True,False,False,0,0,no_verified_eqs,not_analyzable,,30,,calculation,False,,False
awps,propcalc," A trivia team had 9 members total, but during a game 3 members didn't show up. ",ok,143,6,3,6,3,-3.0,True,True,True,True,True,True,True,False,False,,True,False,False,2,2,eq_rhs,changed,6,12,,calculation,True,explicitly identifies error,False
awps,propcalc," Edward earned 9 dollars for each lawn he mowed. If he had 6 lawns to mow, but f",ok,132,36,35,36,35,-1.0,True,True,True,True,False,False,False,False,True,,True,False,False,2,2,eq_rhs,changed,35,36,,calculation,True,directly redoes calculation,False
awps,propcalc, At a restaurant each adult meal costs $2 and kids eat free. If a group of 9 peo,ok,257,14,17,14,17,3.0,True,True,True,True,False,False,False,False,True,,True,False,False,2,2,eq_rhs,changed,17,14,,calculation,False,,False
awps,propcalc," Katie baked 18 cupcakes for her school's bake sale. If her brother, Todd, ate 8",ok,116,10,9,10,9,-1.0,True,True,True,True,False,False,False,False,False,,True,False,False,2,2,eq_rhs,changed,4.5,5,,calculation,False,,False
awps,propcalc, Mike made 101 dollars mowing lawns over the summer. If he spent 47 dollars buyi,ok,372,9,8,9,8,-1.0,True,True,True,True,False,False,False,False,True,,True,False,False,2,2,eq_rhs,changed,8,9,,calculation,False,,False
awps,propcalc, Oliver is at the library helping put away books. There are 46 book to put away ,ok,189,36,38,36,38,2.0,True,True,True,True,False,False,False,False,False,,True,False,False,1,1,eq_rhs,not_analyzable,,9,,calculation,False,,False
awps,propcalc, Emily was planting vegetables in her garden. She started with 41 seeds and plan,ok,567,3,2,3,2,-1.0,True,True,True,True,False,False,False,False,True,,True,False,False,0,0,no_verified_eqs,not_analyzable,,3,,calculation,False,,False
awps,propcalc, Edward made 37 dollars mowing lawns over the summer. If he spent 21 dollars buy,ok,357,8,5,8,5,-3.0,True,True,True,True,False,False,False,False,True,,True,False,False,2,2,eq_rhs,changed,5,8,,calculation,False,,False
awps,propcalc, A pet store had 81 puppies. In one day they sold 41 of them and put the rest in,ok,297,5,8,5,8,3.0,True,True,True,True,True,True,True,False,True,,True,False,False,2,2,eq_rhs,changed,8,5,,calculation,False,,False
awps,propcalc," Tom had 57 dollars. If he spent 49 bucks on a new game, how many 4 dollar toys ",ok,206,8,9,8,9,1.0,True,True,True,True,False,False,False,False,False,,True,False,False,0,0,no_verified_eqs,not_analyzable,,2,,calculation,True,explicitly identifies error,False
awps,propcalc, Nancy had 80 files on her computer. She deleted 31 of them and put the rest int,ok,78,49,50,49,50,1.0,True,True,True,True,False,False,False,False,False,,True,False,False,2,2,eq_rhs,changed,7.142857143,7,,calculation,True,explicitly identifies error,False
awps,propcalc, The cafeteria had 96 apples. For lunch they handed out 42 to students and decid,ok,128,54,51,54,51,-3.0,True,True,True,True,False,False,False,False,False,,True,False,False,2,2,eq_rhs,changed,8.5,9,,calculation,False,,False
awps,propcalc, A pet store had 64 puppies. In one day they sold 28 of them and put the rest in,ok,137,36,35,36,35,-1.0,True,True,True,True,False,False,False,False,False,,True,False,False,2,2,eq_rhs,changed,8.75,9,,calculation,True,explicitly identifies error,False
awps,propcalc, Megan had 40 homework problems. She finished 26 of them but still had 2 pages o,ok,157,14,16,14,16,2.0,True,True,True,True,False,False,False,False,False,,True,False,False,2,2,eq_rhs,changed,8,7,,calculation,False,,False
awps,propcalc, Bianca uploaded 33 pictures to Facebook. She put 27 pics into one album and put,ok,221,6,9,6,9,3.0,True,True,True,True,False,False,False,False,False,,True,False,False,0,0,no_verified_eqs,not_analyzable,,2,,calculation,False,,False
awps,propcalc, A waiter had 44 customers in his section. If 12 of them left and the rest of hi,ok,337,4,5,4,5,1.0,True,True,True,True,False,False,False,False,True,,True,False,False,2,2,eq_rhs,changed,5,4,,calculation,False,,False
awps,propcalc, Jerry is at the library helping put away books. There are 34 book to put away t,ok,428,9,10,9,10,1.0,True,True,True,True,False,False,False,False,True,,True,False,False,1,1,after_last_eq,not_analyzable,,9,,calculation,False,,False
awps,propcalc, Nancy was planting vegetables in her garden. She started with 52 seeds and plan,ok,489,6,8,6,8,2.0,True,True,True,True,False,False,False,False,True,,True,False,False,1,1,eq_rhs,changed,8,6,,calculation,False,,False
awps,propcalc," Will had 83 dollars. If he spent 47 bucks on a new game, how many 4 dollar toys",ok,415,9,11,9,11,2.0,True,True,True,True,False,False,False,False,True,,True,False,False,0,0,no_verified_eqs,not_analyzable,,9,,calculation,True,complete hallucination,False
awps,propcalc, Bianca was planting vegetables in her garden. She started with 52 seeds and pla,ok,529,6,8,6,8,2.0,True,True,True,True,False,False,False,False,True,,True,False,False,0,0,no_verified_eqs,not_analyzable,,6,,calculation,False,,False
awps,propcalc, The cafeteria had 47 apples. For lunch they handed out 27 to students and decid,ok,127,20,19,20,19,-1.0,True,True,True,True,False,False,False,False,False,,True,False,False,2,2,eq_rhs,changed,4.75,5,,calculation,False,,False
awps,propcalc," Megan baked 68 cupcakes for her school's bake sale. If her brother, Todd, ate 3",ok,118,36,33,36,33,-3.0,True,True,True,True,False,False,False,False,False,,True,False,False,2,2,eq_rhs,changed,5.5,6,,calculation,False,,False
awps,propcalc, A store had 120 coloring books in stock. They ended up putting them on sale and,ok,216,81,80,81,80,-1.0,True,True,True,True,False,False,False,False,False,,True,False,False,2,2,eq_rhs,changed,8.888888889,9,,calculation,True,explicitly identifies error,False
awps,propcalc, Mike made 42 dollars mowing lawns over the summer. If he spent 10 dollars buyin,ok,434,4,2,4,2,-2.0,True,True,True,True,False,False,False,False,True,,True,False,False,0,0,no_verified_eqs,not_analyzable,,4,,calculation,False,,False
awps,propcalc, Oliver made 35 dollars mowing lawns over the summer. If he spent 7 dollars buyi,ok,214,28,30,28,30,2.0,True,True,True,True,False,False,False,False,False,,True,False,False,0,0,no_verified_eqs,not_analyzable,,7,,calculation,True,explicitly identifies error,False
awps,propcalc, There are 17 students trying out for the school's trivia teams. If 5 of them di,ok,386,4,5,4,5,1.0,True,True,True,True,True,True,True,False,True,,True,False,False,0,0,no_verified_eqs,not_analyzable,,4,,calculation,True,complete hallucination,False
awps,propcalc," Megan baked 71 cupcakes for her school's bake sale. If her brother, Todd, ate 4",ok,127,28,26,28,26,-2.0,True,True,True,True,False,False,False,False,False,,True,False,False,2,2,eq_rhs,changed,3.714285714,4,,calculation,False,,False
awps,propcalc, The cafeteria had 50 apples. For lunch they handed out 5 to students and decide,ok,116,45,43,45,43,-2.0,True,True,True,True,False,False,False,False,False,,True,False,False,0,0,no_verified_eqs,not_analyzable,,9,,calculation,False,,False
awps,propcalc, Nancy had 101 homework problems. She finished 47 of them but still had 6 pages ,ok,454,9,11,9,11,2.0,True,True,True,True,False,False,False,False,True,,True,False,False,2,2,eq_rhs,changed,11,9,,calculation,False,,False
awps,propcalc, Paige had 27 files on her computer. She deleted 9 of them and put the rest into,ok,340,3,2,3,2,-1.0,True,True,True,True,False,False,False,False,True,,True,False,False,2,2,eq_rhs,changed,2,3,,calculation,False,,False
awps,propcalc," A company invited 45 people to a luncheon, but 35 of them didn't show up. If th",ok,600,5,8,5,8,3.0,True,True,True,True,False,False,False,False,True,,True,False,False,0,0,no_verified_eqs,not_analyzable,,5,,calculation,True,complete hallucination,False
awps,propcalc, Sarah had 55 homework problems. She finished 6 of them but still had 7 pages of,ok,164,49,51,49,51,2.0,True,True,True,True,False,False,False,False,False,,True,False,False,2,2,eq_rhs,changed,7.285714286,7,,calculation,False,,False
awps,propcalc, Luke was selling his old games. He started out with 39 but sold 19 of them. He ,ok,285,5,4,5,4,-1.0,True,True,True,True,True,True,True,False,True,,True,False,False,2,2,eq_rhs,changed,4,5,,calculation,False,,False
awps,propcalc," Haley baked 20 cupcakes for her school's bake sale. If her brother, Todd, ate 1",ok,119,9,7,9,7,-2.0,True,True,True,True,False,False,False,False,False,,True,False,False,2,2,eq_rhs,changed,2.333333333,3,,calculation,False,,False
awps,propcalc, A pet store had 13 puppies. In one day they sold 7 of them and put the rest int,ok,463,3,4,3,4,1.0,True,True,True,True,False,False,False,False,True,,True,False,False,0,0,no_verified_eqs,not_analyzable,,3,,calculation,False,,False
awps,propcalc, A store had 27 coloring books in stock. They ended up putting them on sale and ,ok,188,21,19,21,19,-2.0,True,True,True,True,False,False,False,False,False,,True,False,False,2,2,eq_rhs,changed,2.714285714,3,,calculation,True,explicitly identifies error,False
awps,propcalc, Wendy had 82 files on her computer. She deleted 37 of them and put the rest int,ok,307,9,10,9,10,1.0,True,True,True,True,False,False,False,False,True,,True,False,False,2,2,eq_rhs,changed,10,9,,calculation,False,,False
awps,propcalc, For Halloween Emily received 54 pieces of candy. She ate 33 pieces then placed ,ok,137,21,23,21,23,2.0,True,True,True,True,False,False,False,False,False,,True,False,False,2,2,eq_rhs,changed,3.285714286,3,,calculation,True,explicitly identifies error,False
awps,propcalc, A store had 48 coloring books in stock. They ended up putting them on sale and ,ok,252,10,11,10,11,1.0,True,True,True,True,False,False,False,False,False,,True,False,False,0,0,no_verified_eqs,not_analyzable,,2,,calculation,False,,False
awps,propcalc, Roger is at the library helping put away books. There are 14 book to put away t,ok,421,4,3,4,3,-1.0,True,True,True,True,True,True,True,False,True,,True,False,False,0,0,no_verified_eqs,not_analyzable,,4,,calculation,False,,False
awps,propcalc, A pet store had 56 puppies. In one day they sold 24 of them and put the rest in,ok,137,32,31,32,31,-1.0,True,True,True,True,False,False,False,False,False,,True,False,False,2,2,eq_rhs,changed,7.75,8,,calculation,True,explicitly identifies error,False
awps,propcalc," Jerry had 60 pieces of clothing to wash. He put 40 of them in one load, but dec",ok,444,4,2,4,2,-2.0,True,True,True,True,False,False,False,False,True,,True,False,False,2,2,eq_rhs,changed,2,4,,calculation,True,complete hallucination,False
awps,propcalc, Will made 104 dollars mowing lawns over the summer. If he spent 41 dollars buyi,ok,372,7,5,7,5,-2.0,True,True,True,True,False,False,False,False,True,,True,False,False,2,2,eq_rhs,changed,5,7,,calculation,False,,False
awps,propcalc, For Halloween Bianca received 32 pieces of candy. She ate 12 pieces then placed,ok,67,20,21,20,21,1.0,True,True,True,True,False,False,False,False,False,,True,False,False,1,1,eq_rhs,not_analyzable,,4,,calculation,True,explicitly identifies error,False
awps,propcalc, Katie had 85 files on her computer. She deleted 40 of them and put the rest int,ok,78,45,47,45,47,2.0,True,True,True,True,False,False,False,False,False,,True,False,False,2,2,eq_rhs,changed,9.4,9,,calculation,True,explicitly identifies error,False
awps,propcalc," Roger had 68 dollars. If he spent 47 bucks on a new game, how many 7 dollar toy",ok,209,21,19,21,19,-2.0,True,True,True,True,False,False,False,False,False,,True,False,False,0,0,no_verified_eqs,not_analyzable,,3,,calculation,False,,False
awps,propcalc, Tom bought 40 tickets at the state fair. He spent 28 tickets at the 'dunk a clo,ok,222,12,14,12,14,2.0,True,True,True,True,False,False,False,False,False,,True,False,False,2,2,eq_rhs,changed,3.5,3,,calculation,True,explicitly identifies error,False
awps,propcalc," Sarah baked 38 cupcakes for her school's bake sale. If her brother, Todd, ate 1",ok,127,24,27,24,27,3.0,True,True,True,True,False,False,False,False,False,,True,False,False,2,2,eq_rhs,changed,3.375,3,,calculation,True,explicitly identifies error,False
awps,propcalc," Henry was helping the cafeteria workers pick up lunch trays, but he could only ",ok,162,81,83,81,83,2.0,True,True,True,True,False,False,False,False,False,,True,False,False,2,2,eq_rhs,changed,9.222222222,9,,calculation,False,,False
svamp,copy,Dan had $ 3 left with him after he bought a candy bar. If he had $ 4 at the star,ok,225,1.,-1.,1,-1,-2.0,True,True,True,,False,False,False,False,True,cot,False,,,1,1,after_last_eq,unchanged,1,1,,copying,True,directly redoes calculation,False
svamp,copy,Paco had 26 salty cookies and 17 sweet cookies. He ate 14 sweet cookies and 9 sa,ok,70,9,12,9,12,3.0,True,True,True,,False,False,False,False,False,question,False,,,1,1,eq_operand,changed,14,17,,copying,True,directly redoes calculation,True
svamp,copy,28 children were riding on the bus. At the bus stop 82 children got on the bus w,ok,654,2,0,2,0,-2.0,True,True,True,,False,False,False,False,True,cot,False,,,2,2,after_last_eq,unchanged,2,2,,copying,True,states correct value,False
svamp,copy,There were 3 dollars in Olivia's wallet. She collected 49 more dollars from an a,ok,111,49,51,49,51,2.0,True,True,True,,False,False,False,False,False,question,False,,,3,3,eq_operand,changed,44,46,,copying,True,states correct value,True
svamp,copy,Mary is baking a cake. The recipe calls for 3 cups of sugar 10 cups of flour and,ok,254,6,9,6,9,3.0,True,True,True,,False,False,False,False,False,question,False,,,0,0,no_verified_eqs,not_analyzable,,4,,copying,True,states correct value,False
svamp,copy,3 birds were sitting on the fence. 6 more storks and 2 more birds came to join t,ok,318,5,4,5,4,-1.0,True,True,True,,False,False,False,False,False,cot,False,,,2,2,prose_mid,unchanged,1,1,,copying,True,directly redoes calculation,False
svamp,copy,After resting they decided to go for a swim. The depth of the water is 15 times ,ok,133,17,19,17,19,2.0,True,True,True,,False,False,False,False,False,cot,True,,,2,2,prose_mid,unchanged,255,255,,copying,True,directly redoes calculation,False
svamp,copy,Baker made 121 cakes. He sold 105 of them and bought 170 new cakes. How many cak,ok,145,170,168,170,168,-2.0,True,True,True,,False,False,False,False,False,question,False,,,2,2,eq_operand,changed,184,186,,copying,True,directly redoes calculation,False
svamp,copy,The bananas in Philip's collection are organized into groups of size 18. If ther,ok,253,10,8,10,8,-2.0,True,True,True,,False,False,False,False,True,cot,False,,,0,0,no_verified_eqs,not_analyzable,,10,,copying,True,states correct value,False
svamp,copy,Jerry had 3 action figures on a shelf in his room. Later he added 4 more action ,ok,95,4,3,4,3,-1.0,True,True,True,,True,True,True,False,False,question,False,,,2,2,eq_operand,changed,0,1,,copying,True,directly redoes calculation,True
svamp,copy,Danny collects bottle caps and wrappers. He found 65 wrappers and 5 bottle caps ,ok,252,31,29,31,29,-2.0,True,True,True,,False,False,False,False,False,question,False,,,0,0,no_verified_eqs,not_analyzable,,60,,copying,True,states correct value,False
svamp,copy,There are some baskets of peaches. Each basket has 4 red peaches and 3 green pea,ok,36,4,5,4,5,1.0,True,True,True,,False,False,False,False,False,question,False,,,1,1,prose_mid,not_analyzable,,1,,copying,True,directly redoes calculation,False
svamp,copy,For Gwen's birthday she received 5 dollars from her dad. Her mom gave her 7 more,ok,21,5,6,5,6,1.0,True,True,True,,False,False,False,False,False,question,False,,,3,3,prose_mid,unchanged,2,2,,NOJOIN,NOJOIN,NOJOIN,False
svamp,copy,"Jack received 4 emails in the morning, 5 emails in the afternoon and 8 emails in",ok,213,8,7,8,7,-1.0,True,True,True,,False,False,False,False,False,question,False,,,0,0,no_verified_eqs,not_analyzable,,13,,copying,True,states correct value,False
svamp,copy,Jerry had 7 action figures on a shelf in his room. Later he added some more acti,ok,248,8,9,8,9,1.0,True,True,True,,False,False,False,False,False,question,False,,,1,1,eq_operand,changed,12,11,,copying,True,complete hallucination,True
svamp,copy,A waiter had 12 customers. After some left he still had 14 customers. Then he go,ok,22,12,10,12,10,-2.0,True,True,True,,True,False,True,False,False,question,False,,,1,1,prose_mid,unchanged,24,24,,copying,True,complete hallucination,False
svamp,copy,Winter is almost here and most animals are migrating to warmer countries. There ,ok,180,89,91,89,91,2.0,True,True,True,,False,False,False,False,False,question,False,,,0,0,no_verified_eqs,not_analyzable,,31,,copying,True,states correct value,False
svamp,copy,After eating a hearty meal they went to see the Buckingham palace. There were 39,ok,268,61,59,61,59,-2.0,True,True,True,,False,False,False,False,True,cot,False,,,0,0,no_verified_eqs,not_analyzable,,61,,copying,True,states correct value,False
svamp,copy,Emily is making bead necklaces for her 72 friends. She has 6 beads and each neck,ok,199,3,4,3,4,1.0,True,True,True,,False,False,False,False,False,question,False,,,0,0,no_verified_eqs,not_analyzable,,2,,copying,True,explicitly identifies error,False
svamp,copy,He also had 26 aquariums for saltwater animals. The aquarium had 52 saltwater an,ok,30,26,28,26,28,2.0,True,True,True,,False,False,False,False,False,question,False,,,0,0,no_verified_eqs,not_analyzable,,2,,copying,True,complete hallucination,False
svamp,copy,An industrial machine made 9 shirts yesterday and 8 shirts today. It can make 2 ,ok,164,8,7,8,7,-1.0,True,True,True,,False,False,False,False,False,question,False,,,0,0,no_verified_eqs,not_analyzable,,4,,copying,True,complete hallucination,False
svamp,copy,Olivia spent 78 dollars at a supermarket. If she has 33 dollars left with her Ho,ok,32,33,36,33,36,3.0,True,True,True,,False,False,False,False,False,question,False,,,0,0,no_verified_eqs,not_analyzable,,111,,copying,True,directly redoes calculation,False
svamp,copy,Because of the decision Sofia asked 310 students to suggest specific types of fo,ok,20,310,311,310,311,1.0,True,True,True,,False,False,False,False,False,question,False,,,0,0,no_verified_eqs,not_analyzable,,125,,NOJOIN,NOJOIN,NOJOIN,False
svamp,copy,Because of the decision Sofia asked the students to suggest specific types of fo,ok,20,218,215,218,215,-3.0,True,True,True,,False,False,False,False,False,question,False,,,0,0,no_verified_eqs,not_analyzable,,569,,copying,True,complete hallucination,False
svamp,copy,If each bag has 41 cookies and you had 53 bags of cookies How many cookies would,ok,106,41,42,41,42,1.0,True,True,True,,False,False,False,False,False,question,False,,,0,0,no_verified_eqs,not_analyzable,,2173,,copying,True,directly redoes calculation,False
svamp,copy,Allan brought 5 balloons and Jake brought 4 balloons to the park. Allan then bou,ok,24,5,3,5,3,-2.0,True,True,True,,True,False,True,False,False,question,False,,,1,1,prose_mid,unchanged,8,8,,copying,True,states correct value,False
svamp,copy,The Razorback shop makes $ 5 dollars off each jersey and $ 215 off each t-shirt.,ok,182,"4,300.","4,298.",4300,4298,-2.0,True,True,True,,False,False,False,False,True,cot,True,,,1,1,after_last_eq,unchanged,4300,4300,,copying,True,directly redoes calculation,False
svamp,copy,Brenda's mother made 14 cookies for 2 guests. If each of them had the same numbe,ok,82,14,11,14,11,-3.0,True,True,True,,False,False,False,False,False,question,False,,,0,0,no_verified_eqs,not_analyzable,,7,,copying,True,partial hallucination,False
svamp,copy,In a school there are 632 girls and 410 boys. 465 more girls joined the school. ,ok,58,465,464,465,464,-1.0,True,True,True,,False,False,False,False,False,question,False,,,0,0,no_verified_eqs,not_analyzable,,687,,copying,True,partial hallucination,False
svamp,copy,2 birds and 6 storks were sitting on the fence. 3 more birds came to join them. ,ok,105,2,0,2,0,-2.0,True,True,True,,False,False,False,False,False,question,False,,,2,2,eq_operand,changed,3,1,,copying,True,complete hallucination,True
svamp,copy,Paco had 17 cookies. He ate 14 cookies and gave 13 of them to his friend. How ma,ok,248,13,12,13,12,-1.0,True,True,True,,False,False,False,False,False,question,False,,,1,1,prose_mid,unchanged,1,1,,copying,True,directly redoes calculation,False
svamp,copy,Dan has $ 5. He bought a candy bar for $ 2 and a chocolate for $ 3. How much mon,ok,35,3,5,3,5,2.0,True,True,True,,True,False,True,False,False,question,False,,,1,1,prose_mid,unchanged,1,1,,copying,True,complete hallucination,False
svamp,copy,There are 20 different books in the ' crazy silly school ' series. If you are ye,ok,57,5,4,5,4,-1.0,True,True,True,,False,False,False,False,False,question,False,,,1,1,prose_mid,unchanged,15,15,,copying,True,directly redoes calculation,False
svamp,copy,Josh lost 11 marbles. If he had 19 marbles in his collection earlier How many ma,ok,9,19,17,19,17,-2.0,True,True,True,,False,False,False,False,False,question,False,,,0,0,no_verified_eqs,not_analyzable,,8,,copying,True,directly redoes calculation,False
svamp,copy,Faye was placing her pencils into 14 rows with 11 pencils in each row. How many ,ok,224,154,151,154,151,-3.0,True,True,True,,False,False,False,False,True,cot,False,,,0,0,no_verified_eqs,not_analyzable,,154,,copying,True,partial hallucination,False
svamp,copy,There are 141 pots. Each pot has 71 flowers and 91 sticks in it. How many flower,ok,207,10011,10013,10011,10013,2.0,True,True,True,,False,False,False,False,True,cot,False,,,0,0,no_verified_eqs,not_analyzable,,10011,,copying,True,partial hallucination,False
svamp,copy,"Jack received 10 emails in the morning, 5 emails in the afternoon and 4 emails i",ok,299,1,2,1,2,1.0,True,True,True,,False,False,False,False,True,cot,False,,,0,0,no_verified_eqs,not_analyzable,,1,,copying,True,states correct value,False
svamp,copy,Mary is baking a cake. The recipe calls for 12 cups of sugar and 14 cups of flou,ok,408,2,5,2,5,3.0,True,True,True,,False,False,False,False,False,cot,False,,,2,2,eq_operand,changed,9,12,,copying,True,directly redoes calculation,True
svamp,copy,Kelly has 22 nintendo games. How many does she need to buy so that she will have,ok,889,22,20,22,20,-2.0,True,True,True,,False,False,False,False,False,question,False,,,0,0,no_verified_eqs,not_analyzable,,118,,copying,True,partial hallucination,False
svamp,copy,After Jessie started to go jogging everyday she lost 35 kilograms. She weighed 6,ok,12,35,37,35,37,2.0,True,True,True,,False,False,False,False,False,question,False,,,0,0,no_verified_eqs,not_analyzable,,34,,copying,True,directly redoes calculation,False
svamp,copy,Emily is making bead necklaces for her friends. She made 11 necklaces and each n,ok,248,308,307,308,307,-1.0,True,True,True,,False,False,False,False,True,cot,False,,,0,0,no_verified_eqs,not_analyzable,,308,,copying,True,states correct value,False
svamp,copy,A mailman has to give 9 pieces of junk mail to each house in each block. If ther,ok,152,180,179,180,179,-1.0,True,True,True,,False,False,False,False,True,cot,True,,,1,1,after_last_eq,unchanged,180,180,,copying,True,directly redoes calculation,False
svamp,copy,Matthew gave equal numbers of crackers and cakes to his 4 friends. If he had 10 ,ok,291,4,6,4,6,2.0,True,True,True,,False,False,False,False,False,question,False,,,2,2,prose_mid,not_analyzable,,2,,copying,False,,False
svamp,copy,Jessica cut some roses from her flower garden to put in her vase. There are now ,ok,219,19,17,19,17,-2.0,True,True,True,,False,False,False,False,False,question,False,,,1,1,eq_operand,changed,14,16,,copying,True,states correct value,False
svamp,copy,After resting they decided to go for a swim. If the depth of the water is 10 tim,ok,467,9,7,9,7,-2.0,True,True,True,,False,False,False,False,False,question,False,,,0,0,no_verified_eqs,not_analyzable,,81,,copying,False,,False
svamp,copy,Frank was reading through his favorite book. He read 8 pages per day. If the boo,ok,11,8,9,8,9,1.0,True,True,True,,False,False,False,False,False,question,False,,,0,0,no_verified_eqs,not_analyzable,,72,,copying,True,states correct value,False
svamp,copy,Julia played tag with 4 kids on wednesday. She had played with 6 kids on monday ,ok,18,6,4,6,4,-2.0,True,True,True,,True,False,True,False,False,question,False,,,0,0,no_verified_eqs,not_analyzable,,2,,copying,True,complete hallucination,False
svamp,copy,Carol was sending out birthday invitations to 10 friends. If each package of inv,ok,237,2,-1,2,-1,-3.0,True,True,True,,False,False,False,False,False,question,False,,,0,0,no_verified_eqs,not_analyzable,,5,,copying,True,states correct value,False
svamp,copy,Paige raised 7 goldfish and 12 catfish in the pond but stray cats loved eating t,ok,123,12,9,12,9,-3.0,True,True,True,,False,False,False,False,False,question,False,,,2,2,prose_mid,unchanged,4,4,,copying,True,states correct value,False
svamp,copy,Danny collects bottle caps. He found 63 bottle caps at the park while he threw a,ok,227,51,48,51,48,-3.0,True,True,True,,False,False,False,False,False,question,False,,,0,0,no_verified_eqs,not_analyzable,,21,,copying,True,directly redoes calculation,False
svamp,copy,A grocery store had 67 bottles of regular soda and 9 bottles of diet soda. How m,ok,234,9,8,9,8,-1.0,True,True,True,,False,False,False,False,False,question,False,,,0,0,no_verified_eqs,not_analyzable,,58,,copying,True,states correct value,False
svamp,copy,Josh had 20 marbles in his collection. He gave 2 marbles to Jack. How many marbl,ok,29,2,-1,2,-1,-3.0,True,True,True,,False,False,False,False,False,question,False,,,1,1,prose_mid,unchanged,18,18,,copying,True,complete hallucination,False
svamp,copy,The Razorback t-shirt shop makes $ 98 dollars off each t-shirt sold. During the ,ok,239,98,100,98,100,2.0,True,True,True,,False,False,False,False,False,question,False,,,0,0,no_verified_eqs,not_analyzable,,8722,,copying,True,states correct value,False
svamp,copy,For the walls of the house he would use 13 large planks of wood. If each plank o,ok,232,8,10,8,10,2.0,True,True,True,,False,False,False,False,False,question,False,,,2,2,prose_mid,unchanged,229,229,,copying,True,complete hallucination,False
svamp,copy,"A grocery store had 54 bottles of diet soda, 83 bottles of regular soda and 12 a",ok,210,54,53,54,53,-1.0,True,True,True,,False,False,False,False,False,question,False,,,1,1,prose_mid,unchanged,29,29,,copying,True,complete hallucination,False
svamp,copy,Kelly has 106 nintendo games. How many will she have left if she gives away 64 g,ok,185,106,109,106,109,3.0,True,True,True,,False,False,False,False,False,question,False,,,1,1,eq_operand,changed,45,42,,copying,True,directly redoes calculation,False
svamp,copy,Matthew had 15 crackers. If Matthew gave equal numbers of crackers to his 5 frie,ok,461,1,0,1,0,-1.0,True,True,True,,False,False,False,False,True,cot,False,,,2,2,after_last_eq,unchanged,1,1,,copying,True,states correct value,False
svamp,copy,Last week Fred had 19 dollars and Jason had 16 dollars. They washed cars over th,ok,194,19,16,19,16,-3.0,True,True,True,,True,False,True,False,False,question,False,,,1,1,eq_operand,changed,24,21,,copying,True,explicitly identifies error,False
svamp,copy,Rachel has 4 apple trees. She picked 7 apples from each of her trees. Now the tr,ok,75,4,5,4,5,1.0,True,True,True,,False,False,False,False,False,question,False,,,1,1,prose_mid,unchanged,28,28,,copying,True,explicitly identifies error,False
svamp,copy,The Ferris wheel in paradise park has 2 small seats and 23 large seats. Each sma,ok,88,2,5,2,5,3.0,True,True,True,,False,False,False,False,False,question,False,,,0,0,no_verified_eqs,not_analyzable,,28,,copying,True,states correct value,False
svamp,copy,A grocery store had 4 bottles of diet soda. If they had 79 more bottles of regul,ok,49,79,81,79,81,2.0,True,True,True,,False,False,False,False,False,question,False,,,0,0,no_verified_eqs,not_analyzable,,83,,copying,True,complete hallucination,False
svamp,copy,During the Arkansas and Texas tech game the Razorback t-shirt shop made $ 60 by ,ok,224,10,8,10,8,-2.0,True,True,True,,False,False,False,False,False,question,False,,,1,1,prose_mid,unchanged,6,6,,copying,True,states correct value,False
svamp,copy,Bryan took a look at his books and magazines. If he has 9 books and 46 magazines,ok,91,46,44,46,44,-2.0,True,True,True,,False,False,False,False,False,question,False,,,0,0,no_verified_eqs,not_analyzable,,460,,copying,True,partial hallucination,False
svamp,copy,2 birds were sitting on the fence. 5 more birds and 4 more storks came to join t,ok,46,5,3,5,3,-2.0,True,True,True,,False,False,False,True,False,question,False,,,1,1,prose_mid,not_analyzable,,3,,copying,True,complete hallucination,False
svamp,copy,Baker made 170 cakes. He sold 78 of them and bought 31 new cakes. How many more ,ok,383,78,81,78,81,3.0,True,True,True,,False,False,False,False,False,question,False,,,2,2,prose_mid,unchanged,47,47,,NOJOIN,NOJOIN,NOJOIN,False
svamp,copy,Shirley sold 25 cases of boxes of trefoils. How many boxes of trefoils does she ,ok,270,350,348,350,348,-2.0,True,True,True,,False,False,False,False,True,cot,False,,,0,0,no_verified_eqs,not_analyzable,,350,,copying,True,complete hallucination,False
svamp,copy,White t - shirts can be purchased in packages. If mom buys 66 white t - shirts w,ok,220,3,6,3,6,3.0,True,True,True,,False,False,False,False,False,question,False,,,1,1,prose_mid,unchanged,22,22,,copying,True,states correct value,False
svamp,copy,The Razorback t-shirt shop makes $ 78 dollars off each t-shirt sold. During the ,ok,562,78,81,78,81,3.0,True,True,True,,False,False,False,False,False,question,False,,,0,0,no_verified_eqs,not_analyzable,,1092,,copying,True,complete hallucination,False
svamp,copy,There are 62 different movies and 19 different books in the ' crazy silly school,ok,126,19,22,19,22,3.0,True,True,True,,False,False,False,False,False,question,False,,,0,0,no_verified_eqs,not_analyzable,,15,,copying,True,states correct value,False
svamp,copy,Rebecca wants to split a collection of eggs into groups of 3. Rebecca has 99 ban,ok,108,3,1,3,1,-2.0,True,True,True,,False,False,False,False,True,question,True,,,1,1,eq_rhs,changed,1,3,,copying,True,states correct value,True
svamp,copy,In Haley's class some boys love to play marbles. Haley gives 2 marbles to each b,ok,46,28,29,28,29,1.0,True,True,True,,False,False,False,False,False,question,False,,,0,0,no_verified_eqs,not_analyzable,,14,,copying,True,directly redoes calculation,False
svamp,copy,Emily is making bead necklaces for her friends. Each necklace takes 8 beads and ,ok,10,16,19,16,19,3.0,True,True,True,,False,False,False,False,False,question,False,,,0,0,no_verified_eqs,not_analyzable,,2,,copying,True,complete hallucination,False
svamp,copy,Paul got a box of 253 crayons for his birthday. By the end of the school year he,ok,225,70,69,70,69,-1.0,True,True,True,,False,False,False,False,False,question,False,,,0,0,no_verified_eqs,not_analyzable,,183,,copying,True,directly redoes calculation,False
svamp,copy,An industrial machine made 9 shirts yesterday and 44 shirts today. It can make 3,ok,423,3,5,3,5,2.0,True,True,True,,False,False,False,False,True,question,True,,,0,0,no_verified_eqs,not_analyzable,,3,,NOJOIN,NOJOIN,NOJOIN,False
svamp,copy,There are 7 baskets of peaches. Each basket has 10 red peaches and 2 green peach,ok,261,2,4,2,4,2.0,True,True,True,,False,False,False,False,False,question,False,,,0,0,no_verified_eqs,not_analyzable,,14,,copying,True,explicitly identifies error,False
svamp,copy,Rachel had to complete 10 pages of math homework. If she had to complete 3 more ,ok,383,10,7,10,7,-3.0,True,True,True,,False,False,False,False,False,question,False,,,2,2,prose_mid,unchanged,23,23,,copying,True,directly redoes calculation,False
svamp,copy,In a school there are 700 girls and the rest are boys. If there are 142 more boy,ok,85,142,140,142,140,-2.0,True,True,True,,False,False,False,False,False,question,False,,,1,1,eq_operand,not_analyzable,,1542,,copying,True,partial hallucination,False
svamp,copy,A waiter had 14 customers. 5 customers left. How many customers does he still ha,ok,268,9,8,9,8,-1.0,True,True,True,,False,False,False,False,True,cot,False,,,0,0,no_verified_eqs,not_analyzable,,9,,copying,True,states correct value,False
svamp,copy,Lucy went to the grocery store. She bought 2 packs of cookie and 12 packs of cak,ok,141,2,-1,2,-1,-3.0,True,True,True,,False,False,False,False,False,question,False,,,0,0,no_verified_eqs,not_analyzable,,14,,copying,True,states correct value,False
svamp,copy,Marco and his dad went strawberry picking. His strawberries weighed 8 pounds whi,ok,217,32,34,32,34,2.0,True,True,True,,False,False,False,False,False,question,False,,,0,0,no_verified_eqs,not_analyzable,,40,,copying,True,partial hallucination,False
svamp,copy,The Razorback t-shirt shop makes $ 106 dollars off each t-shirt sold. During the,ok,83,115,116,115,116,1.0,True,True,True,,False,False,False,False,False,question,False,,,0,0,no_verified_eqs,not_analyzable,,127,,copying,True,complete hallucination,False
svamp,copy,For the walls of the house he would use 12 large planks of wood and 17 small pla,ok,90,12,15,12,15,3.0,True,True,True,,False,False,False,False,False,question,False,,,0,0,no_verified_eqs,not_analyzable,,29,,copying,True,directly redoes calculation,False
svamp,copy,Paige was helping her mom plant flowers and together they planted 45 seeds in 9 ,ok,260,5,3,5,3,-2.0,True,True,True,,False,False,False,False,True,cot,False,,,0,0,no_verified_eqs,not_analyzable,,5,,copying,True,states correct value,False
svamp,copy,Mary is baking a cake. The recipe calls for 9 cups of sugar 7 cups of flour and ,ok,158,2,1,2,1,-1.0,True,True,True,,False,False,False,True,False,question,False,,,2,2,prose_mid,unchanged,1,1,,copying,True,directly redoes calculation,False
svamp,copy,Baker made some cakes. He sold 145 of them. If he still has 72 cakes left How ma,ok,177,145,147,145,147,2.0,True,True,True,,False,False,False,False,False,question,False,,,0,0,no_verified_eqs,not_analyzable,,217,,copying,True,complete hallucination,False
svamp,copy,Jerry had 9 action figures on a shelf in his room. Later he added 7 more action ,ok,66,7,4,7,4,-3.0,True,True,True,,False,False,False,False,False,question,False,,,2,2,prose_mid,unchanged,6,6,,copying,True,states correct value,False
svamp,copy,For the walls of the house he would use 12 large planks of wood and 10 small pla,ok,213,5,4,5,4,-1.0,True,True,True,,False,False,False,False,False,question,False,,,0,0,no_verified_eqs,not_analyzable,,20,,copying,True,directly redoes calculation,False
svamp,copy,Debby drinks 6 bottles a day. If she bought a total of 12 water bottles How many,ok,45,12,14,12,14,2.0,True,True,True,,False,False,False,False,False,question,False,,,0,0,no_verified_eqs,not_analyzable,,2,,copying,True,complete hallucination,False
svamp,copy,Next on his checklist is wax to stick the feathers together and colors to paint ,ok,89,288,290,288,290,2.0,True,True,True,,False,False,False,False,False,question,False,,,0,0,no_verified_eqs,not_analyzable,,28,,copying,True,complete hallucination,False
svamp,copy,Jake has 13 more apples and 17 fewer peaches than Steven. Steven has 8 peaches a,ok,57,13,12,13,12,-1.0,True,True,True,,True,True,True,False,False,question,False,,,1,1,prose_mid,unchanged,25,25,,copying,True,complete hallucination,False
svamp,copy,A waiter had 11 customers. After some left he still had 3 customers. How many mo,ok,276,11,12,11,12,1.0,True,True,True,,False,False,False,False,False,question,False,,,2,1,prose_mid,unchanged,5,5,,copying,True,states correct value,False
svamp,copy,Frank put some pieces of candy equally into 2 bags. If he had 16 pieces of candy,ok,216,2,-1,2,-1,-3.0,True,True,True,,False,False,False,False,False,question,False,,,1,1,eq_operand,changed,-16,8,,copying,True,states correct value,False
svamp,copy,Julia played tag with 5 kids on tuesday. She had played tag with 6 kids on monda,ok,320,1,4,1,4,3.0,True,True,True,,False,False,False,False,True,cot,False,,,0,0,no_verified_eqs,not_analyzable,,1,,copying,True,states correct value,False
svamp,copy,Bryan took a look at his books as well. Each bookshelf contains 2 books. If he h,ok,182,38,39,38,39,1.0,True,True,True,,False,False,False,False,False,question,False,,,0,0,no_verified_eqs,not_analyzable,,19,,copying,True,directly redoes calculation,False
svamp,copy,There were 7 roses in the vase. Jessica cut some more roses from her flower gard,ok,178,20,18,20,18,-2.0,True,True,True,,False,False,False,False,False,question,False,,,1,1,eq_operand,changed,11,13,,copying,True,directly redoes calculation,False
svamp,copy,53 campers went rowing in the morning 48 campers went rowing in the afternoon an,ok,256,4,6,4,6,2.0,True,True,True,,False,False,False,False,True,cot,False,,,0,0,no_verified_eqs,not_analyzable,,4,,copying,True,states correct value,False
svamp,copy,Marco and his dad went strawberry picking. Together they collected strawberries ,ok,492,36,33,36,33,-3.0,True,True,True,,False,False,False,False,False,question,False,,,2,2,prose_mid,unchanged,16,16,,copying,True,partial hallucination,False
svamp,copy,He then went to see the oranges being harvested. He found out that they harvest ,ok,160,66,67,66,67,1.0,True,True,True,,False,False,False,False,False,question,False,,,0,0,no_verified_eqs,not_analyzable,,1848,,copying,True,states correct value,False
svamp,copy,At the arcade Dave had won some tickets. He used 12 tickets to buy some toys. If,ok,220,26,28,26,28,2.0,True,True,True,,False,False,False,False,True,cot,False,,,0,0,no_verified_eqs,not_analyzable,,26,,copying,True,states correct value,False
svamp,copy,Mary is baking a cake. The recipe calls for 12 cups of flour and 13 cups of suga,ok,272,11,13,11,13,2.0,True,True,True,,True,True,True,False,True,cot,False,,,0,0,no_verified_eqs,not_analyzable,,11,,copying,True,directly redoes calculation,False
svamp,copy,Zachary did 44 push-ups in gym class today. David did 58 more push-ups than zach,ok,293,44,41,44,41,-3.0,True,True,True,,False,False,False,False,False,question,False,,,2,2,prose_mid,unchanged,146,146,,copying,True,complete hallucination,False
svamp,copy,If Lewis earns a total of $ 460 during 5 weeks of harvest How much money does he,ok,170,460,462,460,462,2.0,True,True,True,,False,False,False,False,False,question,False,,,1,1,eq_operand,changed,92.4,92,,copying,True,partial hallucination,False
svamp,copy,Because of the decision Sofia asked the students to suggest specific types of fo,ok,242,337,334,337,334,-3.0,True,True,True,,False,False,False,False,False,question,False,,,1,1,eq_operand,changed,311,314,,copying,True,complete hallucination,False
svamp,copy,For Gwen's birthday she received 2 dollars from her mom. Her dad gave her 4 more,ok,107,2,0,2,0,-2.0,True,True,True,,False,False,False,False,False,question,False,,,2,2,prose_mid,unchanged,3,3,,copying,True,directly redoes calculation,False
svamp,copy,Jesse's room is 19 feet wide and 20 feet long. How much longer is her room than ,ok,151,19,20,19,20,1.0,True,True,True,,True,True,True,False,False,question,False,,,0,0,no_verified_eqs,not_analyzable,,1,,copying,True,directly redoes calculation,False
svamp,copy,The ring toss game at the carnival made 120 dollars in the first 20 days and 66 ,ok,200,20,22,20,22,2.0,True,True,True,,False,False,False,False,False,question,False,,,0,0,no_verified_eqs,not_analyzable,,6,,copying,True,explicitly identifies error,False
svamp,copy,Melissa scored a total of 21 points playing some games. Is she scored 7 points i,ok,186,7,4,7,4,-3.0,True,True,True,,False,False,False,False,False,question,False,,,0,0,no_verified_eqs,not_analyzable,,3,,copying,True,directly redoes calculation,False
svamp,copy,Debby bought 200 water bottles and 256 soda bottles when they were on sale. If s,ok,417,256,253,256,253,-3.0,True,True,True,,False,False,False,False,False,question,False,,,0,0,no_verified_eqs,not_analyzable,,64,,NOJOIN,NOJOIN,NOJOIN,False
svamp,copy,If you had 4 bags with equal number of cookies and 36 cookies in total How many ,ok,190,36,39,36,39,3.0,True,True,True,,False,False,False,False,False,question,False,,,0,0,no_verified_eqs,not_analyzable,,9,,copying,True,directly redoes calculation,False
svamp,copy,"19 red peaches, 11 yellow peaches and 12 green peaches are in the basket. How ma",ok,194,11,8,11,8,-3.0,True,True,True,,False,False,False,True,False,question,False,,,0,0,no_verified_eqs,not_analyzable,,8,,copying,True,states correct value,False
svamp,copy,Julia played tag with 18 kids on monday. She played tag with 10 kids on tuesday.,ok,260,18,17,18,17,-1.0,True,True,True,,False,False,False,False,False,question,False,,,0,0,no_verified_eqs,not_analyzable,,8,,copying,True,states correct value,False
svamp,copy,Nell collects baseball cards. She gave 301 of her cards to Jeff and now has 154 ,ok,186,301,299,301,299,-2.0,True,True,True,,False,False,False,False,False,question,False,,,0,0,no_verified_eqs,not_analyzable,,455,,copying,True,states correct value,False
svamp,copy,"Julia played tag with 15 kids on monday, 18 kids on tuesday and 97 kids on wedne",ok,176,18,20,18,20,2.0,True,True,True,,False,False,False,False,False,question,False,,,0,0,no_verified_eqs,not_analyzable,,33,,copying,True,states correct value,False
svamp,copy,36 campers went rowing in the morning 13 campers went rowing in the afternoon an,ok,98,36,34,36,34,-2.0,True,True,True,,False,False,False,False,False,question,False,,,0,0,no_verified_eqs,not_analyzable,,98,,copying,False,,False
svamp,copy,Kelly has 20 nintendo games and 70 sony games. How many nintendo games does she ,ok,10,20,17,20,17,-3.0,True,True,True,,False,False,False,False,False,question,False,,,0,0,no_verified_eqs,not_analyzable,,8,,copying,True,directly redoes calculation,False
svamp,copy,There were 10 roses in the vase. Jessica cut 8 more roses from her flower garden,ok,11,10,8,10,8,-2.0,True,True,True,,True,False,True,False,False,question,False,,,0,0,no_verified_eqs,not_analyzable,,18,,copying,True,states correct value,False
svamp,copy,Paco had 22 sweet cookies and 75 salty cookies. He ate 15 sweet cookies and 54 s,ok,236,22,21,22,21,-1.0,True,True,True,,False,False,False,False,False,question,False,,,1,1,eq_operand,changed,6,7,,copying,True,directly redoes calculation,True
svamp,copy,Mary is baking a cake. The recipe calls for 9 cups of flour and 5 cups of sugar.,ok,182,6,9,6,9,3.0,True,True,True,,True,True,True,False,True,cot,True,,,1,1,after_last_eq,unchanged,6,6,,copying,True,directly redoes calculation,False
svamp,copy,Each pack of dvds costs 107 dollars. If there is a discount of 106 dollars on ea,ok,308,93,94,93,94,1.0,True,True,True,,False,False,False,False,True,question,False,,,2,2,eq_operand,changed,94,93,,copying,True,states correct value,False
svamp,copy,Bryan took a look at his books as well. He has 7 bookshelves with each having th,ok,234,7,5,7,5,-2.0,True,True,True,,False,False,False,False,False,question,False,,,0,0,no_verified_eqs,not_analyzable,,4,,copying,True,directly redoes calculation,False
svamp,copy,Jack received 6 emails and sent 91 letters in the morning. He then received 2 em,ok,108,2,3,2,3,1.0,True,True,True,,False,False,False,False,False,question,False,,,1,1,eq_operand,changed,9,8,,copying,True,complete hallucination,True
svamp,copy,Katie had 91 ds games and her new friends had 88 games and old friends had 53 ga,ok,154,88,90,88,90,2.0,True,True,True,,False,False,False,False,False,question,False,,,0,0,no_verified_eqs,not_analyzable,,141,,copying,True,partial hallucination,False
svamp,copy,Brenda's mother made cookies for guests. Each guest had 2 cookies. If she prepar,ok,210,10,11,10,11,1.0,True,True,True,,False,False,False,False,False,question,False,,,0,0,no_verified_eqs,not_analyzable,,5,,copying,True,directly redoes calculation,False
svamp,copy,Every day Ryan spends a total of 3 hours on learning english and chinese. If he ,ok,257,3,6,3,6,3.0,True,True,True,,False,False,False,False,False,question,False,,,0,0,no_verified_eqs,not_analyzable,,1,,copying,True,directly redoes calculation,False
svamp,copy,He then went to see the oranges being harvested. He found out that they harveste,ok,70,3.,0.,3,0,-3.0,True,True,True,,False,False,False,False,True,cot,False,,,0,0,no_verified_eqs,not_analyzable,,3,,NOJOIN,NOJOIN,NOJOIN,False
svamp,copy,A waiter had 8 customers. After some left he still had 5 customers. Then he got ,ok,92,8,10,8,10,2.0,True,True,True,,False,False,False,False,False,question,False,,,1,1,eq_operand,changed,5,3,,copying,True,complete hallucination,False
svamp,copy,Every day Ryan spends 6 hours on learning english and 7 hours on learning chines,ok,233,6,9,6,9,3.0,True,True,True,,False,False,False,False,False,question,False,,,0,0,no_verified_eqs,not_analyzable,,1,,copying,True,states correct value,False
svamp,copy,Zachary did 19 push-ups in gym class today. David did 39 more push-ups than Zach,ok,152,19.,17.,19,17,-2.0,True,True,True,,False,False,False,False,False,question,False,,,1,1,prose_mid,unchanged,58,58,,copying,True,states correct value,False
svamp,copy,There were 15 roses in the vase. Jessica threw away 33 roses from the vase and c,ok,321,15,16,15,16,1.0,True,True,True,,False,False,False,False,False,question,False,,,3,3,eq_operand,changed,1,2,,copying,True,complete hallucination,False
svamp,copy,Jake has 7 fewer peaches than Steven and 9 more peaches than Jill. Steven has 16,ok,103,7,9,7,9,2.0,True,True,True,,True,False,True,True,False,question,False,,,1,1,prose_mid,unchanged,9,9,,copying,True,directly redoes calculation,False
svamp,copy,Zachary did 15 push-ups in gym class today. David did 39 more push-ups than Zach,ok,941,30,27,30,27,-3.0,True,True,True,,False,False,False,False,True,cot,False,,,0,0,no_verified_eqs,not_analyzable,,30,,copying,True,complete hallucination,False
svamp,copy,Lewis earns $ 2 every week during the harvest. If he earns a total of $ 178 How ,ok,207,2,3,2,3,1.0,True,True,True,,False,False,False,False,False,question,False,,,1,1,eq_operand,changed,59.333333333,89,,copying,True,directly redoes calculation,False
svamp,copy,He then went to see the oranges being harvested. He found out that they harvest ,ok,202,24,27,24,27,3.0,True,True,True,,False,False,False,False,False,question,False,,,0,0,no_verified_eqs,not_analyzable,,1080,,copying,True,states correct value,False
svamp,copy,There are 466 pots. Each pot has 53 flowers and 181 sticks in it. How many flowe,ok,539,"109,044","109,046",109044,109046,2.0,True,True,True,,False,False,False,False,True,cot,False,,,0,0,no_verified_eqs,not_analyzable,,109044,,copying,True,complete hallucination,False
svamp,copy,In a school there are 569 girls and 236 boys. How many more girls than boys does,ok,157,236,239,236,239,3.0,True,True,True,,False,False,False,False,False,question,False,,,0,0,no_verified_eqs,not_analyzable,,333,,copying,True,partial hallucination,False
svamp,copy,Paul had 42 pens and 143 books. After selling some books and pens in a garage sa,ok,180,19,21,19,21,2.0,True,True,True,,False,False,False,False,False,question,False,,,0,0,no_verified_eqs,not_analyzable,,23,,copying,True,partial hallucination,False
svamp,copy,Each Ferris wheel in paradise park has 19 seats. Each seat in a Ferris wheel can,ok,249,20,17,20,17,-3.0,True,True,True,,False,False,False,False,False,question,False,,,0,0,no_verified_eqs,not_analyzable,,5700,,copying,True,complete hallucination,False
svamp,copy,Paul had 108 books and 55 pens. After selling some books and pens in a garage sa,ok,171,108,107,108,107,-1.0,True,True,True,,False,False,False,False,False,question,False,,,1,1,eq_operand,changed,41,42,,copying,True,directly redoes calculation,False
svamp,copy,"Julia played tag with 5 kids on monday, 9 kids on tuesday and 15 kids on wednesd",ok,22,5,4,5,4,-1.0,True,True,True,,False,False,False,False,False,question,False,,,0,0,no_verified_eqs,not_analyzable,,20,,copying,True,directly redoes calculation,False
svamp,copy,Danny collects bottle caps and wrappers. He found 10 bottle caps and 62 wrappers,ok,845,43,44,43,44,1.0,True,True,True,,False,False,False,False,False,question,False,,,0,0,no_verified_eqs,not_analyzable,,16,,NOJOIN,NOJOIN,NOJOIN,False
svamp,copy,Tiffany was collecting cans for recycling. On monday she had 8 bags of cans. She,ok,14,10,8,10,8,-2.0,True,True,True,,True,False,True,False,False,question,False,,,1,1,prose_mid,unchanged,14,14,,copying,False,,False
svamp,copy,Faye was placing her pencils into rows with 16 pencils in each row. She had 28 p,ok,461,672,670,672,670,-2.0,True,True,True,,False,False,False,False,False,cot,False,,,2,2,eq_operand,changed,41.875,42,,copying,True,complete hallucination,True
svamp,copy,4 birds and 3 storks were sitting on the fence. 6 more storks came to join them.,ok,189,4,2,4,2,-2.0,True,True,True,,False,False,False,False,False,question,False,,,2,2,prose_mid,unchanged,5,5,,copying,True,states correct value,False
svamp,copy,6 packs of dvds can be bought with 120 dollars. How much does each pack cost?,ok,142,120,117,120,117,-3.0,True,True,True,,False,False,False,False,False,question,False,,,0,0,no_verified_eqs,not_analyzable,,20,,copying,True,states correct value,False
svamp,copy,"Julia played tag with 14 kids on monday, 2 kids on tuesday and 8 kids on wednesd",ok,281,8,9,8,9,1.0,True,True,True,,False,False,False,False,False,question,False,,,0,0,no_verified_eqs,not_analyzable,,6,,copying,True,states correct value,False
svamp,copy,"There were 73 parents, 724 pupils and 744 teachers in the program. How many peop",ok,139,724,723,724,723,-1.0,True,True,True,,False,False,False,False,False,question,False,,,0,0,no_verified_eqs,not_analyzable,,1541,,copying,True,directly redoes calculation,False
svamp,copy,Bryan took a look at his books as well. If he has 34 books distributed equally i,ok,214,2,3,2,3,1.0,True,True,True,,False,False,False,False,False,question,False,,,0,0,no_verified_eqs,not_analyzable,,17,,copying,True,directly redoes calculation,False
svamp,copy,"They decided to hold the party in their backyard. They have some sets of tables,",ok,199,3,2,3,2,-1.0,True,True,True,,False,False,False,False,True,question,False,,,0,0,no_verified_eqs,not_analyzable,,3,,copying,True,directly redoes calculation,False
svamp,copy,Jake has 6 fewer peaches and 8 more apples than Steven. Steven has 17 peaches an,ok,393,6,3,6,3,-3.0,True,True,True,,False,False,False,False,False,question,False,,,3,3,eq_operand,unchanged,1,1,,copying,True,explicitly identifies error,False
svamp,copy,Next on his checklist is wax to stick the feathers together. If he currently has,ok,62,492,491,492,491,-1.0,True,True,True,,False,False,False,False,False,question,False,,,0,0,no_verified_eqs,not_analyzable,,481,,copying,True,complete hallucination,False
svamp,copy,Steven has 19 peaches. Jake has 12 fewer peaches than Steven and 72 more peaches,ok,74,12,14,12,14,2.0,True,True,True,,False,False,False,False,False,question,False,,,1,1,prose_mid,unchanged,7,7,,copying,True,complete hallucination,False
svamp,copy,A book has 3 chapters. The first chapter is 91 pages long the second chapter is ,ok,58,23,22,23,22,-1.0,True,True,True,,False,False,False,False,False,question,False,,,1,1,prose_mid,unchanged,68,68,,copying,True,partial hallucination,False
svamp,copy,Danny collects bottle caps. He found 36 bottle caps at the park while he threw a,ok,617,1,0,1,0,-1.0,True,True,True,,False,False,False,False,True,cot,False,,,2,1,after_last_eq,unchanged,1,1,,NOJOIN,NOJOIN,NOJOIN,False
svamp,copy,"At the zoo, a cage had 95 snakes and 61 alligators. If 64 snakes were hiding How",ok,220,95,96,95,96,1.0,True,True,True,,False,False,False,False,False,question,False,,,0,0,no_verified_eqs,not_analyzable,,31,,copying,True,states correct value,False
svamp,copy,Danny collects bottle caps and wrappers. He found 22 bottle caps and 8 wrappers ,ok,270,6,4,6,4,-2.0,True,True,True,,False,False,False,False,True,cot,False,,,1,1,after_last_eq,unchanged,6,6,,copying,True,states correct value,False
svamp,copy,During summer break 819058 kids from Lawrence county go to camp and the other 66,ok,241,150780,150782,150780,150782,2.0,True,True,True,,False,False,False,False,True,cot,False,,,1,1,after_last_eq,unchanged,150780,150780,,copying,True,partial hallucination,False
svamp,copy,Mary is baking a cake. The recipe calls for 5 cups of sugar and 13 cups of flour,ok,109,12,14,12,14,2.0,True,True,True,,False,False,False,False,False,question,False,,,1,1,prose_mid,unchanged,1,1,,copying,True,directly redoes calculation,False
svamp,copy,"Julia played tag with 15 kids on monday, 18 kids on tuesday and 7 kids on wednes",ok,485,33,36,33,36,3.0,True,True,True,,False,False,False,False,False,cot,False,,,2,2,prose_mid,unchanged,26,26,,copying,True,states correct value,False
svamp,copy,Baker made 133 cakes. If he sold 51 of them How many more cakes did baker make t,ok,208,82,79,82,79,-3.0,True,True,True,,False,False,False,False,True,cot,False,,,1,1,after_last_eq,unchanged,82,82,,copying,True,complete hallucination,False
svamp,copy,Baker sold 44 cakes. If he had made 48 cakes initially How many cakes would bake,ok,183,44,47,44,47,3.0,True,True,True,,False,False,False,False,False,question,False,,,0,0,no_verified_eqs,not_analyzable,,4,,copying,True,states correct value,False
svamp,copy,Every day Ryan spends 5 hours on learning chinese and some more hours on learnin,ok,148,2,0,2,0,-2.0,True,True,True,,False,False,False,False,False,question,False,,,1,1,eq_operand,changed,5,7,,copying,True,complete hallucination,True
svamp,copy,Rachel had to complete 8 pages of math homework. If she had to complete 3 more p,ok,174,8,7,8,7,-1.0,True,True,True,,False,False,False,False,False,question,False,,,2,2,prose_mid,unchanged,13,13,,copying,True,complete hallucination,False
svamp,copy,"Julia played tag with 2 kids on monday, 14 kids on tuesday and 16 kids on wednes",ok,256,30,32,30,32,2.0,True,True,True,,False,False,False,False,True,cot,False,,,0,0,no_verified_eqs,not_analyzable,,30,,copying,True,states correct value,False
svamp,copy,21 children were riding on the bus. At the bus stop 10 children got off the bus ,ok,85,21,24,21,24,3.0,True,True,True,,False,False,False,False,False,question,False,,,1,1,eq_operand,not_analyzable,,5,,NOJOIN,NOJOIN,NOJOIN,False
svamp,copy,He then went to see the oranges being harvested. He found out that they harvest ,ok,398,16,18,16,18,2.0,True,True,True,,False,False,False,False,False,question,False,,,0,0,no_verified_eqs,not_analyzable,,5,,copying,True,states correct value,False
svamp,copy,Robin has some packages of gum. There are 3 pieces in each package and a total o,ok,21,42,44,42,44,2.0,True,True,True,,False,False,False,False,False,question,False,,,1,1,prose_mid,unchanged,14,14,,copying,True,directly redoes calculation,False
svamp,copy,During the Arkansas and Texas tech game the Razorback t-shirt shop made $ 215 by,ok,165,215,213,215,213,-2.0,True,True,True,,False,False,False,False,False,question,False,,,0,0,no_verified_eqs,not_analyzable,,43,,copying,True,complete hallucination,False
svamp,copy,Ed had 10 more marbles than Doug. Doug lost 11 of his marbles at the playground.,ok,68,45,48,45,48,3.0,True,True,True,,False,False,False,False,False,question,False,,,3,3,prose_mid,unchanged,21,21,,copying,True,complete hallucination,False
svamp,copy,Carol was sending out birthday invitations to her friends. Each package of invit,ok,212,2,3,2,3,1.0,True,True,True,,False,False,False,False,False,question,False,,,2,2,prose_mid,unchanged,68,68,,copying,True,complete hallucination,False
svamp,copy,The Razorback shop makes $ 115 dollars off each jersey and $ 25 off each t-shirt,ok,156,115,116,115,116,1.0,True,True,True,,False,False,False,False,False,question,False,,,1,1,eq_operand,changed,91,90,,copying,True,complete hallucination,False
svamp,copy,If each pack costs 81 dollars How much will it cost to buy 33 packs of dvds?,ok,171,33,35,33,35,2.0,True,True,True,,False,False,False,False,False,question,False,,,1,1,eq_operand,changed,2835,2673,,copying,True,complete hallucination,False
svamp,copy,Some campers went rowing in the morning while 7 campers went rowing in the after,ok,89,60,62,60,62,2.0,True,True,True,,False,False,False,False,False,question,False,,,0,0,no_verified_eqs,not_analyzable,,53,,copying,True,directly redoes calculation,False
svamp,copy,Matthew gave 6 crackers to each his friends. If he had 36 crackers How many frie,ok,219,6,4,6,4,-2.0,True,True,True,,False,False,False,False,True,question,False,,,1,1,prose_mid,unchanged,6,6,,copying,True,states correct value,False
svamp,copy,26 children were riding on the bus. At the bus stop 38 more children got on the ,ok,172,26,28,26,28,2.0,True,True,True,,False,False,False,False,False,question,False,,,1,1,eq_operand,changed,66,64,,copying,True,complete hallucination,False
svamp,copy,For Gwen's birthday she received 5 dollars from her dad. Her mom gave her 2 more,ok,99,3,1,3,1,-2.0,True,True,True,,False,False,False,False,True,cot,True,,,1,1,after_last_eq,unchanged,3,3,,copying,True,directly redoes calculation,False
svamp,copy,"After a typhoon, 2 trees in Haley's backyard died. If she had grown 12 trees ini",ok,210,2,0,2,0,-2.0,True,True,True,,False,False,False,False,False,question,False,,,0,0,no_verified_eqs,not_analyzable,,10,,copying,True,states correct value,False
svamp,copy,Faye had 31 packs of pencils each one having 6 pencils. She was placing her penc,ok,116,31,33,31,33,2.0,True,True,True,,False,False,False,False,False,question,False,,,0,0,no_verified_eqs,not_analyzable,,186,,copying,True,partial hallucination,False
svamp,copy,Jake has 84 more apples and 10 fewer peaches than Steven. Steven has 13 peaches ,ok,334,13,12,13,12,-1.0,True,True,True,,False,False,False,False,False,question,False,,,2,2,eq_operand,changed,2,3,,NOJOIN,NOJOIN,NOJOIN,True
svamp,copy,Rebecca wants to split a collection of eggs into 4 groups. Rebecca has 8 eggs an,ok,71,8,9,8,9,1.0,True,True,True,,False,False,False,False,False,question,False,,,0,0,no_verified_eqs,not_analyzable,,2,,NOJOIN,NOJOIN,NOJOIN,False
svamp,copy,"Lucy went to the grocery store. She bought 4 packs of cookie, 22 packs of cake a",ok,99,4,2,4,2,-2.0,True,True,True,,False,False,False,False,False,question,False,,,2,2,eq_operand,changed,40,42,,copying,True,directly redoes calculation,True
svamp,copy,The school has 304 grades and each grade has 75 students How many students were ,ok,132,304,305,304,305,1.0,True,True,True,,False,False,False,False,False,question,False,,,0,0,no_verified_eqs,not_analyzable,,22800,,copying,True,complete hallucination,False
svamp,copy,The cave is 1218 feet deep and they are already at 849 feet. If they are travell,ok,170,1218,1217,1218,1217,-1.0,True,True,True,,False,False,False,False,False,question,False,,,1,1,prose_mid,unchanged,369,369,,copying,True,partial hallucination,False
svamp,copy,Bobby had 32 pieces of candy. He ate some pieces of candy. If he has 20 pieces o,ok,215,12,15,12,15,3.0,True,True,True,,False,False,False,False,True,cot,False,,,1,1,after_last_eq,unchanged,12,12,,copying,True,states correct value,False
svamp,copy,Matthew had 22 crackers and 34 cakes. If Matthew gave equal numbers of crackers ,ok,208,11.,10.,11,10,-1.0,True,True,True,,False,False,False,False,False,question,False,,,2,1,prose_mid,unchanged,2,2,,NOJOIN,NOJOIN,NOJOIN,False
svamp,copy,Mary is baking a cake. The recipe calls for 9 cups of flour and 11 cups of sugar,ok,446,6,9,6,9,3.0,True,True,True,,True,True,True,False,True,cot,False,,,2,2,after_last_eq,unchanged,6,6,,copying,True,states correct value,False
svamp,copy,Danny collects bottle caps. He lost 66 bottle caps at the park. Now he has 25 bo,ok,195,91,90,91,90,-1.0,True,True,True,,False,False,False,False,True,cot,False,,,1,1,after_last_eq,unchanged,91,91,,copying,True,states correct value,False
svamp,copy,Jerry had 8 action figures and 9 books on a shelf in his room. Later he added 10,ok,72,9,10,9,10,1.0,True,True,True,,True,True,True,False,False,question,False,,,1,1,prose_mid,unchanged,19,19,,copying,True,states correct value,False
svamp,copy,4 birds and 6 storks were sitting on the fence. 2 more storks came to join them.,ok,161,2,1,2,1,-1.0,True,True,True,,False,False,False,False,False,question,False,,,0,0,no_verified_eqs,not_analyzable,,8,,copying,True,states correct value,False
svamp,copy,Dan has $ 4. He bought a candy bar for $ 7 and a chocolate for $ 6. How much mon,ok,189,13,11,13,11,-2.0,True,True,True,,False,False,False,False,True,cot,False,,,1,1,after_last_eq,unchanged,13,13,,copying,True,directly redoes calculation,False
svamp,copy,Bobby ate 23 pieces of candy. If he initially had 30 pieces of candy How many pi,ok,200,7,9,7,9,2.0,True,True,True,,False,False,False,False,True,cot,False,,,1,1,after_last_eq,unchanged,7,7,,copying,True,states correct value,False
svamp,copy,"The grasshopper, the frog and the mouse had a jumping contest. The grasshopper j",ok,178,19,22,19,22,3.0,True,True,True,,False,False,False,False,False,question,False,,,0,0,no_verified_eqs,not_analyzable,,15,,copying,True,states correct value,False
svamp,copy,Summer is almost here and most animals are migrating back to cooler countries. T,ok,204,87,90,87,90,3.0,True,True,True,,False,False,False,False,False,question,False,,,1,1,eq_operand,changed,108,105,,copying,True,directly redoes calculation,False
svamp,copy,Danny collects bottle caps and wrappers. He found 15 bottle caps and 18 wrappers,ok,236,35,37,35,37,2.0,True,True,True,,False,False,False,False,False,question,False,,,0,0,no_verified_eqs,not_analyzable,,32,,NOJOIN,NOJOIN,NOJOIN,False
svamp,copy,Robin's hair was 17 inches long. He cut off some inches of her hair. If his hair,ok,43,13,10,13,10,-3.0,True,True,True,,False,False,False,False,False,question,False,,,0,0,no_verified_eqs,not_analyzable,,4,,copying,True,directly redoes calculation,False
svamp,copy,Danny collects bottle caps and wrappers. He found 66 wrappers and 39 bottle caps,ok,484,68,66,68,66,-2.0,True,True,True,,True,True,True,False,False,question,False,,,0,0,no_verified_eqs,not_analyzable,,2,,copying,False,,False
svamp,copy,Haley grew 14 trees in her backyard. After a typhoon 9 died. How many more trees,ok,269,5,4,5,4,-1.0,True,True,True,,False,False,False,True,False,cot,False,,,2,2,eq_operand,changed,5,4,,copying,True,complete hallucination,False
svamp,copy,Dave had 11 apps and 3 files on his phone. After deleting some apps and files he,ok,115,2,4,2,4,2.0,True,True,True,,False,False,False,False,False,question,False,,,3,3,prose_mid,unchanged,22,22,,NOJOIN,NOJOIN,NOJOIN,False
svamp,copy,Rebecca wants to split a collection of eggs into groups of 11. If each group has,ok,211,2,4,2,4,2.0,True,True,True,,False,False,False,False,False,question,False,,,0,0,no_verified_eqs,not_analyzable,,22,,copying,True,states correct value,False
svamp,copy,"Jack received 10 emails in the morning, 7 emails in the afternoon and 17 emails ",ok,256,7,8,7,8,1.0,True,True,True,,False,False,False,False,False,question,False,,,0,0,no_verified_eqs,not_analyzable,,3,,copying,True,states correct value,False
svamp,copy,Lucy went to the grocery store. She bought 10 packs of cookie and 4 packs of cak,ok,12,10,11,10,11,1.0,True,True,True,,False,False,False,False,False,question,False,,,0,0,no_verified_eqs,not_analyzable,,6,,copying,True,directly redoes calculation,False
svamp,copy,David did 40 more push-ups but 17 less crunches than Zachary in gym class today.,ok,71,40,37,40,37,-3.0,True,True,True,,False,False,False,False,False,question,False,,,2,2,prose_mid,unchanged,45,45,,NOJOIN,NOJOIN,NOJOIN,False
svamp,copy,The grasshopper and the frog had a jumping contest. The frog jumped 39 inches an,ok,164,39,40,39,40,1.0,True,True,True,,False,False,False,False,False,question,False,,,0,0,no_verified_eqs,not_analyzable,,22,,copying,True,states correct value,False
svamp,copy,Paul had 50 books. After buying some in a garage sale he had 151 left. How many ,ok,61,151,153,151,153,2.0,True,True,True,,False,False,False,False,False,question,False,,,0,0,no_verified_eqs,not_analyzable,,101,,copying,True,complete hallucination,False
svamp,copy,If they are already at 659 feet and the cave is 762 feet deep How much farther u,ok,188,762,761,762,761,-1.0,True,True,True,,False,False,False,False,False,question,False,,,0,0,no_verified_eqs,not_analyzable,,103,,copying,True,states correct value,False
svamp,copy,Josh had 19 marbles in his collection. He lost 11 marbles and found 5 new ones. ,ok,149,8,5,8,5,-3.0,True,True,True,,True,True,True,False,False,cot,False,,,2,2,eq_operand,changed,10,13,,copying,True,complete hallucination,True
svamp,copy,Rachel has 52 apple trees. She picked 2 apples from 1 of her trees. Now the tree,ok,13,7,6,7,6,-1.0,True,True,True,,False,False,False,False,False,question,False,,,1,1,prose_mid,unchanged,9,9,,calculation,True,directly redoes calculation,False
svamp,copy,We ordered 9 pizzas. Each pizza has 10 slices. If there are 2 of us How many sli,ok,153,9,12,9,12,3.0,True,True,True,,False,False,False,False,False,question,False,,,0,0,no_verified_eqs,not_analyzable,,45,,copying,True,states correct value,False
svamp,copy,A book has 3 chapters. The first chapter is 35 pages long the second chapter is ,ok,23,18,16,18,16,-2.0,True,True,True,,False,False,False,False,False,question,False,,,1,1,prose_mid,unchanged,15,15,,copying,True,directly redoes calculation,False
svamp,copy,Because of the decision Sofia asked the students to suggest specific types of fo,ok,85,166,164,166,164,-2.0,True,True,True,,False,False,False,False,False,question,False,,,0,0,no_verified_eqs,not_analyzable,,348,,copying,True,complete hallucination,False
svamp,copy,Helen the hippo and her friends are preparing for thanksgiving at Helen's house.,ok,314,574,573,574,573,-1.0,True,True,True,,False,False,False,False,True,cot,False,,,0,0,no_verified_eqs,not_analyzable,,574,,copying,True,directly redoes calculation,False
svamp,copy,There were 13 roses in the vase. Jessica cut some more roses from her flower gar,ok,235,12,11,12,11,-1.0,True,True,True,,False,False,False,False,False,question,False,,,2,2,eq_operand,changed,3,4,,copying,True,partial hallucination,False
svamp,copy,Winter is almost here and most animals are migrating to warmer countries. There ,ok,268,62,63,62,63,1.0,True,True,True,,False,False,False,False,False,question,False,,,0,0,no_verified_eqs,not_analyzable,,27,,copying,True,states correct value,False
svamp,copy,He had a total of 40 saltwater animals in different aquariums. Each aquarium has,ok,18,40,42,40,42,2.0,True,True,True,,False,False,False,False,False,question,False,,,0,0,no_verified_eqs,not_analyzable,,20,,copying,True,directly redoes calculation,False
svamp,copy,Dave had 15 apps and 24 files on his phone. After deleting some apps and files h,ok,253,24,26,24,26,2.0,True,True,True,,False,False,False,False,False,question,False,,,2,2,prose_mid,unchanged,17,17,,NOJOIN,NOJOIN,NOJOIN,False
svamp,copy,Ryan learns english and chinese for 7 days. Every day he spends 4 hours on learn,ok,166,5,4,5,4,-1.0,True,True,True,,True,True,True,False,False,question,False,,,2,2,prose_mid,unchanged,63,63,,copying,True,states correct value,False
svamp,copy,In a school there are 362 boys and 257 girls. 403 more girls joined the school. ,ok,149,257,255,257,255,-2.0,True,True,True,,False,False,False,False,False,question,False,,,2,2,prose_mid,unchanged,298,298,,copying,True,partial hallucination,False
svamp,copy,Paul got a box of some crayons for his birthday. By the end of the school year h,ok,29,177,176,177,176,-1.0,True,True,True,,False,False,False,False,False,question,False,,,0,0,no_verified_eqs,not_analyzable,,728,,NOJOIN,NOJOIN,NOJOIN,False
svamp,copy,He then went to see the oranges being harvested. He found out that they harvest ,ok,279,45,47,45,47,2.0,True,True,True,,False,False,False,False,True,cot,False,,,0,0,no_verified_eqs,not_analyzable,,45,,copying,True,states correct value,False
svamp,copy,The ring toss game at the carnival made 144 dollars per day. They were at the ca,ok,258,3168,3165,3168,3165,-3.0,True,True,True,,False,False,False,False,True,cot,False,,,0,0,no_verified_eqs,not_analyzable,,3168,,copying,True,complete hallucination,False
svamp,copy,Jake has 11 fewer peaches than Steven. If Jake has 17 peaches. How many peaches ,ok,29,17,15,17,15,-2.0,True,True,True,,False,False,False,False,False,question,False,,,1,1,prose_mid,unchanged,28,28,,copying,True,complete hallucination,False
svamp,copy,There are 203 bananas and 63 oranges in Philip's collection. If the bananas are ,ok,92,203,200,203,200,-3.0,True,True,True,,False,False,False,False,False,question,False,,,0,0,no_verified_eqs,not_analyzable,,29,,copying,True,partial hallucination,False
svamp,copy,Dave had 19 apps on his phone. He deleted 5 apps. How many apps are left on his ,ok,179,19,18,19,18,-1.0,True,True,True,,False,False,False,False,False,question,False,,,1,1,eq_operand,changed,13,14,,copying,True,directly redoes calculation,False
svamp,copy,Together Adam and Jackie have 12 apples. He has 9 apples more than Adam and Jack,ok,692,9,6,9,6,-3.0,True,True,True,,False,False,False,False,False,question,False,,,2,2,prose_mid,unchanged,21,21,,NOJOIN,NOJOIN,NOJOIN,False
svamp,copy,He then went to see the oranges being harvested. He found out that they harvest ,ok,170,35,36,35,36,1.0,True,True,True,,False,False,False,False,False,question,False,,,0,0,no_verified_eqs,not_analyzable,,420,,copying,True,states correct value,False
svamp,copy,There are 87 oranges and 290 bananas in Philip's collection. If the bananas are ,ok,115,2,-1,2,-1,-3.0,True,True,True,,False,False,False,False,False,question,False,,,0,0,no_verified_eqs,not_analyzable,,145,,NOJOIN,NOJOIN,NOJOIN,False
svamp,copy,There were 106 dollars in Olivia's wallet. After she visited a supermarket and a,ok,418,80,83,80,83,3.0,True,True,True,,False,False,False,False,False,cot,False,,,0,0,no_verified_eqs,not_analyzable,,31,,copying,True,states correct value,False
svamp,copy,Frank was reading through his favorite book. The book had 392 pages and he read ,ok,292,28,25,28,25,-3.0,True,True,True,,False,False,False,False,True,cot,False,,,0,0,no_verified_eqs,not_analyzable,,28,,copying,True,states correct value,False
svamp,copy,Danny has 12 bottle caps in his collection. He found 53 bottle caps at the park.,ok,53,53,50,53,50,-3.0,True,True,True,,False,False,False,False,False,question,False,,,1,1,prose_mid,unchanged,65,65,,copying,True,states correct value,False
svamp,copy,Winter is almost here and most animals are migrating to warmer countries. There ,ok,268,42,43,42,43,1.0,True,True,True,,False,False,False,False,False,question,False,,,0,0,no_verified_eqs,not_analyzable,,11,,copying,True,states correct value,False
svamp,copy,Zachary did 46 push-ups and 58 crunches in gym class today. David did 38 more pu,ok,367,62,65,62,65,3.0,True,True,True,,False,False,False,False,False,question,False,,,0,0,no_verified_eqs,not_analyzable,,12,,NOJOIN,NOJOIN,NOJOIN,False
svamp,copy,Baker made 61 pastries and 167 cakes. If he sold 108 cakes and 44 pastries How m,ok,158,59,61,59,61,2.0,True,True,True,,True,False,True,False,True,cot,True,,,1,1,after_last_eq,unchanged,59,59,,copying,True,directly redoes calculation,False
svamp,copy,A mailman gives 2 junk mails to each house in a block. If the mailman has to giv,ok,189,14,15,14,15,1.0,True,True,True,,False,False,False,False,False,question,True,,,0,0,no_verified_eqs,not_analyzable,,7,,copying,True,directly redoes calculation,False
svamp,copy,Allan brought 5 balloons to the park. If Jake brought 6 more balloons than the n,ok,311,6,4,6,4,-2.0,True,True,True,,False,False,False,False,False,question,False,,,0,0,no_verified_eqs,not_analyzable,,11,,copying,True,states correct value,False
svamp,copy,"18 red peaches, 14 yellow peaches and 17 green peaches are in the basket. How ma",ok,157,14,16,14,16,2.0,True,True,True,,False,False,False,False,False,question,False,,,0,0,no_verified_eqs,not_analyzable,,32,,copying,True,states correct value,False
svamp,copy,At the stop 13 more people got on the bus. Initially there were 4 people on the ,ok,233,13,12,13,12,-1.0,True,True,True,,False,False,False,False,False,question,False,,,1,1,eq_operand,changed,16,17,,copying,True,directly redoes calculation,False
svamp,copy,Julia played tag with some kids on monday. She played tag with 14 kids on tuesda,ok,29,16,19,16,19,3.0,True,True,True,,False,False,False,False,False,question,False,,,0,0,no_verified_eqs,not_analyzable,,2,,copying,True,directly redoes calculation,False
svamp,copy,Baker's friend bought 137 cakes from him. If he had made 169 cakes initially How,ok,225,137,134,137,134,-3.0,True,True,True,,False,False,False,False,False,question,False,,,0,0,no_verified_eqs,not_analyzable,,32,,copying,True,partial hallucination,False
svamp,copy,For 19 weeks of harvest Lewis earns a total of $ 133. How much money does he ear,ok,196,7,5,7,5,-2.0,True,True,True,,False,False,False,False,True,cot,False,,,1,1,after_last_eq,unchanged,7,7,,copying,True,states correct value,False
svamp,copy,Paul had some books. After selling 137 in a garage sale he had 105 left. How man,ok,181,105,102,105,102,-3.0,True,True,True,,False,False,False,False,False,question,False,,,0,0,no_verified_eqs,not_analyzable,,242,,copying,True,directly redoes calculation,False
svamp,copy,For the walls of the house he would use 11 nails in all to secure large planks o,ok,328,3,4,3,4,1.0,True,True,True,,False,False,False,False,False,question,False,,,0,0,no_verified_eqs,not_analyzable,,1,,copying,True,states correct value,False
svamp,copy,6 birds and 3 storks were sitting on the fence. 2 more storks came to join them.,ok,63,6,4,6,4,-2.0,True,True,True,,False,False,False,False,False,question,False,,,3,3,eq_operand,unchanged,1,1,,NOJOIN,NOJOIN,NOJOIN,False
svamp,copy,There were 12 people on the bus. At the next stop 4 more people got on the bus. ,ok,153,16,14,16,14,-2.0,True,True,True,,False,False,False,False,True,cot,False,,,1,1,after_last_eq,unchanged,16,16,,copying,True,states correct value,False
svamp,copy,"A grocery store had 57 bottles of regular soda, 26 bottles of diet soda and 27 b",ok,210,83,82,83,82,-1.0,True,True,True,,False,False,False,False,False,cot,False,,,2,2,prose_mid,unchanged,110,110,,copying,True,directly redoes calculation,False
svamp,copy,In a school there are 902 girls and 811 boys. 44 more girls joined the school. H,ok,233,902,901,902,901,-1.0,True,True,True,,False,False,False,False,False,question,False,,,0,0,no_verified_eqs,not_analyzable,,946,,copying,True,directly redoes calculation,False
svamp,copy,The school is planning a field trip. The school has 24 classrooms. There are 120,ok,158,24,21,24,21,-3.0,True,True,True,,False,False,False,False,False,question,False,,,0,0,no_verified_eqs,not_analyzable,,5,,copying,True,states correct value,False
svamp,copy,He then went to see the oranges being harvested. He found out that the harvest w,ok,84,56,57,56,57,1.0,True,True,True,,False,False,False,False,False,question,False,,,0,0,no_verified_eqs,not_analyzable,,14,,copying,True,states correct value,False
svamp,copy,David did 30 more push-ups than Zachary in gym class today. If David did 37 push,ok,162,30,32,30,32,2.0,True,True,True,,False,False,False,False,False,question,False,,,1,1,prose_mid,unchanged,7,7,,copying,True,directly redoes calculation,False
svamp,copy,Marco and his dad went strawberry picking. Marco's strawberries weighed 30 pound,ok,331,30,31,30,31,1.0,True,True,True,,False,False,False,False,False,question,False,,,1,1,prose_mid,unchanged,13,13,,copying,True,directly redoes calculation,False
svamp,copy,Bryan took a look at his books and magazines. If he has 23 books and 61 magazine,ok,274,29,28,29,28,-1.0,True,True,True,,False,False,False,False,False,question,False,,,0,0,no_verified_eqs,not_analyzable,,2436,,copying,True,complete hallucination,False
svamp,copy,Faye was placing her pencils and crayons into 7 rows with 36 pencils and 30 cray,ok,243,7,4,7,4,-3.0,True,True,True,,False,False,False,False,False,question,False,,,0,0,no_verified_eqs,not_analyzable,,210,,NOJOIN,NOJOIN,NOJOIN,False
svamp,copy,Baker made 7 cakes and 148 pastries. If he sold 15 cakes and 103 pastries How ma,ok,160,15,14,15,14,-1.0,True,True,True,,False,False,False,False,False,question,False,,,1,1,prose_mid,unchanged,45,45,,NOJOIN,NOJOIN,NOJOIN,False
svamp,copy,Robin cut off 13 inches of his hair. If his hair was 14 inches long initially Ho,ok,251,1,-1,1,-1,-2.0,True,True,True,,False,False,False,False,True,cot,False,,,0,0,no_verified_eqs,not_analyzable,,1,,copying,True,states correct value,False
svamp,copy,In Haley's class 13 boys love to play marbles and 50 boys love to play cards. If,ok,377,13,12,13,12,-1.0,True,True,True,,False,False,False,False,False,question,False,,,2,2,prose_mid,unchanged,2,2,,NOJOIN,NOJOIN,NOJOIN,False
svamp,copy,In Haley's class 11 are boys who love to play marbles. If Haley gives 9 marbles ,ok,221,99,98,99,98,-1.0,True,True,True,,False,False,False,False,True,cot,False,,,0,0,no_verified_eqs,not_analyzable,,99,,copying,True,states correct value,False
svamp,copy,Ed had 30 more marbles than Doug. Ed lost 21 of his marbles at the playground. I,ok,193,112,110,112,110,-2.0,True,True,True,,False,False,False,False,False,cot,False,,,3,3,eq_operand,changed,11,9,,copying,True,directly redoes calculation,True
svamp,copy,A farmer had 105 green tomatoes and 71 red tomatoes in his garden. If he picked ,ok,168,71,72,71,72,1.0,True,True,True,,False,False,False,False,False,question,False,,,0,0,no_verified_eqs,not_analyzable,,39,,copying,True,partial hallucination,False
svamp,copy,An industrial machine can make 6 shirts a minute. It worked for 5 minutes yester,ok,227,12,10,12,10,-2.0,True,True,True,,False,False,False,False,False,question,False,,,0,0,no_verified_eqs,not_analyzable,,72,,copying,True,states correct value,False
svamp,copy,"After making some pies, chef had 2 apples left. Initially he had 43 apples How m",ok,179,43,45,43,45,2.0,True,True,True,,False,False,False,False,False,question,False,,,0,0,no_verified_eqs,not_analyzable,,41,,copying,True,states correct value,False
svamp,copy,There were 53 dollars in Olivia's wallet. She collected 91 more dollars from an ,ok,111,91,93,91,93,2.0,True,True,True,,False,False,False,False,False,question,False,,,3,3,eq_operand,changed,41,39,,copying,True,directly redoes calculation,True
svamp,copy,Danny collects bottle caps. He threw away 6 of the old ones at the park while he,ok,196,50,52,50,52,2.0,True,True,True,,False,False,False,False,False,question,False,,,2,2,eq_operand,not_analyzable,,44,,NOJOIN,NOJOIN,NOJOIN,False
svamp,copy,They decided to hold the party in their backyard. If they have 5 sets of tables ,ok,304,5,4,5,4,-1.0,True,True,True,,False,False,False,False,False,question,True,,,3,3,prose_mid,unchanged,45,45,,copying,True,directly redoes calculation,False
svamp,copy,"7 red peaches, 71 yellow peaches and 8 green peaches are in the basket. How many",ok,194,7,5,7,5,-2.0,True,True,True,,False,False,False,False,False,question,False,,,0,0,no_verified_eqs,not_analyzable,,1,,copying,True,states correct value,False
svamp,copy,There were 13 roses and 84 orchids in the vase. Jessica cut some more roses and ,ok,356,1,4,1,4,3.0,True,True,True,,False,False,False,False,True,cot,True,,,2,2,after_last_eq,unchanged,1,1,,NOJOIN,NOJOIN,NOJOIN,False
svamp,copy,Edward spent $ 6 to buy 2 books each book costing him the same amount of money. ,ok,73,3.,6.,3,6,3.0,True,True,True,,True,True,True,False,True,cot,True,,,1,1,after_last_eq,unchanged,3,3,,copying,True,complete hallucination,False
svamp,copy,Marco and his dad went strawberry picking. Together their strawberries weighed 2,ok,267,17,20,17,20,3.0,True,True,True,,True,True,True,False,False,question,False,,,0,0,no_verified_eqs,not_analyzable,,3,,copying,True,states correct value,False
svamp,copy,Jesse's room is 2 feet long and 12 feet wide. If each tile is of size 4 square f,ok,478,4,5,4,5,1.0,True,True,True,,False,False,False,False,False,question,False,,,0,0,no_verified_eqs,not_analyzable,,6,,copying,True,states correct value,False
svamp,copy,"The grasshopper, the frog and the mouse had a jumping contest. The grasshopper j",ok,124,17,16,17,16,-1.0,True,True,True,,False,False,False,False,False,question,False,,,1,1,eq_operand,changed,52,53,,copying,True,states correct value,False
svamp,copy,Robin has 28 packages of gum and 13 packages of candy. There are 4 pieces in eac,ok,87,4,1,4,1,-3.0,True,True,True,,False,False,False,False,False,question,False,,,0,0,no_verified_eqs,not_analyzable,,112,,NOJOIN,NOJOIN,NOJOIN,False
svamp,copy,Winter is almost here and most animals are migrating to warmer countries. There ,ok,173,87,88,87,88,1.0,True,True,True,,False,False,False,False,False,question,False,,,0,0,no_verified_eqs,not_analyzable,,73,,copying,True,states correct value,False
svamp,copy,Baker made 134 pastries and 11 cakes. If he sold 140 cakes and 92 pastries How m,ok,165,11,9,11,9,-2.0,True,True,True,,False,False,False,False,False,question,False,,,0,0,no_verified_eqs,not_analyzable,,123,,copying,True,states correct value,False
svamp,copy,44 campers went rowing in the morning 39 campers went rowing in the afternoon an,ok,254,44,42,44,42,-2.0,True,True,True,,False,False,False,False,False,question,False,,,0,0,no_verified_eqs,not_analyzable,,5,,copying,True,states correct value,False
svamp,copy,There are many different books in the ' crazy silly school ' series. If you have,ok,214,21,23,21,23,2.0,True,True,True,,False,False,False,False,True,cot,False,,,0,0,no_verified_eqs,not_analyzable,,21,,copying,True,directly redoes calculation,False
svamp,copy,Paul got a box of 531 crayons and 38 erasers for his birthday. At the end of the,ok,188,391,388,391,388,-3.0,True,True,True,,False,False,False,False,False,question,False,,,2,2,eq_operand,unchanged,353,353,,NOJOIN,NOJOIN,NOJOIN,False
svamp,copy,Dave had 10 apps on his phone. He added 11 new apps. After deleting some he had ,ok,58,10,12,10,12,2.0,True,True,True,,False,False,False,False,False,question,False,,,2,2,eq_operand,changed,19,17,,copying,True,directly redoes calculation,True
svamp,copy,There were 5 roses and 3 orchids in the vase. Jessica cut some more roses and or,ok,569,12,10,12,10,-2.0,True,True,True,,False,False,False,True,False,question,False,,,2,2,prose_mid,unchanged,10,10,,NOJOIN,NOJOIN,NOJOIN,False
svamp,copy,Last week Fred had 78 dollars and Jason had 31 dollars. Jason delivered newspape,ok,202,31,29,31,29,-2.0,True,True,True,,False,False,False,False,False,question,False,,,1,1,eq_operand,changed,28,26,,copying,True,explicitly identifies error,False
svamp,copy,Josh had 15 marbles in his collection. He found 9 marbles while he lost 23 marbl,ok,505,23,21,23,21,-2.0,True,True,True,,False,False,False,False,False,question,False,,,0,0,no_verified_eqs,not_analyzable,,14,,NOJOIN,NOJOIN,NOJOIN,False
svamp,copy,"The grasshopper, the frog and the mouse had a jumping contest. The grasshopper j",ok,75,19,22,19,22,3.0,True,True,True,,False,False,False,False,False,question,False,,,1,1,prose_mid,unchanged,58,58,,copying,True,states correct value,False
svamp,copy,There were 174 parents in the program and 521 pupils too. How many more pupils w,ok,222,347,344,347,344,-3.0,True,True,True,,False,False,False,False,True,cot,False,,,1,1,after_last_eq,unchanged,347,347,,copying,True,partial hallucination,False
svamp,copy,"The grasshopper, the frog and the mouse had a jumping contest. The grasshopper j",ok,322,20,19,20,19,-1.0,True,True,True,,True,True,True,False,False,cot,False,,,0,0,no_verified_eqs,not_analyzable,,8,,copying,True,states correct value,False
svamp,copy,Katie had 84 new games and 19 old games. Her friends had 8 new games and 69 old ,ok,189,84,83,84,83,-1.0,True,True,True,,False,False,False,False,False,question,False,,,0,0,no_verified_eqs,not_analyzable,,92,,copying,True,states correct value,False
svamp,copy,"Being his favorite, he saved checking on the grapevines after 57 stops. He was t",ok,150,108,107,108,107,-1.0,True,True,True,,False,False,False,False,False,question,False,,,0,0,no_verified_eqs,not_analyzable,,6264,,copying,True,states correct value,False
svamp,copy,A mailman has to give 38 pieces of junk mail to each of the 78 blocks. If there ,ok,69,78,80,78,80,2.0,True,True,True,,False,False,False,False,False,question,False,,,1,1,prose_mid,not_analyzable,,2,,copying,True,complete hallucination,False
svamp,copy,Mary is baking a cake. The recipe calls for 10 cups of flour 2 cups of sugar and,ok,160,7,6,7,6,-1.0,True,True,True,,False,False,False,False,False,question,False,,,1,1,eq_operand,not_analyzable,,1,,copying,True,complete hallucination,False
svamp,copy,There are 4502 skittles in Steven's skittles collection. Steven also has 4276 er,ok,257,154,156,154,156,2.0,True,True,True,,False,False,False,False,False,question,False,,,0,0,no_verified_eqs,not_analyzable,,57,,copying,True,directly redoes calculation,False
svamp,copy,Rebecca wants to split a collection of eggs into groups of 20. Rebecca has 5 mar,ok,189,7,4,7,4,-3.0,True,True,True,,False,False,False,False,True,cot,False,,,1,1,after_last_eq,unchanged,7,7,,copying,True,complete hallucination,False
svamp,copy,Baker made 81 cakes. Then he made 92 more cakes. He sold 46 of them. How many mo,ok,94,92,89,92,89,-3.0,True,True,True,,False,False,False,False,False,question,False,,,2,2,eq_operand,changed,124,127,,copying,True,directly redoes calculation,True
svamp,copy,In a school there are 315 girls and 309 boys. There are also 772 teachers How ma,ok,103,315,312,315,312,-3.0,True,True,True,,False,False,False,False,False,question,False,,,0,0,no_verified_eqs,not_analyzable,,1396,,copying,True,states correct value,False
svamp,copy,Rachel picked 3 ripe apples from her tree. Now the tree has 2 ripe apples and 27,ok,104,5,3,5,3,-2.0,True,True,True,,True,True,True,False,True,cot,True,,,1,1,after_last_eq,unchanged,5,5,,copying,True,directly redoes calculation,False
svamp,copy,"Rachel had to complete 4 pages of reading homework, 7 pages of math homework and",ok,649,3,5,3,5,2.0,True,True,True,,False,False,False,False,True,cot,True,,,3,3,after_last_eq,unchanged,3,3,,NOJOIN,NOJOIN,NOJOIN,False
svamp,copy,After resting they decided to go for a swim. The depth of the water is 9 times D,ok,178,9,8,9,8,-1.0,True,True,True,,False,False,False,False,False,question,False,,,2,2,prose_mid,unchanged,81,81,,copying,True,complete hallucination,False
svamp,copy,In a school there are 308 girls and 318 boys. There are also 36 teachers How man,ok,150,318,315,318,315,-3.0,True,True,True,,False,False,False,False,False,question,False,,,0,0,no_verified_eqs,not_analyzable,,626,,copying,True,complete hallucination,False
svamp,copy,Next on his checklist is wax to stick the feathers together and colors to paint ,ok,388,331,329,331,329,-2.0,True,True,True,,False,False,False,False,True,cot,False,,,0,0,no_verified_eqs,not_analyzable,,331,,copying,True,complete hallucination,False
svamp,copy,"At the zoo, a cage had 3 snakes and 75 alligators. If 82 snakes and 19 alligator",ok,341,56,57,56,57,1.0,True,True,True,,False,False,False,False,True,cot,False,,,0,0,no_verified_eqs,not_analyzable,,56,,copying,True,complete hallucination,False
svamp,copy,The grasshopper and the frog had a jumping contest. The grasshopper jumped 13 in,ok,147,2,0,2,0,-2.0,True,True,True,,False,False,False,False,False,question,False,,,0,0,no_verified_eqs,not_analyzable,,11,,copying,True,states correct value,False
svamp,calc,Dan had $ 3 left with him after he bought a candy bar. If he had $ 4 at the star,ok,198,1,0,1,0,-1.0,True,True,True,,False,False,False,False,True,,True,False,False,1,1,eq_rhs,changed,0,1,,calculation,True,states correct value,False
svamp,calc,28 children were riding on the bus. At the bus stop 82 children got on the bus w,ok,132,110,107,110,107,-3.0,True,True,True,,False,False,False,False,False,,True,False,False,2,2,eq_rhs,unchanged,2,2,,calculation,True,directly redoes calculation,False
svamp,calc,There were 3 dollars in Olivia's wallet. She collected 49 more dollars from an a,ok,114,52,53,52,53,1.0,True,True,True,,False,False,False,False,False,,True,False,False,3,3,eq_rhs,changed,45,46,,calculation,False,,True
svamp,calc,Mary is baking a cake. The recipe calls for 3 cups of sugar 10 cups of flour and,ok,279,4,7,4,7,3.0,True,True,True,,False,False,False,False,True,,True,False,False,0,0,no_verified_eqs,not_analyzable,,4,,calculation,True,directly redoes calculation,False
svamp,calc,3 birds were sitting on the fence. 6 more storks and 2 more birds came to join t,ok,104,5,3,5,3,-2.0,True,True,True,,True,True,True,False,False,,True,False,False,2,2,eq_rhs,changed,3,1,,copying,True,states correct value,True
svamp,calc,After resting they decided to go for a swim. The depth of the water is 15 times ,ok,129,17,14,17,14,-3.0,True,True,True,,False,False,False,False,False,,True,False,False,2,2,eq_rhs,changed,210,255,,copying,True,states correct value,True
svamp,calc,Baker made 121 cakes. He sold 105 of them and bought 170 new cakes. How many cak,ok,77,16,14,16,14,-2.0,True,True,True,,False,False,False,False,False,,True,False,False,2,2,eq_rhs,changed,184,186,,calculation,False,,False
svamp,calc,The bananas in Philip's collection are organized into groups of size 18. If ther,ok,229,10,12,10,12,2.0,True,True,True,,False,False,False,False,True,,True,False,False,0,0,no_verified_eqs,not_analyzable,,10,,calculation,True,complete hallucination,False
svamp,calc,Jerry had 3 action figures on a shelf in his room. Later he added 4 more action ,ok,214,1,-2,1,-2,-3.0,True,True,True,,False,False,False,False,True,,True,False,False,2,2,eq_rhs,changed,-2,1,,calculation,True,states correct value,True
svamp,calc,Danny collects bottle caps and wrappers. He found 65 wrappers and 5 bottle caps ,ok,302,26,29,26,29,3.0,True,True,True,,False,False,False,False,False,,True,False,False,0,0,no_verified_eqs,not_analyzable,,60,,other,True,complete hallucination,False
svamp,calc,There are some baskets of peaches. Each basket has 4 red peaches and 3 green pea,ok,253,1,4,1,4,3.0,True,True,True,,True,True,True,False,True,,False,False,False,1,1,after_last_eq,not_analyzable,,1,,copying,True,states correct value,False
svamp,calc,For Gwen's birthday she received 5 dollars from her dad. Her mom gave her 7 more,ok,121,12,9,12,9,-3.0,True,True,True,,False,False,False,False,False,,True,False,False,3,3,eq_rhs,unchanged,2,2,,other,True,states correct value,True
svamp,calc,"Jack received 4 emails in the morning, 5 emails in the afternoon and 8 emails in",ok,234,13,15,13,15,2.0,True,True,True,,False,False,False,False,True,,True,False,False,0,0,no_verified_eqs,not_analyzable,,13,,calculation,True,complete hallucination,False
svamp,calc,Jerry had 7 action figures on a shelf in his room. Later he added some more acti,ok,252,11,9,11,9,-2.0,True,True,True,,False,False,False,False,True,,True,False,False,1,1,eq_rhs,changed,9,11,,copying,True,states correct value,True
svamp,calc,A waiter had 12 customers. After some left he still had 14 customers. Then he go,ok,385,24,21,24,21,-3.0,True,True,True,,False,False,False,False,True,,True,False,False,1,1,eq_rhs,changed,21,24,,calculation,True,directly redoes calculation,False
svamp,calc,Winter is almost here and most animals are migrating to warmer countries. There ,ok,456,31,29,31,29,-2.0,True,True,True,,False,True,True,False,True,,True,False,False,0,0,no_verified_eqs,not_analyzable,,31,,calculation,True,states correct value,False
svamp,calc,After eating a hearty meal they went to see the Buckingham palace. There were 39,ok,251,61,64,61,64,3.0,True,True,True,,False,False,False,False,True,,True,False,False,0,0,no_verified_eqs,not_analyzable,,61,,calculation,True,states correct value,False
svamp,calc,Emily is making bead necklaces for her 72 friends. She has 6 beads and each neck,ok,222,2,-1,2,-1,-3.0,True,True,True,,False,False,False,False,True,,True,False,False,0,0,no_verified_eqs,not_analyzable,,2,,calculation,True,explicitly identifies error,False
svamp,calc,He also had 26 aquariums for saltwater animals. The aquarium had 52 saltwater an,ok,278,2,1,2,1,-1.0,True,True,True,,False,False,False,False,True,,True,False,False,0,0,no_verified_eqs,not_analyzable,,2,,calculation,True,states correct value,False
svamp,calc,An industrial machine made 9 shirts yesterday and 8 shirts today. It can make 2 ,ok,341,4,5,4,5,1.0,True,True,True,,False,False,False,False,True,,True,False,False,0,0,no_verified_eqs,not_analyzable,,4,,calculation,True,states correct value,False
svamp,calc,Olivia spent 78 dollars at a supermarket. If she has 33 dollars left with her Ho,ok,200,111,110,111,110,-1.0,True,True,True,,False,False,False,False,True,,True,False,False,0,0,no_verified_eqs,not_analyzable,,111,,calculation,False,,False
svamp,calc,Because of the decision Sofia asked the students to suggest specific types of fo,ok,302,569,567,569,567,-2.0,True,True,True,,False,False,False,False,True,,True,False,False,0,0,no_verified_eqs,not_analyzable,,569,,calculation,True,complete hallucination,False
svamp,calc,If each bag has 41 cookies and you had 53 bags of cookies How many cookies would,ok,123,2173,2175,2173,2175,2.0,True,True,True,,False,False,False,False,True,,True,False,False,0,0,no_verified_eqs,not_analyzable,,2173,,calculation,True,complete hallucination,False
svamp,calc,Allan brought 5 balloons and Jake brought 4 balloons to the park. Allan then bou,ok,136,8,5,8,5,-3.0,True,True,True,,True,True,True,False,True,,True,False,False,1,1,eq_rhs,changed,5,8,,copying,True,states correct value,True
svamp,calc,The Razorback shop makes $ 5 dollars off each jersey and $ 215 off each t-shirt.,ok,176,4300,4303,4300,4303,3.0,True,True,True,,False,False,False,False,True,,True,False,False,1,1,eq_rhs,changed,4303,4300,,calculation,True,states correct value,True
svamp,calc,Brenda's mother made 14 cookies for 2 guests. If each of them had the same numbe,ok,106,7,8,7,8,1.0,True,True,True,,False,False,False,False,True,,True,False,False,0,0,no_verified_eqs,not_analyzable,,7,,calculation,True,states correct value,False
svamp,calc,In a school there are 632 girls and 410 boys. 465 more girls joined the school. ,ok,311,687,688,687,688,1.0,True,True,True,,False,False,False,False,True,,True,False,False,0,0,no_verified_eqs,not_analyzable,,687,,calculation,False,,False
svamp,calc,2 birds and 6 storks were sitting on the fence. 3 more birds came to join them. ,ok,109,5,6,5,6,1.0,True,True,True,,True,True,True,False,False,,True,False,False,2,2,eq_rhs,changed,0,1,,copying,True,states correct value,True
svamp,calc,Paco had 17 cookies. He ate 14 cookies and gave 13 of them to his friend. How ma,ok,261,1,-1,1,-1,-2.0,True,True,True,,False,False,False,False,True,,True,False,False,1,1,eq_rhs,changed,-1,1,,calculation,True,states correct value,True
svamp,calc,Dan has $ 5. He bought a candy bar for $ 2 and a chocolate for $ 3. How much mon,ok,212,1.,0.,1,0,-1.0,True,True,True,,False,False,False,False,True,,True,False,False,1,1,eq_rhs,changed,0,1,,calculation,True,complete hallucination,False
svamp,calc,There are 20 different books in the ' crazy silly school ' series. If you are ye,ok,104,15,17,15,17,2.0,True,True,True,,False,False,False,False,True,,True,False,False,1,1,eq_rhs,changed,17,15,,calculation,True,states correct value,False
svamp,calc,Josh lost 11 marbles. If he had 19 marbles in his collection earlier How many ma,ok,216,8,7,8,7,-1.0,True,True,True,,False,False,False,False,True,,True,False,False,0,0,no_verified_eqs,not_analyzable,,8,,calculation,True,states correct value,False
svamp,calc,Faye was placing her pencils into 14 rows with 11 pencils in each row. How many ,ok,202,154,151,154,151,-3.0,True,True,True,,False,False,False,False,True,,True,False,False,0,0,no_verified_eqs,not_analyzable,,154,,calculation,True,partial hallucination,False
svamp,calc,There are 141 pots. Each pot has 71 flowers and 91 sticks in it. How many flower,ok,178,10011,10008,10011,10008,-3.0,True,True,True,,False,False,False,False,True,,True,False,False,0,0,no_verified_eqs,not_analyzable,,10011,,calculation,False,,False
svamp,calc,"Jack received 10 emails in the morning, 5 emails in the afternoon and 4 emails i",ok,278,1,-2,1,-2,-3.0,True,True,True,,False,False,False,False,True,,True,False,False,0,0,no_verified_eqs,not_analyzable,,1,,calculation,True,directly redoes calculation,False
svamp,calc,Mary is baking a cake. The recipe calls for 12 cups of sugar and 14 cups of flou,ok,175,2,0,2,0,-2.0,True,True,True,,False,False,False,False,False,,True,False,False,2,2,eq_rhs,changed,14,12,,calculation,True,states correct value,True
svamp,calc,Kelly has 22 nintendo games. How many does she need to buy so that she will have,ok,908,118,121,118,121,3.0,True,True,True,,False,False,False,False,True,,True,False,False,0,0,no_verified_eqs,not_analyzable,,118,,calculation,True,complete hallucination,False
svamp,calc,After Jessie started to go jogging everyday she lost 35 kilograms. She weighed 6,ok,243,34,33,34,33,-1.0,True,True,True,,False,False,False,False,True,,True,False,False,0,0,no_verified_eqs,not_analyzable,,34,,copying,True,states correct value,False
svamp,calc,Emily is making bead necklaces for her friends. She made 11 necklaces and each n,ok,223,308,310,308,310,2.0,True,True,True,,False,False,False,False,True,,True,False,False,0,0,no_verified_eqs,not_analyzable,,308,,calculation,True,directly redoes calculation,False
svamp,calc,A mailman has to give 9 pieces of junk mail to each house in each block. If ther,ok,147,180,177,180,177,-3.0,True,True,True,,False,False,False,False,True,,True,False,False,1,1,eq_rhs,changed,177,180,,calculation,True,states correct value,True
svamp,calc,Matthew gave equal numbers of crackers and cakes to his 4 friends. If he had 10 ,ok,541,2,-1,2,-1,-3.0,True,True,True,,False,False,False,False,True,,False,False,False,2,2,after_last_eq,not_analyzable,,2,,calculation,True,directly redoes calculation,False
svamp,calc,Jessica cut some roses from her flower garden to put in her vase. There are now ,ok,228,16,14,16,14,-2.0,True,True,True,,False,False,False,False,True,,True,False,False,1,1,eq_rhs,changed,14,16,,calculation,False,,False
svamp,calc,After resting they decided to go for a swim. If the depth of the water is 10 tim,ok,496,81,80,81,80,-1.0,True,True,True,,False,False,False,False,True,,True,False,False,0,0,no_verified_eqs,not_analyzable,,81,,calculation,True,partial hallucination,False
svamp,calc,Frank was reading through his favorite book. He read 8 pages per day. If the boo,ok,229,72,71,72,71,-1.0,True,True,True,,False,False,False,False,True,,True,False,False,0,0,no_verified_eqs,not_analyzable,,72,,calculation,True,directly redoes calculation,False
svamp,calc,Julia played tag with 4 kids on wednesday. She had played with 6 kids on monday ,ok,295,2,0,2,0,-2.0,True,True,True,,False,False,False,False,True,,True,False,False,0,0,no_verified_eqs,not_analyzable,,2,,calculation,True,states correct value,False
svamp,calc,Carol was sending out birthday invitations to 10 friends. If each package of inv,ok,258,5,8,5,8,3.0,True,True,True,,False,False,False,False,True,,True,False,False,0,0,no_verified_eqs,not_analyzable,,5,,copying,True,states correct value,False
svamp,calc,Paige raised 7 goldfish and 12 catfish in the pond but stray cats loved eating t,ok,162,19,22,19,22,3.0,True,True,True,,False,False,False,False,False,,True,False,False,2,2,eq_rhs,changed,7,4,,calculation,True,states correct value,True
svamp,calc,Danny collects bottle caps. He found 63 bottle caps at the park while he threw a,ok,491,21,19,21,19,-2.0,True,True,True,,False,False,False,False,True,,True,False,False,0,0,no_verified_eqs,not_analyzable,,21,,calculation,True,complete hallucination,False
svamp,calc,A grocery store had 67 bottles of regular soda and 9 bottles of diet soda. How m,ok,258,58,61,58,61,3.0,True,True,True,,False,False,False,False,True,,True,False,False,0,0,no_verified_eqs,not_analyzable,,58,,calculation,True,complete hallucination,False
svamp,calc,Josh had 20 marbles in his collection. He gave 2 marbles to Jack. How many marbl,ok,61,18,16,18,16,-2.0,True,True,True,,False,False,False,False,True,,True,False,False,1,1,eq_rhs,changed,16,18,,calculation,True,complete hallucination,False
svamp,calc,The Razorback t-shirt shop makes $ 98 dollars off each t-shirt sold. During the ,ok,472,8722,8723,8722,8723,1.0,True,True,True,,False,False,False,False,True,,True,False,False,0,0,no_verified_eqs,not_analyzable,,8722,,calculation,False,,False
svamp,calc,For the walls of the house he would use 13 large planks of wood. If each plank o,ok,285,229,230,229,230,1.0,True,True,True,,False,False,False,False,True,,True,False,False,2,2,eq_rhs,changed,230,229,,calculation,False,,False
svamp,calc,"A grocery store had 54 bottles of diet soda, 83 bottles of regular soda and 12 a",ok,223,29,32,29,32,3.0,True,True,True,,False,False,False,False,True,,True,False,False,1,1,eq_rhs,changed,32,29,,calculation,True,states correct value,True
svamp,calc,Kelly has 106 nintendo games. How many will she have left if she gives away 64 g,ok,196,42,44,42,44,2.0,True,True,True,,False,False,False,False,True,,True,False,False,1,1,eq_rhs,changed,44,42,,calculation,True,complete hallucination,False
svamp,calc,Matthew had 15 crackers. If Matthew gave equal numbers of crackers to his 5 frie,ok,433,1,3,1,3,2.0,True,True,True,,False,False,False,False,True,,True,False,False,2,2,eq_rhs,changed,3,1,,copying,True,explicitly identifies error,False
svamp,calc,Last week Fred had 19 dollars and Jason had 16 dollars. They washed cars over th,ok,199,21,22,21,22,1.0,True,True,True,,False,False,False,False,True,,True,False,False,1,1,eq_rhs,changed,22,21,,copying,True,complete hallucination,False
svamp,calc,Rachel has 4 apple trees. She picked 7 apples from each of her trees. Now the tr,ok,85,28,26,28,26,-2.0,True,True,True,,False,False,False,False,True,,True,False,False,1,1,eq_rhs,changed,26,28,,calculation,True,complete hallucination,True
svamp,calc,The Ferris wheel in paradise park has 2 small seats and 23 large seats. Each sma,ok,278,28,25,28,25,-3.0,True,True,True,,False,False,False,False,True,,True,False,False,0,0,no_verified_eqs,not_analyzable,,28,,calculation,True,states correct value,False
svamp,calc,A grocery store had 4 bottles of diet soda. If they had 79 more bottles of regul,ok,300,83,80,83,80,-3.0,True,True,True,,False,False,False,False,True,,True,False,False,0,0,no_verified_eqs,not_analyzable,,83,,calculation,True,directly redoes calculation,False
svamp,calc,During the Arkansas and Texas tech game the Razorback t-shirt shop made $ 60 by ,ok,244,6.,3.,6,3,-3.0,True,True,True,,False,False,False,False,True,,True,False,False,1,1,eq_rhs,changed,3,6,,calculation,True,complete hallucination,False
svamp,calc,Bryan took a look at his books and magazines. If he has 9 books and 46 magazines,ok,314,460,461,460,461,1.0,True,True,True,,False,False,False,False,True,,True,False,False,0,0,no_verified_eqs,not_analyzable,,460,,calculation,True,directly redoes calculation,False
svamp,calc,2 birds were sitting on the fence. 5 more birds and 4 more storks came to join t,ok,279,3,2,3,2,-1.0,True,True,True,,True,True,True,False,True,,True,False,False,1,1,after_last_eq,not_analyzable,,3,,copying,True,states correct value,False
svamp,calc,Baker made 170 cakes. He sold 78 of them and bought 31 new cakes. How many more ,ok,196,123,121,123,121,-2.0,True,True,True,,False,False,False,False,False,,True,False,False,2,2,eq_rhs,unchanged,47,47,,calculation,True,complete hallucination,False
svamp,calc,Shirley sold 25 cases of boxes of trefoils. How many boxes of trefoils does she ,ok,234,350,347,350,347,-3.0,True,True,True,,False,False,False,False,True,,True,False,False,0,0,no_verified_eqs,not_analyzable,,350,,calculation,True,directly redoes calculation,False
svamp,calc,White t - shirts can be purchased in packages. If mom buys 66 white t - shirts w,ok,235,22,23,22,23,1.0,True,True,True,,False,False,False,False,True,,True,False,False,1,1,eq_rhs,changed,23,22,,calculation,False,,False
svamp,calc,The Razorback t-shirt shop makes $ 78 dollars off each t-shirt sold. During the ,ok,755,1092,1095,1092,1095,3.0,True,True,True,,False,False,False,False,True,,True,False,False,0,0,no_verified_eqs,not_analyzable,,1092,,calculation,False,,False
svamp,calc,There are 62 different movies and 19 different books in the ' crazy silly school,ok,147,15,16,15,16,1.0,True,True,True,,False,False,False,False,True,,True,False,False,0,0,no_verified_eqs,not_analyzable,,15,,calculation,False,,False
svamp,calc,In Haley's class some boys love to play marbles. Haley gives 2 marbles to each b,ok,239,14,13,14,13,-1.0,True,True,True,,False,False,False,False,True,,True,False,False,0,0,no_verified_eqs,not_analyzable,,14,,calculation,True,complete hallucination,False
svamp,calc,Emily is making bead necklaces for her friends. Each necklace takes 8 beads and ,ok,216,2,-1,2,-1,-3.0,True,True,True,,False,False,False,False,True,,True,False,False,0,0,no_verified_eqs,not_analyzable,,2,,calculation,True,complete hallucination,False
svamp,calc,Paul got a box of 253 crayons for his birthday. By the end of the school year he,ok,238,183,180,183,180,-3.0,True,True,True,,False,False,False,False,True,,True,False,False,0,0,no_verified_eqs,not_analyzable,,183,,calculation,False,,False
svamp,calc,An industrial machine made 9 shirts yesterday and 44 shirts today. It can make 3,ok,159,53,51,53,51,-2.0,True,True,True,,False,False,False,False,False,,True,False,False,0,0,no_verified_eqs,not_analyzable,,3,,calculation,True,complete hallucination,False
svamp,calc,There are 7 baskets of peaches. Each basket has 10 red peaches and 2 green peach,ok,286,14,16,14,16,2.0,True,True,True,,False,False,False,False,True,,True,False,False,0,0,no_verified_eqs,not_analyzable,,14,,calculation,True,directly redoes calculation,False
svamp,calc,Rachel had to complete 10 pages of math homework. If she had to complete 3 more ,ok,183,13,15,13,15,2.0,True,True,True,,False,False,False,False,False,,True,False,False,2,2,eq_rhs,changed,25,23,,calculation,True,states correct value,True
svamp,calc,In a school there are 700 girls and the rest are boys. If there are 142 more boy,ok,220,1542,1541,1542,1541,-1.0,True,True,True,,False,False,False,False,True,,True,False,False,1,1,after_last_eq,not_analyzable,,1542,,calculation,False,,False
svamp,calc,A waiter had 14 customers. 5 customers left. How many customers does he still ha,ok,233,9,8,9,8,-1.0,True,True,True,,False,False,False,False,True,,True,False,False,0,0,no_verified_eqs,not_analyzable,,9,,calculation,True,states correct value,False
svamp,calc,Lucy went to the grocery store. She bought 2 packs of cookie and 12 packs of cak,ok,182,14,15,14,15,1.0,True,True,True,,False,False,False,False,True,,True,False,False,0,0,no_verified_eqs,not_analyzable,,14,,calculation,True,directly redoes calculation,False
svamp,calc,Marco and his dad went strawberry picking. His strawberries weighed 8 pounds whi,ok,265,40,39,40,39,-1.0,True,True,True,,False,False,False,False,True,,True,False,False,0,0,no_verified_eqs,not_analyzable,,40,,calculation,True,states correct value,False
svamp,calc,The Razorback t-shirt shop makes $ 106 dollars off each t-shirt sold. During the,ok,356,127,128,127,128,1.0,True,True,True,,False,False,False,False,True,,True,False,False,0,0,no_verified_eqs,not_analyzable,,127,,calculation,True,directly redoes calculation,False
svamp,calc,For the walls of the house he would use 12 large planks of wood and 17 small pla,ok,198,29,26,29,26,-3.0,True,True,True,,False,False,False,False,True,,True,False,False,0,0,no_verified_eqs,not_analyzable,,29,,calculation,True,directly redoes calculation,False
svamp,calc,Paige was helping her mom plant flowers and together they planted 45 seeds in 9 ,ok,220,5,4,5,4,-1.0,True,True,True,,False,False,False,False,True,,True,False,False,0,0,no_verified_eqs,not_analyzable,,5,,calculation,True,states correct value,False
svamp,calc,Mary is baking a cake. The recipe calls for 9 cups of sugar 7 cups of flour and ,ok,168,5,6,5,6,1.0,True,True,True,,False,False,False,False,False,,True,False,False,2,2,eq_rhs,changed,2,1,,calculation,True,states correct value,True
svamp,calc,Baker made some cakes. He sold 145 of them. If he still has 72 cakes left How ma,ok,214,217,218,217,218,1.0,True,True,True,,False,False,False,False,True,,True,False,False,0,0,no_verified_eqs,not_analyzable,,217,,calculation,True,complete hallucination,False
svamp,calc,Jerry had 9 action figures on a shelf in his room. Later he added 7 more action ,ok,76,16,14,16,14,-2.0,True,True,True,,False,False,False,False,False,,True,False,False,2,2,eq_rhs,changed,4,6,,calculation,False,,True
svamp,calc,For the walls of the house he would use 12 large planks of wood and 10 small pla,ok,390,20,19,20,19,-1.0,True,True,True,,False,False,False,False,True,,True,False,False,0,0,no_verified_eqs,not_analyzable,,20,,calculation,True,states correct value,False
svamp,calc,Debby drinks 6 bottles a day. If she bought a total of 12 water bottles How many,ok,232,2,4,2,4,2.0,True,True,True,,False,False,False,False,True,,True,False,False,0,0,no_verified_eqs,not_analyzable,,2,,calculation,True,complete hallucination,False
svamp,calc,Next on his checklist is wax to stick the feathers together and colors to paint ,ok,201,28,29,28,29,1.0,True,True,True,,False,False,False,False,True,,True,False,False,0,0,no_verified_eqs,not_analyzable,,28,,calculation,True,complete hallucination,False
svamp,calc,Jake has 13 more apples and 17 fewer peaches than Steven. Steven has 8 peaches a,ok,194,25,22,25,22,-3.0,True,True,True,,False,False,False,False,True,,True,False,False,1,1,eq_rhs,changed,22,25,,calculation,False,,True
svamp,calc,A waiter had 11 customers. After some left he still had 3 customers. How many mo,ok,386,8,6,8,6,-2.0,True,True,True,,False,False,False,False,False,,False,False,False,2,1,prose_mid,changed,3,5,,calculation,True,states correct value,False
svamp,calc,Frank put some pieces of candy equally into 2 bags. If he had 16 pieces of candy,ok,220,8,6,8,6,-2.0,True,True,True,,False,False,False,False,True,,True,False,False,1,1,eq_rhs,changed,6,8,,calculation,True,directly redoes calculation,False
svamp,calc,Julia played tag with 5 kids on tuesday. She had played tag with 6 kids on monda,ok,287,1,3,1,3,2.0,True,True,True,,False,False,False,False,True,,True,False,False,0,0,no_verified_eqs,not_analyzable,,1,,calculation,True,states correct value,False
svamp,calc,Bryan took a look at his books as well. Each bookshelf contains 2 books. If he h,ok,213,19,17,19,17,-2.0,True,True,True,,False,False,False,False,True,,True,False,False,0,0,no_verified_eqs,not_analyzable,,19,,calculation,True,states correct value,False
svamp,calc,There were 7 roses in the vase. Jessica cut some more roses from her flower gard,ok,187,13,12,13,12,-1.0,True,True,True,,False,False,False,False,True,,True,False,False,1,1,eq_rhs,changed,12,13,,calculation,False,,False
svamp,calc,53 campers went rowing in the morning 48 campers went rowing in the afternoon an,ok,249,4,2,4,2,-2.0,True,True,True,,False,False,False,False,True,,True,False,False,0,0,no_verified_eqs,not_analyzable,,4,,calculation,True,states correct value,False
svamp,calc,Marco and his dad went strawberry picking. Together they collected strawberries ,ok,505,16,14,16,14,-2.0,True,True,True,,False,False,False,False,True,,True,False,False,2,2,eq_rhs,changed,14,16,,calculation,False,,True
svamp,calc,He then went to see the oranges being harvested. He found out that they harvest ,ok,189,1848,1845,1848,1845,-3.0,True,True,True,,False,False,False,False,True,,True,False,False,0,0,no_verified_eqs,not_analyzable,,1848,,calculation,True,directly redoes calculation,False
svamp,calc,At the arcade Dave had won some tickets. He used 12 tickets to buy some toys. If,ok,199,26,29,26,29,3.0,True,True,True,,False,False,False,False,True,,True,False,False,0,0,no_verified_eqs,not_analyzable,,26,,calculation,True,states correct value,False
svamp,calc,Mary is baking a cake. The recipe calls for 12 cups of flour and 13 cups of suga,ok,241,11,10,11,10,-1.0,True,True,True,,False,False,False,False,True,,True,False,False,0,0,no_verified_eqs,not_analyzable,,11,,calculation,True,complete hallucination,False
svamp,calc,Zachary did 44 push-ups in gym class today. David did 58 more push-ups than zach,ok,142,102,103,102,103,1.0,True,True,True,,False,False,False,False,False,,True,False,False,2,2,eq_rhs,changed,147,146,,calculation,True,states correct value,True
svamp,calc,If Lewis earns a total of $ 460 during 5 weeks of harvest How much money does he,ok,181,92,95,92,95,3.0,True,True,True,,False,False,False,False,True,,True,False,False,1,1,eq_rhs,changed,95,92,,calculation,False,,False
svamp,calc,Because of the decision Sofia asked the students to suggest specific types of fo,ok,253,314.,313.,314,313,-1.0,True,True,True,,False,False,False,False,True,,True,False,False,1,1,eq_rhs,changed,313,314,,calculation,True,complete hallucination,False
svamp,calc,For Gwen's birthday she received 2 dollars from her mom. Her dad gave her 4 more,ok,121,6,8,6,8,2.0,True,True,True,,False,False,False,False,False,,True,False,False,2,2,eq_rhs,changed,5,3,,calculation,False,,True
svamp,calc,Jesse's room is 19 feet wide and 20 feet long. How much longer is her room than ,ok,161,1,0,1,0,-1.0,True,True,True,,False,False,False,False,True,,True,False,False,0,0,no_verified_eqs,not_analyzable,,1,,calculation,True,states correct value,False
svamp,calc,The ring toss game at the carnival made 120 dollars in the first 20 days and 66 ,ok,210,6,7,6,7,1.0,True,True,True,,False,False,False,False,True,,True,False,False,0,0,no_verified_eqs,not_analyzable,,6,,calculation,True,states correct value,False
svamp,calc,Melissa scored a total of 21 points playing some games. Is she scored 7 points i,ok,202,3,4,3,4,1.0,True,True,True,,False,False,False,False,True,,True,False,False,0,0,no_verified_eqs,not_analyzable,,3,,calculation,True,complete hallucination,False
svamp,calc,Debby bought 200 water bottles and 256 soda bottles when they were on sale. If s,ok,227,0.641,-1.359,0.641,-1.359,-2.0,True,True,True,,False,False,False,False,False,,True,False,False,0,0,no_verified_eqs,not_analyzable,,64,,calculation,True,explicitly identifies error,False
svamp,calc,If you had 4 bags with equal number of cookies and 36 cookies in total How many ,ok,212,9,6,9,6,-3.0,True,True,True,,False,False,False,False,True,,True,False,False,0,0,no_verified_eqs,not_analyzable,,9,,calculation,True,complete hallucination,False
svamp,calc,"19 red peaches, 11 yellow peaches and 12 green peaches are in the basket. How ma",ok,214,8,6,8,6,-2.0,True,True,True,,False,False,False,False,True,,True,False,False,0,0,no_verified_eqs,not_analyzable,,8,,calculation,True,states correct value,False
svamp,calc,Julia played tag with 18 kids on monday. She played tag with 10 kids on tuesday.,ok,299,8,7,8,7,-1.0,True,True,True,,False,False,False,False,True,,True,False,False,0,0,no_verified_eqs,not_analyzable,,8,,calculation,True,states correct value,False
svamp,calc,Nell collects baseball cards. She gave 301 of her cards to Jeff and now has 154 ,ok,230,455,456,455,456,1.0,True,True,True,,False,False,False,False,True,,True,False,False,0,0,no_verified_eqs,not_analyzable,,455,,calculation,True,complete hallucination,False
svamp,calc,"Julia played tag with 15 kids on monday, 18 kids on tuesday and 97 kids on wedne",ok,196,33,30,33,30,-3.0,True,True,True,,False,False,False,False,True,,True,False,False,0,0,no_verified_eqs,not_analyzable,,33,,calculation,True,states correct value,False
svamp,calc,36 campers went rowing in the morning 13 campers went rowing in the afternoon an,ok,312,98,96,98,96,-2.0,True,True,True,,False,False,False,False,True,,True,False,False,0,0,no_verified_eqs,not_analyzable,,98,,calculation,True,states correct value,False
svamp,calc,You have 104 dollars. How many packs of dvds can you buy if each pack costs 26 d,ok,12,4,1,4,1,-3.0,True,True,True,,False,False,False,False,True,,False,False,False,0,0,no_verified_eqs,not_analyzable,,4,,calculation,True,states correct value,False
svamp,calc,Kelly has 20 nintendo games and 70 sony games. How many nintendo games does she ,ok,284,8,5,8,5,-3.0,True,True,True,,False,False,False,False,True,,True,False,False,0,0,no_verified_eqs,not_analyzable,,8,,calculation,True,states correct value,False
svamp,calc,There were 10 roses in the vase. Jessica cut 8 more roses from her flower garden,ok,245,18,17,18,17,-1.0,True,True,True,,False,False,False,False,True,,True,False,False,0,0,no_verified_eqs,not_analyzable,,18,,calculation,True,complete hallucination,False
svamp,calc,Paco had 22 sweet cookies and 75 salty cookies. He ate 15 sweet cookies and 54 s,ok,242,7,9,7,9,2.0,True,True,True,,False,False,False,False,True,,True,False,False,1,1,eq_rhs,changed,9,7,,calculation,False,,True
svamp,calc,Mary is baking a cake. The recipe calls for 9 cups of flour and 5 cups of sugar.,ok,179,6,9,6,9,3.0,True,True,True,,True,True,True,False,True,,True,False,False,1,1,eq_rhs,changed,9,6,,calculation,True,states correct value,True
svamp,calc,Each pack of dvds costs 107 dollars. If there is a discount of 106 dollars on ea,ok,149,1,4,1,4,3.0,True,True,True,,False,False,False,False,False,,True,False,False,2,2,eq_rhs,changed,23.25,93,,calculation,True,states correct value,False
svamp,calc,Bryan took a look at his books as well. He has 7 bookshelves with each having th,ok,250,4,2,4,2,-2.0,True,True,True,,False,False,False,False,True,,True,False,False,0,0,no_verified_eqs,not_analyzable,,4,,calculation,True,states correct value,False
svamp,calc,Jack received 6 emails and sent 91 letters in the morning. He then received 2 em,ok,110,8,11,8,11,3.0,True,True,True,,False,False,False,False,True,,True,False,False,1,1,eq_rhs,changed,11,8,,calculation,True,states correct value,True
svamp,calc,Katie had 91 ds games and her new friends had 88 games and old friends had 53 ga,ok,271,141,139,141,139,-2.0,True,True,True,,False,False,False,False,True,,True,False,False,0,0,no_verified_eqs,not_analyzable,,141,,calculation,False,,False
svamp,calc,Brenda's mother made cookies for guests. Each guest had 2 cookies. If she prepar,ok,241,5,4,5,4,-1.0,True,True,True,,False,False,False,False,True,,True,False,False,0,0,no_verified_eqs,not_analyzable,,5,,calculation,True,states correct value,False
svamp,calc,Every day Ryan spends a total of 3 hours on learning english and chinese. If he ,ok,295,1,3,1,3,2.0,True,True,True,,True,True,True,False,True,,True,False,False,0,0,no_verified_eqs,not_analyzable,,1,,calculation,True,directly redoes calculation,False
svamp,calc,He then went to see the oranges being harvested. He found out that they harveste,ok,8,3,2,3,2,-1.0,True,True,True,,False,False,False,False,True,,False,False,False,0,0,no_verified_eqs,not_analyzable,,3,,calculation,True,complete hallucination,False
svamp,calc,A waiter had 8 customers. After some left he still had 5 customers. Then he got ,ok,100,3,0,3,0,-3.0,True,True,True,,False,False,False,False,True,,True,False,False,1,1,eq_rhs,changed,0,3,,calculation,True,directly redoes calculation,False
svamp,calc,Every day Ryan spends 6 hours on learning english and 7 hours on learning chines,ok,253,1,2,1,2,1.0,True,True,True,,False,False,False,False,True,,True,False,False,0,0,no_verified_eqs,not_analyzable,,1,,calculation,True,states correct value,False
svamp,calc,Zachary did 19 push-ups in gym class today. David did 39 more push-ups than Zach,ok,168,58,59,58,59,1.0,True,True,True,,False,False,False,False,True,,True,False,False,1,1,eq_rhs,changed,59,58,,calculation,False,,False
svamp,calc,There were 15 roses in the vase. Jessica threw away 33 roses from the vase and c,ok,500,5,4,5,4,-1.0,True,True,True,,False,False,False,False,False,,True,False,False,3,3,eq_rhs,changed,1,2,,calculation,True,states correct value,False
svamp,calc,Zachary did 15 push-ups in gym class today. David did 39 more push-ups than Zach,ok,875,30,33,30,33,3.0,True,True,True,,False,False,False,False,True,,False,False,False,0,0,no_verified_eqs,not_analyzable,,30,,calculation,False,,False
svamp,calc,Lewis earns $ 2 every week during the harvest. If he earns a total of $ 178 How ,ok,211,89,87,89,87,-2.0,True,True,True,,False,False,False,False,True,,True,False,False,1,1,eq_rhs,changed,87,89,,calculation,False,,False
svamp,calc,He then went to see the oranges being harvested. He found out that they harvest ,ok,227,1080,1077,1080,1077,-3.0,True,True,True,,False,False,False,False,True,,True,False,False,0,0,no_verified_eqs,not_analyzable,,1080,,calculation,True,directly redoes calculation,False
svamp,calc,There are 466 pots. Each pot has 53 flowers and 181 sticks in it. How many flowe,ok,189,24698,24699,24698,24699,1.0,True,True,True,,False,False,False,False,False,,True,False,False,0,0,no_verified_eqs,not_analyzable,,109044,,calculation,False,,False
svamp,calc,In a school there are 569 girls and 236 boys. How many more girls than boys does,ok,168,333,334,333,334,1.0,True,True,True,,False,False,False,False,True,,True,False,False,0,0,no_verified_eqs,not_analyzable,,333,,calculation,False,,False
svamp,calc,Paul had 42 pens and 143 books. After selling some books and pens in a garage sa,ok,190,23,20,23,20,-3.0,True,True,True,,False,False,False,False,True,,True,False,False,0,0,no_verified_eqs,not_analyzable,,23,,calculation,True,states correct value,False
svamp,calc,Each Ferris wheel in paradise park has 19 seats. Each seat in a Ferris wheel can,ok,424,5700,5697,5700,5697,-3.0,True,True,True,,False,False,False,False,True,,True,False,False,0,0,no_verified_eqs,not_analyzable,,5700,,calculation,True,directly redoes calculation,False
svamp,calc,Paul had 108 books and 55 pens. After selling some books and pens in a garage sa,ok,182,42,39,42,39,-3.0,True,True,True,,False,False,False,False,True,,True,False,False,1,1,eq_rhs,changed,39,42,,calculation,True,complete hallucination,False
svamp,calc,"Julia played tag with 5 kids on monday, 9 kids on tuesday and 15 kids on wednesd",ok,275,20,19,20,19,-1.0,True,True,True,,False,False,False,False,True,,True,False,False,0,0,no_verified_eqs,not_analyzable,,20,,calculation,True,states correct value,False
svamp,calc,Danny collects bottle caps and wrappers. He found 10 bottle caps and 62 wrappers,ok,900,16,13,16,13,-3.0,True,True,True,,False,False,False,False,True,,True,False,False,0,0,no_verified_eqs,not_analyzable,,16,,calculation,True,complete hallucination,False
svamp,calc,Tiffany was collecting cans for recycling. On monday she had 8 bags of cans. She,ok,137,14,17,14,17,3.0,True,True,True,,False,False,False,False,True,,True,False,False,1,1,eq_rhs,changed,17,14,,calculation,True,states correct value,True
svamp,calc,Faye was placing her pencils into rows with 16 pencils in each row. She had 28 p,ok,468,42,45,42,45,3.0,True,True,True,,False,False,False,False,True,,True,False,False,2,2,eq_rhs,changed,45,42,,calculation,True,states correct value,True
svamp,calc,4 birds and 3 storks were sitting on the fence. 6 more storks came to join them.,ok,199,5,2,5,2,-3.0,True,True,True,,False,False,False,False,True,,True,False,False,2,2,eq_rhs,changed,2,5,,calculation,True,states correct value,True
svamp,calc,6 packs of dvds can be bought with 120 dollars. How much does each pack cost?,ok,166,20,19,20,19,-1.0,True,True,True,,False,False,False,False,True,,True,False,False,0,0,no_verified_eqs,not_analyzable,,20,,calculation,True,states correct value,False
svamp,calc,"Julia played tag with 14 kids on monday, 2 kids on tuesday and 8 kids on wednesd",ok,302,6,3,6,3,-3.0,True,True,True,,False,False,False,False,True,,True,False,False,0,0,no_verified_eqs,not_analyzable,,6,,calculation,True,states correct value,False
svamp,calc,"There were 73 parents, 724 pupils and 744 teachers in the program. How many peop",ok,167,1541,1538,1541,1538,-3.0,True,True,True,,False,False,False,False,True,,True,False,False,0,0,no_verified_eqs,not_analyzable,,1541,,calculation,False,,False
svamp,calc,Bryan took a look at his books as well. If he has 34 books distributed equally i,ok,230,17,19,17,19,2.0,True,True,True,,False,False,False,False,True,,True,False,False,0,0,no_verified_eqs,not_analyzable,,17,,calculation,True,states correct value,False
svamp,calc,Jake has 6 fewer peaches and 8 more apples than Steven. Steven has 17 peaches an,ok,397,11,8,11,8,-3.0,True,True,True,,True,True,True,False,False,,True,False,False,3,3,eq_rhs,unchanged,1,1,,other,True,complete hallucination,False
svamp,calc,Next on his checklist is wax to stick the feathers together. If he currently has,ok,251,481,478,481,478,-3.0,True,True,True,,False,False,False,False,True,,True,False,False,0,0,no_verified_eqs,not_analyzable,,481,,calculation,False,,False
svamp,calc,Steven has 19 peaches. Jake has 12 fewer peaches than Steven and 72 more peaches,ok,155,7,10,7,10,3.0,True,True,True,,False,False,False,False,True,,True,False,False,1,1,eq_rhs,changed,10,7,,calculation,True,states correct value,True
svamp,calc,A book has 3 chapters. The first chapter is 91 pages long the second chapter is ,ok,246,68.,66.,68,66,-2.0,True,True,True,,False,False,False,False,True,,True,False,False,1,1,eq_rhs,changed,66,68,,calculation,True,complete hallucination,False
svamp,calc,Danny collects bottle caps. He found 36 bottle caps at the park while he threw a,ok,407,1,0,1,0,-1.0,True,True,True,,False,False,False,False,True,,False,False,False,2,1,prose_mid,changed,0,1,,calculation,True,states correct value,False
svamp,calc,"At the zoo, a cage had 95 snakes and 61 alligators. If 64 snakes were hiding How",ok,261,31,30,31,30,-1.0,True,True,True,,False,False,False,False,True,,True,False,False,0,0,no_verified_eqs,not_analyzable,,31,,calculation,False,,False
svamp,calc,Emily is making bead necklaces for her friends. She was able to make 6 necklaces,ok,21,3,2,3,2,-1.0,True,True,True,,False,False,False,False,True,,False,False,False,0,0,no_verified_eqs,not_analyzable,,3,,calculation,True,complete hallucination,False
svamp,calc,Danny collects bottle caps and wrappers. He found 22 bottle caps and 8 wrappers ,ok,238,6,3,6,3,-3.0,True,True,True,,False,False,False,False,True,,True,False,False,1,1,eq_rhs,changed,3,6,,calculation,True,states correct value,True
svamp,calc,During summer break 819058 kids from Lawrence county go to camp and the other 66,ok,229,150780,150779,150780,150779,-1.0,True,True,True,,False,False,False,False,True,,True,False,False,1,1,eq_rhs,changed,150779,150780,,calculation,False,,False
svamp,calc,Mary is baking a cake. The recipe calls for 5 cups of sugar and 13 cups of flour,ok,122,1,0,1,0,-1.0,True,True,True,,False,False,False,False,True,,True,False,False,1,1,eq_rhs,changed,0,1,,calculation,True,states correct value,True
svamp,calc,"Julia played tag with 15 kids on monday, 18 kids on tuesday and 7 kids on wednes",ok,500,26,25,26,25,-1.0,True,True,True,,False,False,False,False,True,,True,False,False,2,2,eq_rhs,changed,25,26,,calculation,False,,False
svamp,calc,Baker made 133 cakes. If he sold 51 of them How many more cakes did baker make t,ok,189,82.,81.,82,81,-1.0,True,True,True,,False,False,False,False,True,,True,False,False,1,1,eq_rhs,changed,81,82,,calculation,False,,False
svamp,calc,Baker sold 44 cakes. If he had made 48 cakes initially How many cakes would bake,ok,194,4,5,4,5,1.0,True,True,True,,False,False,False,False,True,,True,False,False,0,0,no_verified_eqs,not_analyzable,,4,,calculation,True,states correct value,False
svamp,calc,Every day Ryan spends 5 hours on learning chinese and some more hours on learnin,ok,150,7,4,7,4,-3.0,True,True,True,,False,False,False,False,True,,True,False,False,1,1,eq_rhs,changed,4,7,,calculation,True,directly redoes calculation,True
svamp,calc,Rachel had to complete 8 pages of math homework. If she had to complete 3 more p,ok,188,5,4,5,4,-1.0,True,True,True,,False,False,False,False,False,,True,False,False,2,2,eq_rhs,changed,12,13,,calculation,True,states correct value,True
svamp,calc,"Julia played tag with 2 kids on monday, 14 kids on tuesday and 16 kids on wednes",ok,225,30,27,30,27,-3.0,True,True,True,,False,False,False,False,True,,True,False,False,0,0,no_verified_eqs,not_analyzable,,30,,calculation,True,states correct value,False
svamp,calc,21 children were riding on the bus. At the bus stop 10 children got off the bus ,ok,95,11,12,11,12,1.0,True,True,True,,False,False,False,False,False,,True,False,False,1,1,eq_rhs,not_analyzable,,5,,calculation,True,states correct value,False
svamp,calc,He then went to see the oranges being harvested. He found out that they harvest ,ok,188,4560,4562,4560,4562,2.0,True,True,True,,False,False,False,False,False,,True,False,False,0,0,no_verified_eqs,not_analyzable,,5,,calculation,True,directly redoes calculation,False
svamp,calc,Robin has some packages of gum. There are 3 pieces in each package and a total o,ok,211,14.,13.,14,13,-1.0,True,True,True,,False,False,False,False,True,,True,False,False,1,1,eq_rhs,changed,13,14,,calculation,True,complete hallucination,False
svamp,calc,During the Arkansas and Texas tech game the Razorback t-shirt shop made $ 215 by,ok,319,43,44,43,44,1.0,True,True,True,,False,False,False,False,True,,True,False,False,0,0,no_verified_eqs,not_analyzable,,43,,calculation,True,directly redoes calculation,False
svamp,calc,Ed had 10 more marbles than Doug. Doug lost 11 of his marbles at the playground.,ok,357,21,20,21,20,-1.0,True,True,True,,False,False,False,False,True,,True,False,False,3,3,eq_rhs,changed,20,21,,calculation,True,states correct value,True
svamp,calc,Carol was sending out birthday invitations to her friends. Each package of invit,ok,257,68,71,68,71,3.0,True,True,True,,False,False,False,False,True,,True,False,False,2,2,eq_rhs,changed,71,68,,calculation,True,states correct value,True
svamp,calc,The Razorback shop makes $ 115 dollars off each jersey and $ 25 off each t-shirt,ok,169,90,87,90,87,-3.0,True,True,True,,False,False,False,False,True,,True,False,False,1,1,eq_rhs,changed,87,90,,calculation,True,complete hallucination,False
svamp,calc,If each pack costs 81 dollars How much will it cost to buy 33 packs of dvds?,ok,177,2673,2674,2673,2674,1.0,True,True,True,,False,False,False,False,True,,True,False,False,1,1,eq_rhs,changed,2674,2673,,calculation,False,,False
svamp,calc,Some campers went rowing in the morning while 7 campers went rowing in the after,ok,359,53,50,53,50,-3.0,True,True,True,,False,False,False,False,True,,True,False,False,0,0,no_verified_eqs,not_analyzable,,53,,calculation,True,states correct value,False
svamp,calc,26 children were riding on the bus. At the bus stop 38 more children got on the ,ok,182,64.,67.,64,67,3.0,True,True,True,,False,False,False,False,True,,True,False,False,1,1,eq_rhs,changed,67,64,,calculation,True,complete hallucination,False
svamp,calc,For Gwen's birthday she received 5 dollars from her dad. Her mom gave her 2 more,ok,96,3,6,3,6,3.0,True,True,True,,True,False,True,False,True,,True,False,False,1,1,eq_rhs,changed,6,3,,calculation,True,states correct value,True
svamp,calc,"After a typhoon, 2 trees in Haley's backyard died. If she had grown 12 trees ini",ok,227,10,11,10,11,1.0,True,True,True,,False,False,False,False,True,,True,False,False,0,0,no_verified_eqs,not_analyzable,,10,,calculation,True,directly redoes calculation,False
svamp,calc,Faye had 31 packs of pencils each one having 6 pencils. She was placing her penc,ok,193,186,185,186,185,-1.0,True,True,True,,False,False,False,False,True,,True,False,False,0,0,no_verified_eqs,not_analyzable,,186,,calculation,False,,False
svamp,calc,Jake has 84 more apples and 10 fewer peaches than Steven. Steven has 13 peaches ,ok,160,136,139,136,139,3.0,True,True,True,,False,False,False,False,False,,True,False,False,2,2,eq_rhs,unchanged,3,3,,calculation,True,states correct value,True
svamp,calc,"Lucy went to the grocery store. She bought 4 packs of cookie, 22 packs of cake a",ok,104,26,23,26,23,-3.0,True,True,True,,False,False,False,False,False,,True,False,False,2,2,eq_rhs,changed,39,42,,calculation,True,directly redoes calculation,True
svamp,calc,The school has 304 grades and each grade has 75 students How many students were ,ok,165,22800,22801,22800,22801,1.0,True,True,True,,False,False,False,False,True,,True,False,False,0,0,no_verified_eqs,not_analyzable,,22800,,calculation,True,directly redoes calculation,False
svamp,calc,The cave is 1218 feet deep and they are already at 849 feet. If they are travell,ok,196,369,370,369,370,1.0,True,True,True,,False,False,False,False,True,,True,False,False,1,1,eq_rhs,changed,370,369,,calculation,True,directly redoes calculation,False
svamp,calc,Bobby had 32 pieces of candy. He ate some pieces of candy. If he has 20 pieces o,ok,201,12,13,12,13,1.0,True,True,True,,False,False,False,False,True,,True,False,False,1,1,eq_rhs,changed,13,12,,calculation,True,complete hallucination,False
svamp,calc,Matthew had 22 crackers and 34 cakes. If Matthew gave equal numbers of crackers ,ok,272,3,4,3,4,1.0,True,True,True,,False,False,False,False,False,,True,False,False,2,1,after_last_eq,unchanged,2,2,,calculation,True,directly redoes calculation,False
svamp,calc,Mary is baking a cake. The recipe calls for 9 cups of flour and 11 cups of sugar,ok,387,6,9,6,9,3.0,True,True,True,,True,True,True,False,True,,True,False,False,2,2,eq_rhs,changed,9,6,,calculation,True,states correct value,True
svamp,calc,Danny collects bottle caps. He lost 66 bottle caps at the park. Now he has 25 bo,ok,169,91,90,91,90,-1.0,True,True,True,,False,False,False,False,True,,True,False,False,1,1,eq_rhs,changed,90,91,,calculation,False,,False
svamp,calc,Jerry had 8 action figures and 9 books on a shelf in his room. Later he added 10,ok,88,19,21,19,21,2.0,True,True,True,,False,False,False,False,True,,True,False,False,1,1,eq_rhs,changed,21,19,,calculation,True,states correct value,True
svamp,calc,4 birds and 6 storks were sitting on the fence. 2 more storks came to join them.,ok,189,8,5,8,5,-3.0,True,True,True,,False,False,False,False,True,,True,False,False,0,0,no_verified_eqs,not_analyzable,,8,,calculation,True,directly redoes calculation,False
svamp,calc,Dan has $ 4. He bought a candy bar for $ 7 and a chocolate for $ 6. How much mon,ok,174,13,12,13,12,-1.0,True,True,True,,False,False,False,False,True,,True,False,False,1,1,eq_rhs,changed,12,13,,calculation,False,,False
svamp,calc,Bobby ate 23 pieces of candy. If he initially had 30 pieces of candy How many pi,ok,183,7,9,7,9,2.0,True,True,True,,False,False,False,False,True,,True,False,False,1,1,eq_rhs,changed,9,7,,calculation,False,,False
svamp,calc,"The grasshopper, the frog and the mouse had a jumping contest. The grasshopper j",ok,201,15,16,15,16,1.0,True,True,True,,False,False,False,False,True,,True,False,False,0,0,no_verified_eqs,not_analyzable,,15,,calculation,True,states correct value,False
svamp,calc,Summer is almost here and most animals are migrating back to cooler countries. T,ok,214,105,108,105,108,3.0,True,True,True,,False,False,False,False,True,,True,False,False,1,1,eq_rhs,changed,108,105,,calculation,False,,False
svamp,calc,Danny collects bottle caps and wrappers. He found 15 bottle caps and 18 wrappers,ok,382,49,50,49,50,1.0,True,True,True,,False,False,False,False,False,,True,False,False,0,0,no_verified_eqs,not_analyzable,,32,,calculation,True,states correct value,False
svamp,calc,Robin's hair was 17 inches long. He cut off some inches of her hair. If his hair,ok,218,4,7,4,7,3.0,True,True,True,,False,False,False,False,True,,True,False,False,0,0,no_verified_eqs,not_analyzable,,4,,calculation,True,states correct value,False
svamp,calc,Danny collects bottle caps and wrappers. He found 66 wrappers and 39 bottle caps,ok,544,2,1,2,1,-1.0,True,True,True,,False,False,False,False,True,,True,False,False,0,0,no_verified_eqs,not_analyzable,,2,,calculation,True,states correct value,False
svamp,calc,Haley grew 14 trees in her backyard. After a typhoon 9 died. How many more trees,ok,124,5,3,5,3,-2.0,True,True,True,,False,False,False,False,False,,True,False,False,2,2,eq_rhs,changed,6,4,,calculation,True,directly redoes calculation,False
svamp,calc,Dave had 11 apps and 3 files on his phone. After deleting some apps and files he,ok,421,22,21,22,21,-1.0,True,True,True,,False,True,True,False,True,,True,False,False,3,3,eq_rhs,changed,21,22,,calculation,True,states correct value,True
svamp,calc,Rebecca wants to split a collection of eggs into groups of 11. If each group has,ok,243,22,25,22,25,3.0,True,True,True,,False,False,False,False,True,,True,False,False,0,0,no_verified_eqs,not_analyzable,,22,,calculation,True,states correct value,False
svamp,calc,"Jack received 10 emails in the morning, 7 emails in the afternoon and 17 emails ",ok,279,3,1,3,1,-2.0,True,True,True,,False,False,False,False,True,,True,False,False,0,0,no_verified_eqs,not_analyzable,,3,,calculation,True,partial hallucination,False
svamp,calc,Lucy went to the grocery store. She bought 10 packs of cookie and 4 packs of cak,ok,233,6,3,6,3,-3.0,True,True,True,,False,False,False,False,True,,True,False,False,0,0,no_verified_eqs,not_analyzable,,6,,calculation,True,states correct value,False
svamp,calc,David did 40 more push-ups but 17 less crunches than Zachary in gym class today.,ok,146,74,72,74,72,-2.0,True,True,True,,False,False,False,False,False,,True,False,False,2,2,eq_rhs,unchanged,45,45,,other,True,complete hallucination,True
svamp,calc,The grasshopper and the frog had a jumping contest. The frog jumped 39 inches an,ok,223,22,21,22,21,-1.0,True,True,True,,False,False,False,False,True,,True,False,False,0,0,no_verified_eqs,not_analyzable,,22,,calculation,True,states correct value,False
svamp,calc,Paul had 50 books. After buying some in a garage sale he had 151 left. How many ,ok,256,101,103,101,103,2.0,True,True,True,,False,False,False,False,True,,True,False,False,0,0,no_verified_eqs,not_analyzable,,101,,calculation,False,,False
svamp,calc,If they are already at 659 feet and the cave is 762 feet deep How much farther u,ok,244,103,105,103,105,2.0,True,True,True,,False,False,False,False,True,,True,False,False,0,0,no_verified_eqs,not_analyzable,,103,,calculation,False,,False
svamp,calc,Josh had 19 marbles in his collection. He lost 11 marbles and found 5 new ones. ,ok,153,13,15,13,15,2.0,True,True,True,,False,False,False,False,True,,True,False,False,2,2,eq_rhs,changed,15,13,,calculation,True,states correct value,True
svamp,calc,Rachel has 52 apple trees. She picked 2 apples from 1 of her trees. Now the tree,ok,202,9,8,9,8,-1.0,True,True,True,,False,False,False,False,True,,True,False,False,1,1,eq_rhs,changed,8,9,,calculation,True,states correct value,False
svamp,calc,We ordered 9 pizzas. Each pizza has 10 slices. If there are 2 of us How many sli,ok,290,45,42,45,42,-3.0,True,True,True,,False,False,False,False,True,,True,False,False,0,0,no_verified_eqs,not_analyzable,,45,,calculation,True,states correct value,False
svamp,calc,A book has 3 chapters. The first chapter is 35 pages long the second chapter is ,ok,261,15,14,15,14,-1.0,True,True,True,,False,False,False,False,True,,True,False,False,1,1,eq_rhs,changed,14,15,,calculation,True,complete hallucination,False
svamp,calc,Because of the decision Sofia asked the students to suggest specific types of fo,ok,369,348,351,348,351,3.0,True,True,True,,False,False,False,False,True,,True,False,False,0,0,no_verified_eqs,not_analyzable,,348,,calculation,True,complete hallucination,False
svamp,calc,Helen the hippo and her friends are preparing for thanksgiving at Helen's house.,ok,270,574,577,574,577,3.0,True,True,True,,False,False,False,False,True,,True,False,False,0,0,no_verified_eqs,not_analyzable,,574,,calculation,True,complete hallucination,False
svamp,calc,There were 13 roses in the vase. Jessica cut some more roses from her flower gar,ok,244,4,6,4,6,2.0,True,True,True,,False,False,False,False,True,,True,False,False,2,2,eq_rhs,changed,6,4,,calculation,True,states correct value,False
svamp,calc,Winter is almost here and most animals are migrating to warmer countries. There ,ok,322,27,28,27,28,1.0,True,True,True,,False,False,False,False,True,,True,False,False,0,0,no_verified_eqs,not_analyzable,,27,,calculation,True,states correct value,False
svamp,calc,He had a total of 40 saltwater animals in different aquariums. Each aquarium has,ok,246,20,17,20,17,-3.0,True,True,True,,False,False,False,False,True,,True,False,False,0,0,no_verified_eqs,not_analyzable,,20,,calculation,True,states correct value,False
svamp,calc,Dave had 15 apps and 24 files on his phone. After deleting some apps and files h,ok,127,6,7,6,7,1.0,True,True,True,,False,False,False,False,False,,False,False,False,2,2,prose_mid,unchanged,17,17,,other,True,explicitly identifies error,False
svamp,calc,Ryan learns english and chinese for 7 days. Every day he spends 4 hours on learn,ok,344,63,65,63,65,2.0,True,True,True,,False,False,False,False,True,,True,False,False,2,2,eq_rhs,changed,65,63,,calculation,True,states correct value,True
svamp,calc,In a school there are 362 boys and 257 girls. 403 more girls joined the school. ,ok,190,660,663,660,663,3.0,True,True,True,,False,False,False,False,False,,True,False,False,2,2,eq_rhs,changed,301,298,,calculation,False,,False
svamp,calc,He then went to see the oranges being harvested. He found out that they harvest ,ok,265,45,44,45,44,-1.0,True,True,True,,False,False,False,False,True,,True,False,False,0,0,no_verified_eqs,not_analyzable,,45,,calculation,True,directly redoes calculation,False
svamp,calc,The ring toss game at the carnival made 144 dollars per day. They were at the ca,ok,216,3168,3169,3168,3169,1.0,True,True,True,,False,False,False,False,True,,True,False,False,0,0,no_verified_eqs,not_analyzable,,3168,,calculation,True,directly redoes calculation,False
svamp,calc,Jake has 11 fewer peaches than Steven. If Jake has 17 peaches. How many peaches ,ok,204,28.,30.,28,30,2.0,True,True,True,,False,False,False,False,True,,True,False,False,1,1,eq_rhs,changed,30,28,,calculation,False,,False
svamp,calc,There are 203 bananas and 63 oranges in Philip's collection. If the bananas are ,ok,117,29,32,29,32,3.0,True,True,True,,False,False,False,False,True,,True,False,False,0,0,no_verified_eqs,not_analyzable,,29,,calculation,True,complete hallucination,False
svamp,calc,Dave had 19 apps on his phone. He deleted 5 apps. How many apps are left on his ,ok,188,14,13,14,13,-1.0,True,True,True,,False,False,False,False,True,,True,False,False,1,1,eq_rhs,changed,13,14,,calculation,False,,False
svamp,calc,Together Adam and Jackie have 12 apples. He has 9 apples more than Adam and Jack,ok,800,21,24,21,24,3.0,True,True,True,,False,False,False,False,True,,True,False,False,2,2,eq_rhs,changed,24,21,,calculation,True,directly redoes calculation,False
svamp,calc,He then went to see the oranges being harvested. He found out that they harvest ,ok,199,420,423,420,423,3.0,True,True,True,,False,False,False,False,True,,True,False,False,0,0,no_verified_eqs,not_analyzable,,420,,calculation,True,directly redoes calculation,False
svamp,calc,There were 106 dollars in Olivia's wallet. After she visited a supermarket and a,ok,485,31,32,31,32,1.0,True,True,True,,False,False,False,False,True,,True,False,False,0,0,no_verified_eqs,not_analyzable,,31,,calculation,False,,False
svamp,calc,Frank was reading through his favorite book. The book had 392 pages and he read ,ok,272,28,25,28,25,-3.0,True,True,True,,False,False,False,False,True,,True,False,False,0,0,no_verified_eqs,not_analyzable,,28,,calculation,True,complete hallucination,False
svamp,calc,Danny has 12 bottle caps in his collection. He found 53 bottle caps at the park.,ok,246,65.,62.,65,62,-3.0,True,True,True,,False,False,False,False,True,,True,False,False,1,1,eq_rhs,changed,62,65,,calculation,True,complete hallucination,False
svamp,calc,Winter is almost here and most animals are migrating to warmer countries. There ,ok,322,11,14,11,14,3.0,True,True,True,,False,False,False,False,True,,True,False,False,0,0,no_verified_eqs,not_analyzable,,11,,calculation,True,states correct value,False
svamp,calc,Zachary did 46 push-ups and 58 crunches in gym class today. David did 38 more pu,ok,873,12,11,12,11,-1.0,True,True,True,,False,False,False,False,True,,True,False,False,0,0,no_verified_eqs,not_analyzable,,12,,calculation,True,directly redoes calculation,False
svamp,calc,Baker made 61 pastries and 167 cakes. If he sold 108 cakes and 44 pastries How m,ok,154,59,56,59,56,-3.0,True,True,True,,False,False,False,False,True,,True,False,False,1,1,eq_rhs,changed,56,59,,calculation,True,states correct value,True
svamp,calc,A mailman gives 2 junk mails to each house in a block. If the mailman has to giv,ok,356,7,4,7,4,-3.0,True,True,True,,False,False,False,False,True,,True,False,False,0,0,no_verified_eqs,not_analyzable,,7,,calculation,True,directly redoes calculation,False
svamp,calc,Allan brought 5 balloons to the park. If Jake brought 6 more balloons than the n,ok,349,11,9,11,9,-2.0,True,True,True,,False,False,False,False,True,,True,False,False,0,0,no_verified_eqs,not_analyzable,,11,,calculation,True,complete hallucination,False
svamp,calc,"18 red peaches, 14 yellow peaches and 17 green peaches are in the basket. How ma",ok,200,32,35,32,35,3.0,True,True,True,,False,False,False,False,True,,True,False,False,0,0,no_verified_eqs,not_analyzable,,32,,calculation,True,complete hallucination,False
svamp,calc,At the stop 13 more people got on the bus. Initially there were 4 people on the ,ok,238,17,19,17,19,2.0,True,True,True,,False,False,False,False,True,,True,False,False,1,1,eq_rhs,changed,19,17,,calculation,False,,False
svamp,calc,Julia played tag with some kids on monday. She played tag with 14 kids on tuesda,ok,259,2,4,2,4,2.0,True,True,True,,False,False,False,False,True,,True,False,False,0,0,no_verified_eqs,not_analyzable,,2,,calculation,True,states correct value,False
svamp,calc,Baker's friend bought 137 cakes from him. If he had made 169 cakes initially How,ok,246,32,29,32,29,-3.0,True,True,True,,False,False,False,False,True,,True,False,False,0,0,no_verified_eqs,not_analyzable,,32,,calculation,True,complete hallucination,False
svamp,calc,For 19 weeks of harvest Lewis earns a total of $ 133. How much money does he ear,ok,180,7,5,7,5,-2.0,True,True,True,,False,False,False,False,True,,True,False,False,1,1,eq_rhs,changed,5,7,,calculation,True,complete hallucination,False
svamp,calc,Paul had some books. After selling 137 in a garage sale he had 105 left. How man,ok,219,242,239,242,239,-3.0,True,True,True,,False,False,False,False,True,,True,False,False,0,0,no_verified_eqs,not_analyzable,,242,,calculation,True,complete hallucination,False
svamp,calc,Matthew gave equal numbers of crackers to his 18 friends. If he had 36 crackers ,ok,16,2,-1,2,-1,-3.0,True,True,True,,False,False,False,False,True,,False,False,False,0,0,no_verified_eqs,not_analyzable,,2,,calculation,True,directly redoes calculation,False
svamp,calc,For the walls of the house he would use 11 nails in all to secure large planks o,ok,543,1,2,1,2,1.0,True,True,True,,False,False,False,False,True,,True,False,False,0,0,no_verified_eqs,not_analyzable,,1,,calculation,False,,False
svamp,calc,6 birds and 3 storks were sitting on the fence. 2 more storks came to join them.,ok,71,9,7,9,7,-2.0,True,True,True,,False,False,False,False,False,,True,False,False,3,3,eq_rhs,unchanged,1,1,,other,True,directly redoes calculation,False
svamp,calc,There were 12 people on the bus. At the next stop 4 more people got on the bus. ,ok,132,16.,13.,16,13,-3.0,True,True,True,,False,False,False,False,True,,True,False,False,1,1,eq_rhs,changed,13,16,,calculation,True,directly redoes calculation,False
svamp,calc,"A grocery store had 57 bottles of regular soda, 26 bottles of diet soda and 27 b",ok,228,110,113,110,113,3.0,True,True,True,,False,False,False,False,True,,True,False,False,2,2,eq_rhs,changed,113,110,,calculation,False,,True
svamp,calc,In a school there are 902 girls and 811 boys. 44 more girls joined the school. H,ok,286,946,945,946,945,-1.0,True,True,True,,False,False,False,False,True,,True,False,False,0,0,no_verified_eqs,not_analyzable,,946,,calculation,True,directly redoes calculation,False
svamp,calc,The school is planning a field trip. The school has 24 classrooms. There are 120,ok,196,5,8,5,8,3.0,True,True,True,,False,False,False,False,True,,True,False,False,0,0,no_verified_eqs,not_analyzable,,5,,calculation,True,states correct value,False
svamp,calc,He then went to see the oranges being harvested. He found out that the harvest w,ok,242,14,17,14,17,3.0,True,True,True,,False,False,False,False,True,,True,False,False,0,0,no_verified_eqs,not_analyzable,,14,,calculation,True,states correct value,False
svamp,calc,David did 30 more push-ups than Zachary in gym class today. If David did 37 push,ok,215,7,10,7,10,3.0,True,True,True,,False,False,False,False,True,,True,False,False,1,1,eq_rhs,changed,10,7,,calculation,False,,False
svamp,calc,Marco and his dad went strawberry picking. Marco's strawberries weighed 30 pound,ok,569,13,10,13,10,-3.0,True,True,True,,False,False,False,False,True,,True,False,False,1,1,eq_rhs,changed,10,13,,calculation,True,states correct value,False
svamp,calc,Bryan took a look at his books and magazines. If he has 23 books and 61 magazine,ok,448,2436,2435,2436,2435,-1.0,True,True,True,,False,False,False,False,True,,True,False,False,0,0,no_verified_eqs,not_analyzable,,2436,,calculation,True,complete hallucination,False
svamp,calc,Faye was placing her pencils and crayons into 7 rows with 36 pencils and 30 cray,ok,424,462,461,462,461,-1.0,True,True,True,,False,False,False,False,False,,True,False,False,0,0,no_verified_eqs,not_analyzable,,210,,other,True,explicitly identifies error,False
svamp,calc,Baker made 7 cakes and 148 pastries. If he sold 15 cakes and 103 pastries How ma,ok,166,8,6,8,6,-2.0,True,True,True,,False,False,False,False,False,,False,False,False,1,1,prose_mid,unchanged,45,45,,other,True,explicitly identifies error,False
svamp,calc,Robin cut off 13 inches of his hair. If his hair was 14 inches long initially Ho,ok,222,1,2,1,2,1.0,True,True,True,,False,False,False,False,True,,True,False,False,0,0,no_verified_eqs,not_analyzable,,1,,calculation,True,states correct value,False
svamp,calc,In Haley's class 13 boys love to play marbles and 50 boys love to play cards. If,ok,395,2,4,2,4,2.0,True,True,True,,False,False,False,False,True,,True,False,False,2,2,eq_rhs,changed,4,2,,calculation,True,states correct value,True
svamp,calc,In Haley's class 11 are boys who love to play marbles. If Haley gives 9 marbles ,ok,195,99,102,99,102,3.0,True,True,True,,False,False,False,False,True,,True,False,False,0,0,no_verified_eqs,not_analyzable,,99,,calculation,True,complete hallucination,False
svamp,calc,Ed had 30 more marbles than Doug. Ed lost 21 of his marbles at the playground. I,ok,86,112,111,112,111,-1.0,True,True,True,,False,False,False,False,False,,True,False,False,3,3,eq_rhs,changed,10,9,,calculation,False,,True
svamp,calc,A farmer had 105 green tomatoes and 71 red tomatoes in his garden. If he picked ,ok,186,176,179,176,179,3.0,True,True,True,,False,False,False,False,False,,True,False,False,0,0,no_verified_eqs,not_analyzable,,39,,calculation,False,,False
svamp,calc,An industrial machine can make 6 shirts a minute. It worked for 5 minutes yester,ok,264,72,75,72,75,3.0,True,True,True,,False,False,False,False,True,,True,False,False,0,0,no_verified_eqs,not_analyzable,,72,,calculation,True,explicitly identifies error,False
svamp,calc,"After making some pies, chef had 2 apples left. Initially he had 43 apples How m",ok,219,41,43,41,43,2.0,True,True,True,,True,True,True,False,True,,True,False,False,0,0,no_verified_eqs,not_analyzable,,41,,calculation,True,states correct value,False
svamp,calc,There were 53 dollars in Olivia's wallet. She collected 91 more dollars from an ,ok,231,130,133,130,133,3.0,True,True,True,,False,False,False,False,False,,True,False,False,3,3,eq_rhs,changed,42,39,,calculation,True,states correct value,True
svamp,calc,Danny collects bottle caps. He threw away 6 of the old ones at the park while he,ok,487,44,46,44,46,2.0,True,True,True,,False,False,False,False,True,,True,False,False,2,2,after_last_eq,not_analyzable,,44,,calculation,True,complete hallucination,False
svamp,calc,They decided to hold the party in their backyard. If they have 5 sets of tables ,ok,440,45,46,45,46,1.0,True,True,True,,False,False,False,False,True,,True,False,False,3,3,eq_rhs,changed,46,45,,calculation,True,states correct value,True
svamp,calc,"7 red peaches, 71 yellow peaches and 8 green peaches are in the basket. How many",ok,210,1,-1,1,-1,-2.0,True,True,True,,False,False,False,False,True,,True,False,False,0,0,no_verified_eqs,not_analyzable,,1,,calculation,True,explicitly identifies error,False
svamp,calc,There were 13 roses and 84 orchids in the vase. Jessica cut some more roses and ,ok,353,1,2,1,2,1.0,True,True,True,,False,False,False,False,True,,True,False,False,2,2,eq_rhs,changed,2,1,,calculation,True,states correct value,True
svamp,calc,Edward spent $ 6 to buy 2 books each book costing him the same amount of money. ,ok,70,3,1,3,1,-2.0,True,True,True,,False,False,False,False,True,,True,False,False,1,1,eq_rhs,changed,1,3,,calculation,True,states correct value,True
svamp,calc,Marco and his dad went strawberry picking. Together their strawberries weighed 2,ok,294,3,5,3,5,2.0,True,True,True,,False,False,False,False,True,,True,False,False,0,0,no_verified_eqs,not_analyzable,,3,,calculation,True,states correct value,False
svamp,calc,Jesse's room is 2 feet long and 12 feet wide. If each tile is of size 4 square f,ok,182,24,23,24,23,-1.0,True,True,True,,False,False,False,False,False,,True,False,False,0,0,no_verified_eqs,not_analyzable,,6,,calculation,True,partial hallucination,False
svamp,calc,"The grasshopper, the frog and the mouse had a jumping contest. The grasshopper j",ok,127,53,52,53,52,-1.0,True,True,True,,False,False,False,False,True,,True,False,False,1,1,eq_rhs,changed,52,53,,calculation,True,states correct value,False
svamp,calc,Winter is almost here and most animals are migrating to warmer countries. There ,ok,504,73,76,73,76,3.0,True,True,True,,False,False,False,False,True,,True,False,False,0,0,no_verified_eqs,not_analyzable,,73,,calculation,True,states correct value,False
svamp,calc,Baker made 134 pastries and 11 cakes. If he sold 140 cakes and 92 pastries How m,ok,176,123,122,123,122,-1.0,True,True,True,,False,False,False,False,True,,True,False,False,0,0,no_verified_eqs,not_analyzable,,123,,calculation,True,directly redoes calculation,False
svamp,calc,44 campers went rowing in the morning 39 campers went rowing in the afternoon an,ok,300,5,7,5,7,2.0,True,True,True,,False,False,False,False,True,,True,False,False,0,0,no_verified_eqs,not_analyzable,,5,,calculation,True,states correct value,False
svamp,calc,There are many different books in the ' crazy silly school ' series. If you have,ok,190,21,19,21,19,-2.0,True,True,True,,False,False,False,False,True,,True,False,False,0,0,no_verified_eqs,not_analyzable,,21,,calculation,True,complete hallucination,False
svamp,calc,Paul got a box of 531 crayons and 38 erasers for his birthday. At the end of the,ok,194,140,138,140,138,-2.0,True,True,True,,False,False,False,False,False,,True,False,False,2,2,eq_rhs,unchanged,353,353,,other,True,complete hallucination,False
svamp,calc,Lewis earns a total of $ 1216 during the harvest. If he earns $ 16 each week How,ok,23,76,77,76,77,1.0,True,True,True,,False,False,False,False,True,,False,False,False,0,0,no_verified_eqs,not_analyzable,,76,,calculation,True,complete hallucination,False
svamp,calc,Dave had 10 apps on his phone. He added 11 new apps. After deleting some he had ,ok,64,21,19,21,19,-2.0,True,True,True,,False,False,False,False,False,,True,False,False,2,2,eq_rhs,changed,15,17,,calculation,True,states correct value,True
svamp,calc,There were 5 roses and 3 orchids in the vase. Jessica cut some more roses and or,ok,639,10,13,10,13,3.0,True,True,True,,False,False,False,False,True,,True,False,False,2,2,eq_rhs,changed,13,10,,calculation,True,states correct value,True
svamp,calc,Last week Fred had 78 dollars and Jason had 31 dollars. Jason delivered newspape,ok,207,26,29,26,29,3.0,True,True,True,,False,False,False,False,True,,True,False,False,1,1,eq_rhs,changed,29,26,,calculation,True,complete hallucination,False
svamp,calc,Josh had 15 marbles in his collection. He found 9 marbles while he lost 23 marbl,ok,327,1,0,1,0,-1.0,True,True,True,,False,False,False,False,False,,True,False,False,0,0,no_verified_eqs,not_analyzable,,14,,other,True,states correct value,False
svamp,calc,"The grasshopper, the frog and the mouse had a jumping contest. The grasshopper j",ok,93,58,60,58,60,2.0,True,True,True,,False,False,False,False,True,,True,False,False,1,1,eq_rhs,changed,60,58,,calculation,True,states correct value,False
svamp,calc,There were 174 parents in the program and 521 pupils too. How many more pupils w,ok,202,347.,345.,347,345,-2.0,True,True,True,,False,False,False,False,True,,True,False,False,1,1,eq_rhs,changed,345,347,,calculation,False,,False
svamp,calc,"The grasshopper, the frog and the mouse had a jumping contest. The grasshopper j",ok,546,8,9,8,9,1.0,True,True,True,,False,False,False,False,True,,True,False,False,0,0,no_verified_eqs,not_analyzable,,8,,calculation,True,states correct value,False
svamp,calc,Katie had 84 new games and 19 old games. Her friends had 8 new games and 69 old ,ok,239,92,89,92,89,-3.0,True,True,True,,False,False,False,False,True,,True,False,False,0,0,no_verified_eqs,not_analyzable,,92,,calculation,True,complete hallucination,False
svamp,calc,"Being his favorite, he saved checking on the grapevines after 57 stops. He was t",ok,354,6264,6262,6264,6262,-2.0,True,True,True,,False,False,False,False,True,,True,False,False,0,0,no_verified_eqs,not_analyzable,,6264,,calculation,True,states correct value,False
svamp,calc,A mailman has to give 38 pieces of junk mail to each of the 78 blocks. If there ,ok,120,2964,2965,2964,2965,1.0,True,True,True,,False,False,False,False,False,,True,False,False,1,1,eq_rhs,not_analyzable,,2,,other,False,,False
svamp,calc,Mary is baking a cake. The recipe calls for 10 cups of flour 2 cups of sugar and,ok,164,3,6,3,6,3.0,True,True,True,,False,False,False,False,False,,True,False,False,1,1,eq_rhs,not_analyzable,,1,,calculation,True,states correct value,False
svamp,calc,There are 4502 skittles in Steven's skittles collection. Steven also has 4276 er,ok,157,8778,8780,8778,8780,2.0,True,True,True,,False,False,False,False,False,,True,False,False,0,0,no_verified_eqs,not_analyzable,,57,,calculation,True,complete hallucination,False
svamp,calc,Rebecca wants to split a collection of eggs into groups of 20. Rebecca has 5 mar,ok,167,7,9,7,9,2.0,True,True,True,,False,False,False,False,True,,True,False,False,1,1,eq_rhs,changed,9,7,,calculation,True,complete hallucination,True
svamp,calc,Baker made 81 cakes. Then he made 92 more cakes. He sold 46 of them. How many mo,ok,97,173,175,173,175,2.0,True,True,True,,False,False,False,False,False,,True,False,False,2,2,eq_rhs,changed,129,127,,calculation,True,states correct value,True
svamp,calc,In a school there are 315 girls and 309 boys. There are also 772 teachers How ma,ok,290,1396,1397,1396,1397,1.0,True,True,True,,False,False,False,False,True,,True,False,False,0,0,no_verified_eqs,not_analyzable,,1396,,calculation,False,,False
svamp,calc,Rachel picked 3 ripe apples from her tree. Now the tree has 2 ripe apples and 27,ok,101,5,6,5,6,1.0,True,True,True,,False,False,False,False,True,,True,False,False,1,1,eq_rhs,changed,6,5,,calculation,True,states correct value,True
svamp,calc,"Rachel had to complete 4 pages of reading homework, 7 pages of math homework and",ok,399,30,28,30,28,-2.0,True,True,True,,False,False,False,False,False,,True,False,False,3,3,eq_rhs,unchanged,3,3,,other,True,states correct value,True
svamp,calc,After resting they decided to go for a swim. The depth of the water is 9 times D,ok,245,81,82,81,82,1.0,True,True,True,,False,False,False,False,True,,True,False,False,2,2,eq_rhs,changed,82,81,,calculation,True,partial hallucination,True
svamp,calc,In a school there are 308 girls and 318 boys. There are also 36 teachers How man,ok,161,626,627,626,627,1.0,True,True,True,,False,False,False,False,True,,True,False,False,0,0,no_verified_eqs,not_analyzable,,626,,calculation,False,,False
svamp,calc,Next on his checklist is wax to stick the feathers together and colors to paint ,ok,364,331,333,331,333,2.0,True,True,True,,False,False,False,False,True,,True,False,False,0,0,no_verified_eqs,not_analyzable,,331,,calculation,True,complete hallucination,False
svamp,calc,"At the zoo, a cage had 3 snakes and 75 alligators. If 82 snakes and 19 alligator",ok,298,56,57,56,57,1.0,True,True,True,,False,False,False,False,True,,True,False,False,0,0,no_verified_eqs,not_analyzable,,56,,calculation,False,,False
svamp,calc,Mary is baking a cake. The recipe calls for 7 cups of sugar and 10 cups of flour,ok,18,3,6,3,6,3.0,True,True,True,,False,False,False,False,True,,False,False,False,0,0,no_verified_eqs,not_analyzable,,3,,calculation,True,directly redoes calculation,False
svamp,calc,The grasshopper and the frog had a jumping contest. The grasshopper jumped 13 in,ok,253,11,10,11,10,-1.0,True,True,True,,False,False,False,False,True,,True,False,False,0,0,no_verified_eqs,not_analyzable,,11,,calculation,True,states correct value,False
svamp,propcalc,Dan had $ 3 left with him after he bought a candy bar. If he had $ 4 at the star,ok,198,1,-1,1,-1,-2.0,True,True,True,True,False,False,False,False,True,,True,False,False,1,1,eq_rhs,changed,-1,1,,calculation,True,directly redoes calculation,False
svamp,propcalc,28 children were riding on the bus. At the bus stop 82 children got on the bus w,ok,410,80,82,80,82,2.0,True,True,True,True,True,True,True,False,False,,True,False,False,2,2,prose_mid,changed,0,2,,calculation,False,,False
svamp,propcalc,There were 3 dollars in Olivia's wallet. She collected 49 more dollars from an a,ok,114,52,53,52,53,1.0,True,True,True,True,False,False,False,False,False,,True,False,False,3,3,eq_rhs,changed,45,46,,calculation,False,,False
svamp,propcalc,Mary is baking a cake. The recipe calls for 3 cups of sugar 10 cups of flour and,ok,279,4,2,4,2,-2.0,True,True,True,True,False,False,False,False,True,,True,False,False,0,0,no_verified_eqs,not_analyzable,,4,,calculation,True,complete hallucination,False
svamp,propcalc,3 birds were sitting on the fence. 6 more storks and 2 more birds came to join t,ok,104,5,4,5,4,-1.0,True,True,True,True,False,False,False,False,False,,True,False,False,2,2,eq_rhs,changed,2,1,,calculation,True,directly redoes calculation,False
svamp,propcalc,After resting they decided to go for a swim. The depth of the water is 15 times ,ok,129,17,14,17,14,-3.0,True,True,True,True,False,False,False,False,False,,True,False,False,2,2,eq_rhs,changed,210,255,,calculation,False,,False
svamp,propcalc,Baker made 121 cakes. He sold 105 of them and bought 170 new cakes. How many cak,ok,77,16,13,16,13,-3.0,True,True,True,True,False,False,False,False,False,,True,False,False,2,2,eq_rhs,changed,183,186,,calculation,False,,False
svamp,propcalc,The bananas in Philip's collection are organized into groups of size 18. If ther,ok,229,10,13,10,13,3.0,True,True,True,True,False,False,False,False,True,,True,False,False,0,0,no_verified_eqs,not_analyzable,,10,,calculation,True,complete hallucination,False
svamp,propcalc,Jerry had 3 action figures on a shelf in his room. Later he added 4 more action ,ok,97,7,10,7,10,3.0,True,True,True,True,False,False,False,False,False,,True,False,False,2,2,eq_rhs,changed,4,1,,calculation,False,,False
svamp,propcalc,Danny collects bottle caps and wrappers. He found 65 wrappers and 5 bottle caps ,ok,638,60,62,60,62,2.0,True,True,True,True,False,False,False,False,True,,True,False,False,0,0,no_verified_eqs,not_analyzable,,60,,calculation,True,complete hallucination,False
svamp,propcalc,For Gwen's birthday she received 5 dollars from her dad. Her mom gave her 7 more,ok,121,12,11,12,11,-1.0,True,True,True,True,False,False,False,False,False,,True,False,False,3,3,eq_rhs,unchanged,2,2,,NOJOIN,NOJOIN,NOJOIN,False
svamp,propcalc,"Jack received 4 emails in the morning, 5 emails in the afternoon and 8 emails in",ok,234,13,14,13,14,1.0,True,True,True,True,False,False,False,False,True,,True,False,False,0,0,no_verified_eqs,not_analyzable,,13,,calculation,True,complete hallucination,False
svamp,propcalc,Jerry had 7 action figures on a shelf in his room. Later he added some more acti,ok,96,3,0,3,0,-3.0,True,True,True,True,False,False,False,False,False,,False,False,False,1,1,prose_mid,changed,8,11,,calculation,True,states correct value,False
svamp,propcalc,A waiter had 12 customers. After some left he still had 14 customers. Then he go,ok,385,24,27,24,27,3.0,True,True,True,True,False,False,False,False,True,,True,False,False,1,1,eq_rhs,changed,27,24,,calculation,True,complete hallucination,False
svamp,propcalc,Winter is almost here and most animals are migrating to warmer countries. There ,ok,238,29,30,29,30,1.0,True,True,True,True,False,False,False,False,False,,True,False,False,0,0,no_verified_eqs,not_analyzable,,31,,calculation,True,complete hallucination,False
svamp,propcalc,After eating a hearty meal they went to see the Buckingham palace. There were 39,ok,251,61,60,61,60,-1.0,True,True,True,True,False,False,False,False,True,,True,False,False,0,0,no_verified_eqs,not_analyzable,,61,,calculation,True,complete hallucination,False
svamp,propcalc,Emily is making bead necklaces for her 72 friends. She has 6 beads and each neck,ok,222,2,4,2,4,2.0,True,True,True,True,False,False,False,False,True,,True,False,False,0,0,no_verified_eqs,not_analyzable,,2,,calculation,True,complete hallucination,False
svamp,propcalc,He also had 26 aquariums for saltwater animals. The aquarium had 52 saltwater an,ok,278,2,1,2,1,-1.0,True,True,True,True,False,False,False,False,True,,True,False,False,0,0,no_verified_eqs,not_analyzable,,2,,calculation,True,complete hallucination,False
svamp,propcalc,An industrial machine made 9 shirts yesterday and 8 shirts today. It can make 2 ,ok,341,4,6,4,6,2.0,True,True,True,True,False,False,False,False,True,,True,False,False,0,0,no_verified_eqs,not_analyzable,,4,,calculation,False,,False
svamp,propcalc,Olivia spent 78 dollars at a supermarket. If she has 33 dollars left with her Ho,ok,200,111,114,111,114,3.0,True,True,True,True,False,False,False,False,True,,True,False,False,0,0,no_verified_eqs,not_analyzable,,111,,calculation,True,complete hallucination,False
svamp,propcalc,Because of the decision Sofia asked the students to suggest specific types of fo,ok,302,569,572,569,572,3.0,True,True,True,True,False,False,False,False,True,,True,False,False,0,0,no_verified_eqs,not_analyzable,,569,,calculation,False,,False
svamp,propcalc,If each bag has 41 cookies and you had 53 bags of cookies How many cookies would,ok,123,2173,2171,2173,2171,-2.0,True,True,True,True,False,False,False,False,True,,True,False,False,0,0,no_verified_eqs,not_analyzable,,2173,,calculation,False,,False
svamp,propcalc,Allan brought 5 balloons and Jake brought 4 balloons to the park. Allan then bou,ok,136,8,10,8,10,2.0,True,True,True,True,False,False,False,False,True,,True,False,False,1,1,eq_rhs,changed,10,8,,calculation,False,,False
svamp,propcalc,The Razorback shop makes $ 5 dollars off each jersey and $ 215 off each t-shirt.,ok,176,4300,4303,4300,4303,3.0,True,True,True,True,False,False,False,False,True,,True,False,False,1,1,eq_rhs,changed,4303,4300,,calculation,False,,False
svamp,propcalc,Brenda's mother made 14 cookies for 2 guests. If each of them had the same numbe,ok,106,7,9,7,9,2.0,True,True,True,True,False,False,False,False,True,,True,False,False,0,0,no_verified_eqs,not_analyzable,,7,,calculation,True,complete hallucination,False
svamp,propcalc,In a school there are 632 girls and 410 boys. 465 more girls joined the school. ,ok,126,1097,1099,1097,1099,2.0,True,True,True,True,False,False,False,False,False,,True,False,False,0,0,no_verified_eqs,not_analyzable,,687,,calculation,False,,False
svamp,propcalc,2 birds and 6 storks were sitting on the fence. 3 more birds came to join them. ,ok,184,1,-2,1,-2,-3.0,True,True,True,True,False,False,False,False,True,,True,False,False,2,2,eq_rhs,changed,-2,1,,calculation,True,directly redoes calculation,False
svamp,propcalc,Paco had 17 cookies. He ate 14 cookies and gave 13 of them to his friend. How ma,ok,261,1,-2,1,-2,-3.0,True,True,True,True,False,False,False,False,True,,True,False,False,1,1,eq_rhs,changed,-2,1,,calculation,True,explicitly identifies error,False
svamp,propcalc,Dan has $ 5. He bought a candy bar for $ 2 and a chocolate for $ 3. How much mon,ok,212,1.,-2.,1,-2,-3.0,True,True,True,True,False,False,False,False,True,,True,False,False,1,1,eq_rhs,changed,-2,1,,calculation,True,explicitly identifies error,False
svamp,propcalc,Josh lost 11 marbles. If he had 19 marbles in his collection earlier How many ma,ok,216,8,10,8,10,2.0,True,True,True,True,False,False,False,False,True,,True,False,False,0,0,no_verified_eqs,not_analyzable,,8,,calculation,True,complete hallucination,False
svamp,propcalc,Faye was placing her pencils into 14 rows with 11 pencils in each row. How many ,ok,202,154,151,154,151,-3.0,True,True,True,True,False,False,False,False,True,,True,False,False,0,0,no_verified_eqs,not_analyzable,,154,,calculation,True,complete hallucination,False
svamp,propcalc,There are 141 pots. Each pot has 71 flowers and 91 sticks in it. How many flower,ok,178,10011,10013,10011,10013,2.0,True,True,True,True,False,False,False,False,True,,True,False,False,0,0,no_verified_eqs,not_analyzable,,10011,,calculation,False,,False
svamp,propcalc,"Jack received 10 emails in the morning, 5 emails in the afternoon and 4 emails i",ok,278,1,-2,1,-2,-3.0,True,True,True,True,False,False,False,False,True,,True,False,False,0,0,no_verified_eqs,not_analyzable,,1,,calculation,True,explicitly identifies error,False
svamp,propcalc,Mary is baking a cake. The recipe calls for 12 cups of sugar and 14 cups of flou,ok,175,2,3,2,3,1.0,True,True,True,True,False,False,False,False,False,,True,False,False,2,2,eq_rhs,changed,11,12,,calculation,False,,False
svamp,propcalc,Kelly has 22 nintendo games. How many does she need to buy so that she will have,ok,908,118,115,118,115,-3.0,True,True,True,True,False,False,False,False,True,,True,False,False,0,0,no_verified_eqs,not_analyzable,,118,,calculation,False,,False
svamp,propcalc,After Jessie started to go jogging everyday she lost 35 kilograms. She weighed 6,ok,243,34,36,34,36,2.0,True,True,True,True,False,False,False,False,True,,True,False,False,0,0,no_verified_eqs,not_analyzable,,34,,calculation,True,complete hallucination,False
svamp,propcalc,Emily is making bead necklaces for her friends. She made 11 necklaces and each n,ok,223,308,311,308,311,3.0,True,True,True,True,False,False,False,False,True,,True,False,False,0,0,no_verified_eqs,not_analyzable,,308,,calculation,True,complete hallucination,False
svamp,propcalc,A mailman has to give 9 pieces of junk mail to each house in each block. If ther,ok,147,180,181,180,181,1.0,True,True,True,True,False,False,False,False,True,,True,False,False,1,1,eq_rhs,changed,181,180,,calculation,True,directly redoes calculation,False
svamp,propcalc,Matthew gave equal numbers of crackers and cakes to his 4 friends. If he had 10 ,ok,358,4.5,5.5,4.5,5.5,1.0,True,True,True,True,False,False,False,False,False,,True,False,False,2,2,eq_rhs,not_analyzable,,2,,calculation,True,explicitly identifies error,False
svamp,propcalc,Jessica cut some roses from her flower garden to put in her vase. There are now ,ok,228,16,15,16,15,-1.0,True,True,True,True,False,False,False,False,True,,True,False,False,1,1,eq_rhs,changed,15,16,,calculation,False,,False
svamp,propcalc,After resting they decided to go for a swim. If the depth of the water is 10 tim,ok,229,90,87,90,87,-3.0,True,True,True,True,False,False,False,False,False,,True,False,False,0,0,no_verified_eqs,not_analyzable,,81,,calculation,False,,False
svamp,propcalc,Frank was reading through his favorite book. He read 8 pages per day. If the boo,ok,229,72,75,72,75,3.0,True,True,True,True,False,False,False,False,True,,True,False,False,0,0,no_verified_eqs,not_analyzable,,72,,calculation,True,complete hallucination,False
svamp,propcalc,Julia played tag with 4 kids on wednesday. She had played with 6 kids on monday ,ok,295,2,3,2,3,1.0,True,True,True,True,False,False,False,False,True,,True,False,False,0,0,no_verified_eqs,not_analyzable,,2,,calculation,True,complete hallucination,False
svamp,propcalc,Carol was sending out birthday invitations to 10 friends. If each package of inv,ok,258,5,2,5,2,-3.0,True,True,True,True,True,True,True,False,True,,True,False,False,0,0,no_verified_eqs,not_analyzable,,5,,calculation,True,explicitly identifies error,False
svamp,propcalc,Paige raised 7 goldfish and 12 catfish in the pond but stray cats loved eating t,ok,367,4,1,4,1,-3.0,True,True,True,True,False,False,False,False,True,,True,False,False,2,2,eq_rhs,changed,1,4,,calculation,True,directly redoes calculation,False
svamp,propcalc,Danny collects bottle caps. He found 63 bottle caps at the park while he threw a,ok,491,21,22,21,22,1.0,True,True,True,True,False,False,False,False,True,,True,False,False,0,0,no_verified_eqs,not_analyzable,,21,,calculation,False,,False
svamp,propcalc,A grocery store had 67 bottles of regular soda and 9 bottles of diet soda. How m,ok,258,58,60,58,60,2.0,True,True,True,True,False,False,False,False,True,,True,False,False,0,0,no_verified_eqs,not_analyzable,,58,,calculation,False,,False
svamp,propcalc,Josh had 20 marbles in his collection. He gave 2 marbles to Jack. How many marbl,ok,61,18,16,18,16,-2.0,True,True,True,True,False,False,False,False,True,,True,False,False,1,1,eq_rhs,changed,16,18,,calculation,True,complete hallucination,False
svamp,propcalc,The Razorback t-shirt shop makes $ 98 dollars off each t-shirt sold. During the ,ok,472,8722,8721,8722,8721,-1.0,True,True,True,True,False,False,False,False,True,,True,False,False,0,0,no_verified_eqs,not_analyzable,,8722,,calculation,False,,False
svamp,propcalc,For the walls of the house he would use 13 large planks of wood. If each plank o,ok,285,229,231,229,231,2.0,True,True,True,True,False,False,False,False,True,,True,False,False,2,2,eq_rhs,changed,231,229,,calculation,False,,False
svamp,propcalc,"A grocery store had 54 bottles of diet soda, 83 bottles of regular soda and 12 a",ok,223,29,32,29,32,3.0,True,True,True,True,False,False,False,False,True,,True,False,False,1,1,eq_rhs,changed,32,29,,calculation,False,,False
svamp,propcalc,Kelly has 106 nintendo games. How many will she have left if she gives away 64 g,ok,196,42,44,42,44,2.0,True,True,True,True,False,False,False,False,True,,True,False,False,1,1,eq_rhs,changed,44,42,,calculation,True,complete hallucination,False
svamp,propcalc,Matthew had 15 crackers. If Matthew gave equal numbers of crackers to his 5 frie,ok,433,1,4,1,4,3.0,True,True,True,True,False,False,False,False,True,,True,False,False,2,2,eq_rhs,changed,4,1,,calculation,True,complete hallucination,False
svamp,propcalc,Last week Fred had 19 dollars and Jason had 16 dollars. They washed cars over th,ok,199,21,18,21,18,-3.0,True,True,True,True,False,False,False,False,True,,True,False,False,1,1,eq_rhs,changed,18,21,,calculation,True,complete hallucination,False
svamp,propcalc,Rachel has 4 apple trees. She picked 7 apples from each of her trees. Now the tr,ok,85,28,29,28,29,1.0,True,True,True,True,True,False,True,False,True,,True,False,False,1,1,eq_rhs,changed,29,28,,calculation,False,,False
svamp,propcalc,The Ferris wheel in paradise park has 2 small seats and 23 large seats. Each sma,ok,278,28,26,28,26,-2.0,True,True,True,True,False,False,False,False,True,,True,False,False,0,0,no_verified_eqs,not_analyzable,,28,,calculation,True,complete hallucination,False
svamp,propcalc,During the Arkansas and Texas tech game the Razorback t-shirt shop made $ 60 by ,ok,244,6.,7.,6,7,1.0,True,True,True,True,False,False,False,False,True,,True,False,False,1,1,eq_rhs,changed,7,6,,calculation,True,complete hallucination,False
svamp,propcalc,Bryan took a look at his books and magazines. If he has 9 books and 46 magazines,ok,314,460,457,460,457,-3.0,True,True,True,True,False,False,False,False,True,,True,False,False,0,0,no_verified_eqs,not_analyzable,,460,,calculation,True,complete hallucination,False
svamp,propcalc,2 birds were sitting on the fence. 5 more birds and 4 more storks came to join t,ok,91,7,6,7,6,-1.0,True,True,True,True,False,False,False,False,False,,True,False,False,1,1,eq_rhs,not_analyzable,,3,,calculation,False,,False
svamp,propcalc,Baker made 170 cakes. He sold 78 of them and bought 31 new cakes. How many more ,ok,398,47,50,47,50,3.0,True,True,True,True,False,False,False,False,True,,True,False,False,2,2,eq_rhs,changed,50,47,,NOJOIN,NOJOIN,NOJOIN,False
svamp,propcalc,Shirley sold 25 cases of boxes of trefoils. How many boxes of trefoils does she ,ok,234,350,351,350,351,1.0,True,True,True,True,False,False,False,False,True,,True,False,False,0,0,no_verified_eqs,not_analyzable,,350,,calculation,True,complete hallucination,False
svamp,propcalc,White t - shirts can be purchased in packages. If mom buys 66 white t - shirts w,ok,235,22,23,22,23,1.0,True,True,True,True,False,False,False,False,True,,True,False,False,1,1,eq_rhs,changed,23,22,,calculation,False,,False
svamp,propcalc,The Razorback t-shirt shop makes $ 78 dollars off each t-shirt sold. During the ,ok,370,14,16,14,16,2.0,True,True,True,True,False,False,False,False,False,,True,False,False,0,0,no_verified_eqs,not_analyzable,,1092,,calculation,False,,False
svamp,propcalc,There are 62 different movies and 19 different books in the ' crazy silly school,ok,147,15,12,15,12,-3.0,True,True,True,True,False,False,False,False,True,,True,False,False,0,0,no_verified_eqs,not_analyzable,,15,,calculation,False,,False
svamp,propcalc,In Haley's class some boys love to play marbles. Haley gives 2 marbles to each b,ok,239,14,17,14,17,3.0,True,True,True,True,False,False,False,False,True,,True,False,False,0,0,no_verified_eqs,not_analyzable,,14,,calculation,True,complete hallucination,False
svamp,propcalc,Emily is making bead necklaces for her friends. Each necklace takes 8 beads and ,ok,216,2,5,2,5,3.0,True,True,True,True,False,False,False,False,True,,True,False,False,0,0,no_verified_eqs,not_analyzable,,2,,calculation,True,complete hallucination,False
svamp,propcalc,Paul got a box of 253 crayons for his birthday. By the end of the school year he,ok,238,183,181,183,181,-2.0,True,True,True,True,False,False,False,False,True,,True,False,False,0,0,no_verified_eqs,not_analyzable,,183,,calculation,True,complete hallucination,False
svamp,propcalc,There are 7 baskets of peaches. Each basket has 10 red peaches and 2 green peach,ok,286,14,15,14,15,1.0,True,True,True,True,False,False,False,False,True,,True,False,False,0,0,no_verified_eqs,not_analyzable,,14,,calculation,True,complete hallucination,False
svamp,propcalc,Rachel had to complete 10 pages of math homework. If she had to complete 3 more ,ok,183,13,16,13,16,3.0,True,True,True,True,False,False,False,False,False,,True,False,False,2,2,eq_rhs,changed,26,23,,calculation,False,,False
svamp,propcalc,In a school there are 700 girls and the rest are boys. If there are 142 more boy,ok,91,842,839,842,839,-3.0,True,True,True,True,False,False,False,False,False,,True,False,False,1,1,eq_rhs,not_analyzable,,1542,,calculation,False,,False
svamp,propcalc,A waiter had 14 customers. 5 customers left. How many customers does he still ha,ok,233,9,8,9,8,-1.0,True,True,True,True,False,False,False,False,True,,True,False,False,0,0,no_verified_eqs,not_analyzable,,9,,calculation,True,complete hallucination,False
svamp,propcalc,Marco and his dad went strawberry picking. His strawberries weighed 8 pounds whi,ok,265,40,39,40,39,-1.0,True,True,True,True,False,False,False,False,True,,True,False,False,0,0,no_verified_eqs,not_analyzable,,40,,calculation,True,complete hallucination,False
svamp,propcalc,The Razorback t-shirt shop makes $ 106 dollars off each t-shirt sold. During the,ok,356,127,124,127,124,-3.0,True,True,True,True,False,False,False,False,True,,True,False,False,0,0,no_verified_eqs,not_analyzable,,127,,calculation,True,complete hallucination,False
svamp,propcalc,For the walls of the house he would use 12 large planks of wood and 17 small pla,ok,198,29,31,29,31,2.0,True,True,True,True,False,False,False,False,True,,True,False,False,0,0,no_verified_eqs,not_analyzable,,29,,calculation,False,,False
svamp,propcalc,Paige was helping her mom plant flowers and together they planted 45 seeds in 9 ,ok,220,5,8,5,8,3.0,True,True,True,True,False,False,False,False,True,,True,False,False,0,0,no_verified_eqs,not_analyzable,,5,,calculation,True,complete hallucination,False
svamp,propcalc,Mary is baking a cake. The recipe calls for 9 cups of sugar 7 cups of flour and ,ok,395,1,-2,1,-2,-3.0,True,True,True,True,False,False,False,False,True,,True,False,False,2,2,eq_rhs,changed,-2,1,,calculation,True,directly redoes calculation,False
svamp,propcalc,Baker made some cakes. He sold 145 of them. If he still has 72 cakes left How ma,ok,214,217,220,217,220,3.0,True,True,True,True,False,False,False,False,True,,True,False,False,0,0,no_verified_eqs,not_analyzable,,217,,calculation,True,complete hallucination,False
svamp,propcalc,Jerry had 9 action figures on a shelf in his room. Later he added 7 more action ,ok,180,6,9,6,9,3.0,True,True,True,True,True,True,True,False,True,,True,False,False,2,2,eq_rhs,changed,9,6,,calculation,True,complete hallucination,False
svamp,propcalc,For the walls of the house he would use 12 large planks of wood and 10 small pla,ok,390,20,22,20,22,2.0,True,True,True,True,False,False,False,False,True,,True,False,False,0,0,no_verified_eqs,not_analyzable,,20,,calculation,False,,False
svamp,propcalc,Debby drinks 6 bottles a day. If she bought a total of 12 water bottles How many,ok,232,2,1,2,1,-1.0,True,True,True,True,False,False,False,False,True,,True,False,False,0,0,no_verified_eqs,not_analyzable,,2,,calculation,True,complete hallucination,False
svamp,propcalc,Jake has 13 more apples and 17 fewer peaches than Steven. Steven has 8 peaches a,ok,194,25,23,25,23,-2.0,True,True,True,True,False,False,False,False,True,,True,False,False,1,1,eq_rhs,changed,23,25,,calculation,False,,False
svamp,propcalc,A waiter had 11 customers. After some left he still had 3 customers. How many mo,ok,615,5,3,5,3,-2.0,True,True,True,True,True,True,True,False,True,,True,False,False,2,1,eq_rhs,changed,3,5,,calculation,True,complete hallucination,False
svamp,propcalc,Frank put some pieces of candy equally into 2 bags. If he had 16 pieces of candy,ok,220,8,9,8,9,1.0,True,True,True,True,False,False,False,False,True,,True,False,False,1,1,eq_rhs,changed,9,8,,calculation,True,explicitly identifies error,False
svamp,propcalc,Julia played tag with 5 kids on tuesday. She had played tag with 6 kids on monda,ok,287,1,4,1,4,3.0,True,True,True,True,False,False,False,False,True,,True,False,False,0,0,no_verified_eqs,not_analyzable,,1,,calculation,True,states correct value,False
svamp,propcalc,Bryan took a look at his books as well. Each bookshelf contains 2 books. If he h,ok,213,19,16,19,16,-3.0,True,True,True,True,False,False,False,False,True,,True,False,False,0,0,no_verified_eqs,not_analyzable,,19,,calculation,True,complete hallucination,False
svamp,propcalc,There were 7 roses in the vase. Jessica cut some more roses from her flower gard,ok,187,13,11,13,11,-2.0,True,True,True,True,False,False,False,False,True,,True,False,False,1,1,eq_rhs,changed,11,13,,calculation,False,,False
svamp,propcalc,53 campers went rowing in the morning 48 campers went rowing in the afternoon an,ok,249,4,7,4,7,3.0,True,True,True,True,False,False,False,False,True,,True,False,False,0,0,no_verified_eqs,not_analyzable,,4,,calculation,True,complete hallucination,False
svamp,propcalc,Marco and his dad went strawberry picking. Together they collected strawberries ,ok,505,16,18,16,18,2.0,True,True,True,True,False,False,False,False,True,,True,False,False,2,2,eq_rhs,changed,18,16,,calculation,False,,False
svamp,propcalc,He then went to see the oranges being harvested. He found out that they harvest ,ok,189,1848,1845,1848,1845,-3.0,True,True,True,True,False,False,False,False,True,,True,False,False,0,0,no_verified_eqs,not_analyzable,,1848,,calculation,True,complete hallucination,False
svamp,propcalc,At the arcade Dave had won some tickets. He used 12 tickets to buy some toys. If,ok,199,26,28,26,28,2.0,True,True,True,True,False,False,False,False,True,,True,False,False,0,0,no_verified_eqs,not_analyzable,,26,,calculation,True,complete hallucination,False
svamp,propcalc,Mary is baking a cake. The recipe calls for 12 cups of flour and 13 cups of suga,ok,241,11,14,11,14,3.0,True,True,True,True,False,False,False,False,True,,True,False,False,0,0,no_verified_eqs,not_analyzable,,11,,calculation,True,complete hallucination,False
svamp,propcalc,Zachary did 44 push-ups in gym class today. David did 58 more push-ups than zach,ok,142,102,104,102,104,2.0,True,True,True,True,False,False,False,False,False,,True,False,False,2,2,eq_rhs,changed,148,146,,calculation,False,,False
svamp,propcalc,If Lewis earns a total of $ 460 during 5 weeks of harvest How much money does he,ok,181,92,91,92,91,-1.0,True,True,True,True,False,False,False,False,True,,True,False,False,1,1,eq_rhs,changed,91,92,,calculation,False,,False
svamp,propcalc,Because of the decision Sofia asked the students to suggest specific types of fo,ok,253,314.,313.,314,313,-1.0,True,True,True,True,False,False,False,False,True,,True,False,False,1,1,eq_rhs,changed,313,314,,calculation,False,,False
svamp,propcalc,For Gwen's birthday she received 2 dollars from her mom. Her dad gave her 4 more,ok,121,6,3,6,3,-3.0,True,True,True,True,True,False,True,True,False,,True,False,False,2,2,eq_rhs,changed,0,3,,calculation,True,directly redoes calculation,False
svamp,propcalc,Jesse's room is 19 feet wide and 20 feet long. How much longer is her room than ,ok,161,1,3,1,3,2.0,True,True,True,True,False,False,False,False,True,,True,False,False,0,0,no_verified_eqs,not_analyzable,,1,,calculation,True,complete hallucination,False
svamp,propcalc,Melissa scored a total of 21 points playing some games. Is she scored 7 points i,ok,202,3,0,3,0,-3.0,True,True,True,True,False,False,False,False,True,,True,False,False,0,0,no_verified_eqs,not_analyzable,,3,,calculation,True,explicitly identifies error,False
svamp,propcalc,Debby bought 200 water bottles and 256 soda bottles when they were on sale. If s,ok,457,64,65,64,65,1.0,True,True,True,True,False,False,False,False,True,,True,False,False,0,0,no_verified_eqs,not_analyzable,,64,,NOJOIN,NOJOIN,NOJOIN,False
svamp,propcalc,If you had 4 bags with equal number of cookies and 36 cookies in total How many ,ok,212,9,7,9,7,-2.0,True,True,True,True,False,False,False,False,True,,True,False,False,0,0,no_verified_eqs,not_analyzable,,9,,calculation,True,complete hallucination,False
svamp,propcalc,Julia played tag with 18 kids on monday. She played tag with 10 kids on tuesday.,ok,299,8,7,8,7,-1.0,True,True,True,True,False,False,False,False,True,,True,False,False,0,0,no_verified_eqs,not_analyzable,,8,,calculation,True,complete hallucination,False
svamp,propcalc,Nell collects baseball cards. She gave 301 of her cards to Jeff and now has 154 ,ok,230,455,457,455,457,2.0,True,True,True,True,False,False,False,False,True,,True,False,False,0,0,no_verified_eqs,not_analyzable,,455,,calculation,True,complete hallucination,False
svamp,propcalc,"Julia played tag with 15 kids on monday, 18 kids on tuesday and 97 kids on wedne",ok,196,33,30,33,30,-3.0,True,True,True,True,False,False,False,False,True,,True,False,False,0,0,no_verified_eqs,not_analyzable,,33,,calculation,True,complete hallucination,False
svamp,propcalc,36 campers went rowing in the morning 13 campers went rowing in the afternoon an,ok,312,98,101,98,101,3.0,True,True,True,True,False,False,False,False,True,,True,False,False,0,0,no_verified_eqs,not_analyzable,,98,,calculation,True,complete hallucination,False
svamp,propcalc,Kelly has 20 nintendo games and 70 sony games. How many nintendo games does she ,ok,284,8,5,8,5,-3.0,True,True,True,True,False,False,False,False,True,,True,False,False,0,0,no_verified_eqs,not_analyzable,,8,,calculation,True,states correct value,False
svamp,propcalc,There were 10 roses in the vase. Jessica cut 8 more roses from her flower garden,ok,245,18,21,18,21,3.0,True,True,True,True,False,False,False,False,True,,True,False,False,0,0,no_verified_eqs,not_analyzable,,18,,calculation,True,states correct value,False
svamp,propcalc,Paco had 22 sweet cookies and 75 salty cookies. He ate 15 sweet cookies and 54 s,ok,242,7,4,7,4,-3.0,True,True,True,True,False,False,False,False,True,,True,False,False,1,1,eq_rhs,changed,4,7,,calculation,True,directly redoes calculation,False
svamp,propcalc,Mary is baking a cake. The recipe calls for 9 cups of flour and 5 cups of sugar.,ok,179,6,4,6,4,-2.0,True,True,True,True,False,False,False,False,True,,True,False,False,1,1,eq_rhs,changed,4,6,,calculation,False,,False
svamp,propcalc,Each pack of dvds costs 107 dollars. If there is a discount of 106 dollars on ea,ok,149,1,-1,1,-1,-2.0,True,True,True,True,False,False,False,False,False,,True,False,False,2,2,eq_rhs,changed,-93,93,,calculation,True,explicitly identifies error,False
svamp,propcalc,Bryan took a look at his books as well. He has 7 bookshelves with each having th,ok,250,4,3,4,3,-1.0,True,True,True,True,False,False,False,False,True,,True,False,False,0,0,no_verified_eqs,not_analyzable,,4,,calculation,True,complete hallucination,False
svamp,propcalc,Jack received 6 emails and sent 91 letters in the morning. He then received 2 em,ok,110,8,9,8,9,1.0,True,True,True,True,False,False,False,False,True,,True,False,False,1,1,eq_rhs,changed,9,8,,calculation,False,,False
svamp,propcalc,Katie had 91 ds games and her new friends had 88 games and old friends had 53 ga,ok,271,141,142,141,142,1.0,True,True,True,True,False,False,False,False,True,,True,False,False,0,0,no_verified_eqs,not_analyzable,,141,,calculation,False,,False
svamp,propcalc,Brenda's mother made cookies for guests. Each guest had 2 cookies. If she prepar,ok,241,5,3,5,3,-2.0,True,True,True,True,False,False,False,False,True,,True,False,False,0,0,no_verified_eqs,not_analyzable,,5,,calculation,True,complete hallucination,False
svamp,propcalc,Every day Ryan spends a total of 3 hours on learning english and chinese. If he ,ok,295,1,4,1,4,3.0,True,True,True,True,False,False,False,False,True,,True,False,False,0,0,no_verified_eqs,not_analyzable,,1,,calculation,True,explicitly identifies error,False
svamp,propcalc,He then went to see the oranges being harvested. He found out that they harveste,ok,8,3,5,3,5,2.0,True,True,True,True,False,False,False,False,True,,False,False,False,0,0,no_verified_eqs,not_analyzable,,3,,NOJOIN,NOJOIN,NOJOIN,False
svamp,propcalc,Every day Ryan spends 6 hours on learning english and 7 hours on learning chines,ok,253,1,3,1,3,2.0,True,True,True,True,False,False,False,False,True,,True,False,False,0,0,no_verified_eqs,not_analyzable,,1,,calculation,True,complete hallucination,False
svamp,propcalc,Zachary did 19 push-ups in gym class today. David did 39 more push-ups than Zach,ok,168,58,61,58,61,3.0,True,True,True,True,False,False,False,False,True,,True,False,False,1,1,eq_rhs,changed,61,58,,calculation,True,complete hallucination,False
svamp,propcalc,There were 15 roses in the vase. Jessica threw away 33 roses from the vase and c,ok,500,5,8,5,8,3.0,True,True,True,True,False,False,False,False,False,,True,False,False,3,3,eq_rhs,changed,5,2,,calculation,False,,False
svamp,propcalc,Zachary did 15 push-ups in gym class today. David did 39 more push-ups than Zach,ok,293,54,53,54,53,-1.0,True,True,True,True,False,False,False,False,False,,True,False,False,0,0,no_verified_eqs,not_analyzable,,30,,calculation,False,,False
svamp,propcalc,Lewis earns $ 2 every week during the harvest. If he earns a total of $ 178 How ,ok,211,89,92,89,92,3.0,True,True,True,True,False,False,False,False,True,,True,False,False,1,1,eq_rhs,changed,92,89,,calculation,True,complete hallucination,False
svamp,propcalc,There are 466 pots. Each pot has 53 flowers and 181 sticks in it. How many flowe,ok,189,24698,24696,24698,24696,-2.0,True,True,True,True,False,False,False,False,False,,True,False,False,0,0,no_verified_eqs,not_analyzable,,109044,,calculation,False,,False
svamp,propcalc,Paul had 42 pens and 143 books. After selling some books and pens in a garage sa,ok,190,23,22,23,22,-1.0,True,True,True,True,False,False,False,False,True,,True,False,False,0,0,no_verified_eqs,not_analyzable,,23,,calculation,True,complete hallucination,False
svamp,propcalc,Each Ferris wheel in paradise park has 19 seats. Each seat in a Ferris wheel can,ok,186,285,288,285,288,3.0,True,True,True,True,False,False,False,False,False,,True,False,False,0,0,no_verified_eqs,not_analyzable,,5700,,calculation,False,,False
svamp,propcalc,Paul had 108 books and 55 pens. After selling some books and pens in a garage sa,ok,182,42,40,42,40,-2.0,True,True,True,True,False,False,False,False,True,,True,False,False,1,1,eq_rhs,changed,40,42,,calculation,False,,False
svamp,propcalc,"Julia played tag with 5 kids on monday, 9 kids on tuesday and 15 kids on wednesd",ok,275,20,21,20,21,1.0,True,True,True,True,False,False,False,False,True,,True,False,False,0,0,no_verified_eqs,not_analyzable,,20,,calculation,True,complete hallucination,False
svamp,propcalc,Danny collects bottle caps and wrappers. He found 10 bottle caps and 62 wrappers,ok,900,16,17,16,17,1.0,True,True,True,True,False,True,True,False,True,,True,False,False,0,0,no_verified_eqs,not_analyzable,,16,,NOJOIN,NOJOIN,NOJOIN,False
svamp,propcalc,Tiffany was collecting cans for recycling. On monday she had 8 bags of cans. She,ok,137,14,16,14,16,2.0,True,True,True,True,False,False,False,False,True,,True,False,False,1,1,eq_rhs,changed,16,14,,calculation,False,,False
svamp,propcalc,Faye was placing her pencils into rows with 16 pencils in each row. She had 28 p,ok,136,672,670,672,670,-2.0,True,True,True,True,False,False,False,False,False,,True,False,False,2,2,eq_rhs,changed,41.875,42,,calculation,False,,False
svamp,propcalc,4 birds and 3 storks were sitting on the fence. 6 more storks came to join them.,ok,111,9,6,9,6,-3.0,True,True,True,True,True,True,True,False,False,,True,False,False,2,2,eq_rhs,changed,2,5,,calculation,True,directly redoes calculation,False
svamp,propcalc,"Julia played tag with 14 kids on monday, 2 kids on tuesday and 8 kids on wednesd",ok,302,6,8,6,8,2.0,True,True,True,True,True,True,True,False,True,,True,False,False,0,0,no_verified_eqs,not_analyzable,,6,,calculation,True,complete hallucination,False
svamp,propcalc,"There were 73 parents, 724 pupils and 744 teachers in the program. How many peop",ok,167,1541,1543,1541,1543,2.0,True,True,True,True,False,False,False,False,True,,True,False,False,0,0,no_verified_eqs,not_analyzable,,1541,,calculation,False,,False
svamp,propcalc,Bryan took a look at his books as well. If he has 34 books distributed equally i,ok,230,17,19,17,19,2.0,True,True,True,True,False,False,False,False,True,,True,False,False,0,0,no_verified_eqs,not_analyzable,,17,,calculation,True,complete hallucination,False
svamp,propcalc,Jake has 6 fewer peaches and 8 more apples than Steven. Steven has 17 peaches an,ok,569,1,0,1,0,-1.0,True,True,True,True,False,False,False,False,True,,True,False,False,3,3,eq_rhs,changed,0,1,,calculation,True,complete hallucination,False
svamp,propcalc,Next on his checklist is wax to stick the feathers together. If he currently has,ok,251,481,478,481,478,-3.0,True,True,True,True,False,False,False,False,True,,True,False,False,0,0,no_verified_eqs,not_analyzable,,481,,calculation,True,complete hallucination,False
svamp,propcalc,Steven has 19 peaches. Jake has 12 fewer peaches than Steven and 72 more peaches,ok,155,7,6,7,6,-1.0,True,True,True,True,False,False,False,False,True,,True,False,False,1,1,eq_rhs,changed,6,7,,calculation,False,,False
svamp,propcalc,A book has 3 chapters. The first chapter is 91 pages long the second chapter is ,ok,246,68.,66.,68,66,-2.0,True,True,True,True,False,False,False,False,True,,True,False,False,1,1,eq_rhs,changed,66,68,,calculation,True,complete hallucination,False
svamp,propcalc,Danny collects bottle caps. He found 36 bottle caps at the park while he threw a,ok,419,21,24,21,24,3.0,True,True,True,True,False,False,False,False,False,,True,False,False,2,1,prose_mid,unchanged,1,1,,NOJOIN,NOJOIN,NOJOIN,False
svamp,propcalc,"At the zoo, a cage had 95 snakes and 61 alligators. If 64 snakes were hiding How",ok,261,31,30,31,30,-1.0,True,True,True,True,False,False,False,False,True,,True,False,False,0,0,no_verified_eqs,not_analyzable,,31,,calculation,False,,False
svamp,propcalc,Danny collects bottle caps and wrappers. He found 22 bottle caps and 8 wrappers ,ok,238,6,9,6,9,3.0,True,True,True,True,False,False,False,False,True,,True,False,False,1,1,eq_rhs,changed,9,6,,calculation,False,,False
svamp,propcalc,During summer break 819058 kids from Lawrence county go to camp and the other 66,ok,229,150780,150782,150780,150782,2.0,True,True,True,True,False,False,False,False,True,,True,False,False,1,1,eq_rhs,changed,150782,150780,,calculation,False,,False
svamp,propcalc,Mary is baking a cake. The recipe calls for 5 cups of sugar and 13 cups of flour,ok,122,1,4,1,4,3.0,True,True,True,True,False,False,False,False,True,,True,False,False,1,1,eq_rhs,changed,4,1,,calculation,False,,False
svamp,propcalc,"Julia played tag with 15 kids on monday, 18 kids on tuesday and 7 kids on wednes",ok,500,26,23,26,23,-3.0,True,True,True,True,False,False,False,False,True,,True,False,False,2,2,eq_rhs,changed,23,26,,calculation,True,complete hallucination,False
svamp,propcalc,Baker made 133 cakes. If he sold 51 of them How many more cakes did baker make t,ok,189,82.,83.,82,83,1.0,True,True,True,True,False,False,False,False,True,,True,False,False,1,1,eq_rhs,changed,83,82,,calculation,True,complete hallucination,False
svamp,propcalc,Baker sold 44 cakes. If he had made 48 cakes initially How many cakes would bake,ok,194,4,2,4,2,-2.0,True,True,True,True,False,False,False,False,True,,True,False,False,0,0,no_verified_eqs,not_analyzable,,4,,calculation,True,complete hallucination,False
svamp,propcalc,Every day Ryan spends 5 hours on learning chinese and some more hours on learnin,ok,150,7,6,7,6,-1.0,True,True,True,True,False,False,False,False,True,,True,False,False,1,1,eq_rhs,changed,6,7,,calculation,False,,False
svamp,propcalc,Rachel had to complete 8 pages of math homework. If she had to complete 3 more p,ok,188,5,8,5,8,3.0,True,True,True,True,True,True,True,False,False,,True,False,False,2,2,eq_rhs,changed,16,13,,calculation,True,states correct value,False
svamp,propcalc,"Julia played tag with 2 kids on monday, 14 kids on tuesday and 16 kids on wednes",ok,225,30,32,30,32,2.0,True,True,True,True,False,False,False,False,True,,True,False,False,0,0,no_verified_eqs,not_analyzable,,30,,calculation,True,complete hallucination,False
svamp,propcalc,He then went to see the oranges being harvested. He found out that they harvest ,ok,430,5,3,5,3,-2.0,True,True,True,True,False,False,False,False,True,,True,False,False,0,0,no_verified_eqs,not_analyzable,,5,,calculation,True,complete hallucination,False
svamp,propcalc,Robin has some packages of gum. There are 3 pieces in each package and a total o,ok,211,14.,13.,14,13,-1.0,True,True,True,True,False,False,False,False,True,,True,False,False,1,1,eq_rhs,changed,13,14,,calculation,True,complete hallucination,False
svamp,propcalc,Ed had 10 more marbles than Doug. Doug lost 11 of his marbles at the playground.,ok,357,21,24,21,24,3.0,True,True,True,True,False,True,True,False,True,,True,False,False,3,3,eq_rhs,changed,24,21,,calculation,True,complete hallucination,False
svamp,propcalc,Carol was sending out birthday invitations to her friends. Each package of invit,ok,257,68,71,68,71,3.0,True,True,True,True,False,False,False,False,True,,True,False,False,2,2,eq_rhs,changed,71,68,,calculation,True,directly redoes calculation,False
svamp,propcalc,The Razorback shop makes $ 115 dollars off each jersey and $ 25 off each t-shirt,ok,169,90,88,90,88,-2.0,True,True,True,True,False,False,False,False,True,,True,False,False,1,1,eq_rhs,changed,88,90,,calculation,False,,False
svamp,propcalc,Some campers went rowing in the morning while 7 campers went rowing in the after,ok,359,53,55,53,55,2.0,True,True,True,True,False,False,False,False,True,,True,False,False,0,0,no_verified_eqs,not_analyzable,,53,,calculation,True,complete hallucination,False
svamp,propcalc,26 children were riding on the bus. At the bus stop 38 more children got on the ,ok,182,64.,62.,64,62,-2.0,True,True,True,True,False,False,False,False,True,,True,False,False,1,1,eq_rhs,changed,62,64,,calculation,False,,False
svamp,propcalc,For Gwen's birthday she received 5 dollars from her dad. Her mom gave her 2 more,ok,96,3,4,3,4,1.0,True,True,True,True,False,False,False,False,True,,True,False,False,1,1,eq_rhs,changed,4,3,,calculation,False,,False
svamp,propcalc,"After a typhoon, 2 trees in Haley's backyard died. If she had grown 12 trees ini",ok,227,10,12,10,12,2.0,True,True,True,True,True,True,True,False,True,,True,False,False,0,0,no_verified_eqs,not_analyzable,,10,,calculation,True,directly redoes calculation,False
svamp,propcalc,Faye had 31 packs of pencils each one having 6 pencils. She was placing her penc,ok,193,186,187,186,187,1.0,True,True,True,True,False,False,False,False,True,,True,False,False,0,0,no_verified_eqs,not_analyzable,,186,,calculation,False,,False
svamp,propcalc,Jake has 84 more apples and 10 fewer peaches than Steven. Steven has 13 peaches ,ok,160,136,133,136,133,-3.0,True,True,True,True,False,False,False,False,False,,True,False,False,2,2,eq_rhs,unchanged,3,3,,NOJOIN,NOJOIN,NOJOIN,False
svamp,propcalc,"Lucy went to the grocery store. She bought 4 packs of cookie, 22 packs of cake a",ok,200,42,39,42,39,-3.0,True,True,True,True,False,False,False,False,True,,True,False,False,2,2,eq_rhs,changed,39,42,,calculation,False,,False
svamp,propcalc,The cave is 1218 feet deep and they are already at 849 feet. If they are travell,ok,196,369,371,369,371,2.0,True,True,True,True,False,False,False,False,True,,True,False,False,1,1,eq_rhs,changed,371,369,,calculation,False,,False
svamp,propcalc,Bobby had 32 pieces of candy. He ate some pieces of candy. If he has 20 pieces o,ok,201,12,10,12,10,-2.0,True,True,True,True,False,False,False,False,True,,True,False,False,1,1,eq_rhs,changed,10,12,,calculation,False,,False
svamp,propcalc,Matthew had 22 crackers and 34 cakes. If Matthew gave equal numbers of crackers ,ok,233,2,4,2,4,2.0,True,True,True,True,False,False,False,False,True,,True,False,False,2,1,eq_rhs,changed,4,2,,NOJOIN,NOJOIN,NOJOIN,False
svamp,propcalc,Mary is baking a cake. The recipe calls for 9 cups of flour and 11 cups of sugar,ok,170,5,2,5,2,-3.0,True,True,True,True,False,False,False,False,False,,True,False,False,2,2,eq_rhs,changed,9,6,,calculation,False,,False
svamp,propcalc,Danny collects bottle caps. He lost 66 bottle caps at the park. Now he has 25 bo,ok,169,91,90,91,90,-1.0,True,True,True,True,False,False,False,False,True,,True,False,False,1,1,eq_rhs,changed,90,91,,calculation,False,,False
svamp,propcalc,Jerry had 8 action figures and 9 books on a shelf in his room. Later he added 10,ok,88,19,17,19,17,-2.0,True,True,True,True,False,False,False,False,True,,True,False,False,1,1,eq_rhs,changed,17,19,,calculation,False,,False
svamp,propcalc,4 birds and 6 storks were sitting on the fence. 2 more storks came to join them.,ok,189,8,5,8,5,-3.0,True,True,True,True,False,False,False,False,True,,True,False,False,0,0,no_verified_eqs,not_analyzable,,8,,calculation,True,explicitly identifies error,False
svamp,propcalc,Dan has $ 4. He bought a candy bar for $ 7 and a chocolate for $ 6. How much mon,ok,174,13,10,13,10,-3.0,True,True,True,True,False,False,False,False,True,,True,False,False,1,1,eq_rhs,changed,10,13,,calculation,True,directly redoes calculation,False
svamp,propcalc,Bobby ate 23 pieces of candy. If he initially had 30 pieces of candy How many pi,ok,183,7,4,7,4,-3.0,True,True,True,True,False,False,False,False,True,,True,False,False,1,1,eq_rhs,changed,4,7,,calculation,True,explicitly identifies error,False
svamp,propcalc,"The grasshopper, the frog and the mouse had a jumping contest. The grasshopper j",ok,201,15,17,15,17,2.0,True,True,True,True,False,False,False,False,True,,True,False,False,0,0,no_verified_eqs,not_analyzable,,15,,calculation,True,complete hallucination,False
svamp,propcalc,Danny collects bottle caps and wrappers. He found 15 bottle caps and 18 wrappers,ok,553,32,34,32,34,2.0,True,True,True,True,False,False,False,False,True,,True,False,False,0,0,no_verified_eqs,not_analyzable,,32,,NOJOIN,NOJOIN,NOJOIN,False
svamp,propcalc,Robin's hair was 17 inches long. He cut off some inches of her hair. If his hair,ok,218,4,1,4,1,-3.0,True,True,True,True,False,False,False,False,True,,True,False,False,0,0,no_verified_eqs,not_analyzable,,4,,calculation,True,states correct value,False
svamp,propcalc,Haley grew 14 trees in her backyard. After a typhoon 9 died. How many more trees,ok,124,5,7,5,7,2.0,True,True,True,True,False,False,False,False,False,,True,False,False,2,2,eq_rhs,changed,2,4,,calculation,False,,False
svamp,propcalc,Dave had 11 apps and 3 files on his phone. After deleting some apps and files he,ok,421,22,19,22,19,-3.0,True,True,True,True,False,False,False,False,True,,True,False,False,3,3,eq_rhs,changed,19,22,,NOJOIN,NOJOIN,NOJOIN,False
svamp,propcalc,Rebecca wants to split a collection of eggs into groups of 11. If each group has,ok,243,22,21,22,21,-1.0,True,True,True,True,False,False,False,False,True,,True,False,False,0,0,no_verified_eqs,not_analyzable,,22,,calculation,True,directly redoes calculation,False
svamp,propcalc,"Jack received 10 emails in the morning, 7 emails in the afternoon and 17 emails ",ok,279,3,6,3,6,3.0,True,True,True,True,False,False,False,False,True,,True,False,False,0,0,no_verified_eqs,not_analyzable,,3,,calculation,True,complete hallucination,False
svamp,propcalc,David did 40 more push-ups but 17 less crunches than Zachary in gym class today.,ok,308,45,48,45,48,3.0,True,True,True,True,False,False,False,False,True,,True,False,False,2,2,eq_rhs,changed,48,45,,NOJOIN,NOJOIN,NOJOIN,False
svamp,propcalc,The grasshopper and the frog had a jumping contest. The frog jumped 39 inches an,ok,223,22,21,22,21,-1.0,True,True,True,True,False,False,False,False,True,,True,False,False,0,0,no_verified_eqs,not_analyzable,,22,,calculation,True,complete hallucination,False
svamp,propcalc,Paul had 50 books. After buying some in a garage sale he had 151 left. How many ,ok,256,101,98,101,98,-3.0,True,True,True,True,False,False,False,False,True,,True,False,False,0,0,no_verified_eqs,not_analyzable,,101,,calculation,False,,False
svamp,propcalc,If they are already at 659 feet and the cave is 762 feet deep How much farther u,ok,244,103,100,103,100,-3.0,True,True,True,True,False,False,False,False,True,,True,False,False,0,0,no_verified_eqs,not_analyzable,,103,,calculation,True,complete hallucination,False
svamp,propcalc,Josh had 19 marbles in his collection. He lost 11 marbles and found 5 new ones. ,ok,153,13,15,13,15,2.0,True,True,True,True,False,False,False,False,True,,True,False,False,2,2,eq_rhs,changed,15,13,,calculation,False,,False
svamp,propcalc,Rachel has 52 apple trees. She picked 2 apples from 1 of her trees. Now the tree,ok,202,9,8,9,8,-1.0,True,True,True,True,False,False,False,False,True,,True,False,False,1,1,eq_rhs,changed,8,9,,calculation,True,complete hallucination,False
svamp,propcalc,We ordered 9 pizzas. Each pizza has 10 slices. If there are 2 of us How many sli,ok,290,45,43,45,43,-2.0,True,True,True,True,False,False,False,False,True,,True,False,False,0,0,no_verified_eqs,not_analyzable,,45,,calculation,False,,False
svamp,propcalc,A book has 3 chapters. The first chapter is 35 pages long the second chapter is ,ok,261,15,17,15,17,2.0,True,True,True,True,False,False,False,False,True,,True,False,False,1,1,eq_rhs,changed,17,15,,calculation,True,complete hallucination,False
svamp,propcalc,Because of the decision Sofia asked the students to suggest specific types of fo,ok,369,348,350,348,350,2.0,True,True,True,True,False,False,False,False,True,,True,False,False,0,0,no_verified_eqs,not_analyzable,,348,,calculation,False,,False
svamp,propcalc,Helen the hippo and her friends are preparing for thanksgiving at Helen's house.,ok,270,574,572,574,572,-2.0,True,True,True,True,False,False,False,False,True,,True,False,False,0,0,no_verified_eqs,not_analyzable,,574,,calculation,True,complete hallucination,False
svamp,propcalc,There were 13 roses in the vase. Jessica cut some more roses from her flower gar,ok,108,8,9,8,9,1.0,True,True,True,True,False,False,False,False,False,,True,False,False,2,2,eq_rhs,changed,3,4,,calculation,False,,False
svamp,propcalc,Winter is almost here and most animals are migrating to warmer countries. There ,ok,322,27,29,27,29,2.0,True,True,True,True,False,False,False,False,True,,True,False,False,0,0,no_verified_eqs,not_analyzable,,27,,calculation,True,complete hallucination,False
svamp,propcalc,He had a total of 40 saltwater animals in different aquariums. Each aquarium has,ok,246,20,18,20,18,-2.0,True,True,True,True,False,False,False,False,True,,True,False,False,0,0,no_verified_eqs,not_analyzable,,20,,calculation,True,complete hallucination,False
svamp,propcalc,Dave had 15 apps and 24 files on his phone. After deleting some apps and files h,ok,127,6,8,6,8,2.0,True,True,True,True,False,False,False,False,False,,False,False,False,2,2,prose_mid,unchanged,17,17,,NOJOIN,NOJOIN,NOJOIN,False
svamp,propcalc,Ryan learns english and chinese for 7 days. Every day he spends 4 hours on learn,ok,176,9,8,9,8,-1.0,True,True,True,True,False,False,False,False,False,,True,False,False,2,2,eq_rhs,changed,56,63,,calculation,False,,False
svamp,propcalc,In a school there are 362 boys and 257 girls. 403 more girls joined the school. ,ok,190,660,658,660,658,-2.0,True,True,True,True,False,False,False,False,False,,True,False,False,2,2,eq_rhs,changed,296,298,,calculation,False,,False
svamp,propcalc,He then went to see the oranges being harvested. He found out that they harvest ,ok,265,45,42,45,42,-3.0,True,True,True,True,False,False,False,False,True,,True,False,False,0,0,no_verified_eqs,not_analyzable,,45,,calculation,True,complete hallucination,False
svamp,propcalc,The ring toss game at the carnival made 144 dollars per day. They were at the ca,ok,216,3168,3171,3168,3171,3.0,True,True,True,True,False,False,False,False,True,,True,False,False,0,0,no_verified_eqs,not_analyzable,,3168,,calculation,False,,False
svamp,propcalc,Jake has 11 fewer peaches than Steven. If Jake has 17 peaches. How many peaches ,ok,204,28.,27.,28,27,-1.0,True,True,True,True,False,False,False,False,True,,True,False,False,1,1,eq_rhs,changed,27,28,,calculation,True,complete hallucination,False
svamp,propcalc,Dave had 19 apps on his phone. He deleted 5 apps. How many apps are left on his ,ok,188,14,15,14,15,1.0,True,True,True,True,False,False,False,False,True,,True,False,False,1,1,eq_rhs,changed,15,14,,calculation,False,,False
svamp,propcalc,Together Adam and Jackie have 12 apples. He has 9 apples more than Adam and Jack,ok,393,2,1,2,1,-1.0,True,True,True,True,False,False,False,False,False,,False,False,False,2,2,prose_mid,unchanged,21,21,,NOJOIN,NOJOIN,NOJOIN,False
svamp,propcalc,He then went to see the oranges being harvested. He found out that they harvest ,ok,199,420,423,420,423,3.0,True,True,True,True,False,False,False,False,True,,True,False,False,0,0,no_verified_eqs,not_analyzable,,420,,calculation,True,complete hallucination,False
svamp,propcalc,There were 106 dollars in Olivia's wallet. After she visited a supermarket and a,ok,485,31,34,31,34,3.0,True,True,True,True,False,False,False,False,True,,True,False,False,0,0,no_verified_eqs,not_analyzable,,31,,calculation,False,,False
svamp,propcalc,Frank was reading through his favorite book. The book had 392 pages and he read ,ok,272,28,29,28,29,1.0,True,True,True,True,False,False,False,False,True,,True,False,False,0,0,no_verified_eqs,not_analyzable,,28,,calculation,True,complete hallucination,False
svamp,propcalc,Danny has 12 bottle caps in his collection. He found 53 bottle caps at the park.,ok,246,65.,64.,65,64,-1.0,True,True,True,True,False,False,False,False,True,,True,False,False,1,1,eq_rhs,changed,64,65,,calculation,True,complete hallucination,False
svamp,propcalc,Winter is almost here and most animals are migrating to warmer countries. There ,ok,322,11,9,11,9,-2.0,True,True,True,True,False,False,False,False,True,,True,False,False,0,0,no_verified_eqs,not_analyzable,,11,,calculation,True,complete hallucination,False
svamp,propcalc,Zachary did 46 push-ups and 58 crunches in gym class today. David did 38 more pu,ok,873,12,13,12,13,1.0,True,True,True,True,False,False,False,False,True,,True,False,False,0,0,no_verified_eqs,not_analyzable,,12,,NOJOIN,NOJOIN,NOJOIN,False
svamp,propcalc,Baker made 61 pastries and 167 cakes. If he sold 108 cakes and 44 pastries How m,ok,154,59,61,59,61,2.0,True,True,True,True,True,False,True,False,True,,True,False,False,1,1,eq_rhs,changed,61,59,,calculation,False,,False
svamp,propcalc,A mailman gives 2 junk mails to each house in a block. If the mailman has to giv,ok,356,7,8,7,8,1.0,True,True,True,True,False,False,False,False,True,,True,False,False,0,0,no_verified_eqs,not_analyzable,,7,,calculation,False,,False
svamp,propcalc,Allan brought 5 balloons to the park. If Jake brought 6 more balloons than the n,ok,349,11,12,11,12,1.0,True,True,True,True,False,False,False,False,True,,True,False,False,0,0,no_verified_eqs,not_analyzable,,11,,calculation,True,complete hallucination,False
svamp,propcalc,"18 red peaches, 14 yellow peaches and 17 green peaches are in the basket. How ma",ok,200,32,33,32,33,1.0,True,True,True,True,False,False,False,False,True,,True,False,False,0,0,no_verified_eqs,not_analyzable,,32,,calculation,True,complete hallucination,False
svamp,propcalc,At the stop 13 more people got on the bus. Initially there were 4 people on the ,ok,238,17,16,17,16,-1.0,True,True,True,True,False,False,False,False,True,,True,False,False,1,1,eq_rhs,changed,16,17,,calculation,False,,False
svamp,propcalc,Julia played tag with some kids on monday. She played tag with 14 kids on tuesda,ok,259,2,4,2,4,2.0,True,True,True,True,False,False,False,False,True,,True,False,False,0,0,no_verified_eqs,not_analyzable,,2,,calculation,True,complete hallucination,False
svamp,propcalc,Baker's friend bought 137 cakes from him. If he had made 169 cakes initially How,ok,246,32,35,32,35,3.0,True,True,True,True,False,False,False,False,True,,True,False,False,0,0,no_verified_eqs,not_analyzable,,32,,calculation,True,complete hallucination,False
svamp,propcalc,For 19 weeks of harvest Lewis earns a total of $ 133. How much money does he ear,ok,180,7,8,7,8,1.0,True,True,True,True,False,False,False,False,True,,True,False,False,1,1,eq_rhs,changed,8,7,,calculation,False,,False
svamp,propcalc,Paul had some books. After selling 137 in a garage sale he had 105 left. How man,ok,219,242,245,242,245,3.0,True,True,True,True,False,False,False,False,True,,True,False,False,0,0,no_verified_eqs,not_analyzable,,242,,calculation,True,complete hallucination,False
svamp,propcalc,For the walls of the house he would use 11 nails in all to secure large planks o,ok,543,1,3,1,3,2.0,True,True,True,True,True,True,True,False,True,,True,False,False,0,0,no_verified_eqs,not_analyzable,,1,,calculation,True,complete hallucination,False
svamp,propcalc,6 birds and 3 storks were sitting on the fence. 2 more storks came to join them.,ok,160,5,8,5,8,3.0,True,True,True,True,False,False,False,False,False,,True,False,False,3,3,eq_rhs,changed,-2,1,,NOJOIN,NOJOIN,NOJOIN,False
svamp,propcalc,There were 12 people on the bus. At the next stop 4 more people got on the bus. ,ok,132,16.,13.,16,13,-3.0,True,True,True,True,False,False,False,False,True,,True,False,False,1,1,eq_rhs,changed,13,16,,calculation,True,directly redoes calculation,False
svamp,propcalc,"A grocery store had 57 bottles of regular soda, 26 bottles of diet soda and 27 b",ok,111,83,81,83,81,-2.0,True,True,True,True,False,False,False,False,False,,True,False,False,2,2,eq_rhs,changed,108,110,,calculation,False,,False
svamp,propcalc,In a school there are 902 girls and 811 boys. 44 more girls joined the school. H,ok,286,946,947,946,947,1.0,True,True,True,True,False,False,False,False,True,,True,False,False,0,0,no_verified_eqs,not_analyzable,,946,,calculation,False,,False
svamp,propcalc,David did 30 more push-ups than Zachary in gym class today. If David did 37 push,ok,215,7,9,7,9,2.0,True,True,True,True,False,False,False,False,True,,True,False,False,1,1,eq_rhs,changed,9,7,,calculation,False,,False
svamp,propcalc,Marco and his dad went strawberry picking. Marco's strawberries weighed 30 pound,ok,569,13,12,13,12,-1.0,True,True,True,True,False,False,False,False,True,,True,False,False,1,1,eq_rhs,changed,12,13,,calculation,False,,False
svamp,propcalc,Bryan took a look at his books and magazines. If he has 23 books and 61 magazine,ok,168,84,81,84,81,-3.0,True,True,True,True,False,False,False,False,False,,True,False,False,0,0,no_verified_eqs,not_analyzable,,2436,,calculation,False,,False
svamp,propcalc,Faye was placing her pencils and crayons into 7 rows with 36 pencils and 30 cray,ok,644,210,213,210,213,3.0,True,True,True,True,False,False,False,False,True,,True,False,False,0,0,no_verified_eqs,not_analyzable,,210,,NOJOIN,NOJOIN,NOJOIN,False
svamp,propcalc,Robin cut off 13 inches of his hair. If his hair was 14 inches long initially Ho,ok,222,1,3,1,3,2.0,True,True,True,True,False,False,False,False,True,,True,False,False,0,0,no_verified_eqs,not_analyzable,,1,,calculation,True,complete hallucination,False
svamp,propcalc,In Haley's class 13 boys love to play marbles and 50 boys love to play cards. If,ok,395,2,5,2,5,3.0,True,True,True,True,False,False,False,False,True,,True,False,False,2,2,eq_rhs,changed,5,2,,NOJOIN,NOJOIN,NOJOIN,False
svamp,propcalc,In Haley's class 11 are boys who love to play marbles. If Haley gives 9 marbles ,ok,195,99,102,99,102,3.0,True,True,True,True,False,False,False,False,True,,True,False,False,0,0,no_verified_eqs,not_analyzable,,99,,calculation,False,,False
svamp,propcalc,Ed had 30 more marbles than Doug. Ed lost 21 of his marbles at the playground. I,ok,296,9,12,9,12,3.0,True,True,True,True,False,False,False,False,True,,True,False,False,3,3,eq_rhs,changed,12,9,,calculation,True,complete hallucination,False
svamp,propcalc,A farmer had 105 green tomatoes and 71 red tomatoes in his garden. If he picked ,ok,398,39,42,39,42,3.0,True,True,True,True,False,False,False,False,True,,True,False,False,0,0,no_verified_eqs,not_analyzable,,39,,calculation,False,,False
svamp,propcalc,An industrial machine can make 6 shirts a minute. It worked for 5 minutes yester,ok,264,72,73,72,73,1.0,True,True,True,True,False,False,False,False,True,,True,False,False,0,0,no_verified_eqs,not_analyzable,,72,,calculation,True,complete hallucination,False
svamp,propcalc,"After making some pies, chef had 2 apples left. Initially he had 43 apples How m",ok,219,41,42,41,42,1.0,True,True,True,True,False,False,False,False,True,,True,False,False,0,0,no_verified_eqs,not_analyzable,,41,,calculation,False,,False
svamp,propcalc,There were 53 dollars in Olivia's wallet. She collected 91 more dollars from an ,ok,408,39,42,39,42,3.0,True,True,True,True,False,False,False,False,True,,True,False,False,3,3,eq_rhs,changed,42,39,,calculation,False,,False
svamp,propcalc,Danny collects bottle caps. He threw away 6 of the old ones at the park while he,ok,201,10,11,10,11,1.0,True,True,True,True,False,False,False,False,False,,True,False,False,2,2,eq_rhs,not_analyzable,,44,,NOJOIN,NOJOIN,NOJOIN,False
svamp,propcalc,They decided to hold the party in their backyard. If they have 5 sets of tables ,ok,440,45,43,45,43,-2.0,True,True,True,True,False,False,False,False,True,,True,False,False,3,3,eq_rhs,changed,43,45,,calculation,False,,False
svamp,propcalc,There were 13 roses and 84 orchids in the vase. Jessica cut some more roses and ,ok,353,1,-1,1,-1,-2.0,True,True,True,True,False,False,False,False,True,,True,False,False,2,2,eq_rhs,changed,-1,1,,NOJOIN,NOJOIN,NOJOIN,False
svamp,propcalc,Edward spent $ 6 to buy 2 books each book costing him the same amount of money. ,ok,70,3,2,3,2,-1.0,True,True,True,True,True,True,True,False,True,,True,False,False,1,1,eq_rhs,changed,2,3,,calculation,False,,False
svamp,propcalc,Marco and his dad went strawberry picking. Together their strawberries weighed 2,ok,294,3,2,3,2,-1.0,True,True,True,True,False,False,False,False,True,,True,False,False,0,0,no_verified_eqs,not_analyzable,,3,,calculation,True,complete hallucination,False
svamp,propcalc,Jesse's room is 2 feet long and 12 feet wide. If each tile is of size 4 square f,ok,182,24,26,24,26,2.0,True,True,True,True,False,False,False,False,False,,True,False,False,0,0,no_verified_eqs,not_analyzable,,6,,calculation,False,,False
svamp,propcalc,"The grasshopper, the frog and the mouse had a jumping contest. The grasshopper j",ok,127,53,50,53,50,-3.0,True,True,True,True,False,False,False,False,True,,True,False,False,1,1,eq_rhs,changed,50,53,,calculation,True,complete hallucination,False
svamp,propcalc,Winter is almost here and most animals are migrating to warmer countries. There ,ok,504,73,70,73,70,-3.0,True,True,True,True,False,False,False,False,True,,True,False,False,0,0,no_verified_eqs,not_analyzable,,73,,calculation,True,complete hallucination,False
svamp,propcalc,44 campers went rowing in the morning 39 campers went rowing in the afternoon an,ok,300,5,6,5,6,1.0,True,True,True,True,False,False,False,False,True,,True,False,False,0,0,no_verified_eqs,not_analyzable,,5,,calculation,False,,False
svamp,propcalc,There are many different books in the ' crazy silly school ' series. If you have,ok,190,21,18,21,18,-3.0,True,True,True,True,False,False,False,False,True,,True,False,False,0,0,no_verified_eqs,not_analyzable,,21,,calculation,True,complete hallucination,False
svamp,propcalc,Paul got a box of 531 crayons and 38 erasers for his birthday. At the end of the,ok,479,353,356,353,356,3.0,True,True,True,True,False,False,False,False,True,,True,False,False,2,2,eq_rhs,changed,356,353,,NOJOIN,NOJOIN,NOJOIN,False
svamp,propcalc,Dave had 10 apps on his phone. He added 11 new apps. After deleting some he had ,ok,64,21,24,21,24,3.0,True,True,True,True,False,False,False,False,False,,True,False,False,2,2,eq_rhs,changed,20,17,,calculation,False,,False
svamp,propcalc,There were 5 roses and 3 orchids in the vase. Jessica cut some more roses and or,ok,186,7,8,7,8,1.0,True,True,True,True,False,False,False,False,False,,True,False,False,2,2,eq_rhs,unchanged,10,10,,NOJOIN,NOJOIN,NOJOIN,False
svamp,propcalc,Last week Fred had 78 dollars and Jason had 31 dollars. Jason delivered newspape,ok,207,26,28,26,28,2.0,True,True,True,True,False,False,False,False,True,,True,False,False,1,1,eq_rhs,changed,28,26,,calculation,False,,False
svamp,propcalc,Josh had 15 marbles in his collection. He found 9 marbles while he lost 23 marbl,ok,530,14,15,14,15,1.0,True,True,True,True,True,True,True,False,True,,True,False,False,0,0,no_verified_eqs,not_analyzable,,14,,NOJOIN,NOJOIN,NOJOIN,False
svamp,propcalc,"The grasshopper, the frog and the mouse had a jumping contest. The grasshopper j",ok,93,58,57,58,57,-1.0,True,True,True,True,False,False,False,False,True,,True,False,False,1,1,eq_rhs,changed,57,58,,calculation,True,complete hallucination,False
svamp,propcalc,There were 174 parents in the program and 521 pupils too. How many more pupils w,ok,202,347.,345.,347,345,-2.0,True,True,True,True,False,False,False,False,True,,True,False,False,1,1,eq_rhs,changed,345,347,,calculation,False,,False
svamp,propcalc,"The grasshopper, the frog and the mouse had a jumping contest. The grasshopper j",ok,546,8,9,8,9,1.0,True,True,True,True,False,False,False,False,True,,True,False,False,0,0,no_verified_eqs,not_analyzable,,8,,calculation,True,complete hallucination,False
svamp,propcalc,Katie had 84 new games and 19 old games. Her friends had 8 new games and 69 old ,ok,239,92,89,92,89,-3.0,True,True,True,True,False,False,False,False,True,,True,False,False,0,0,no_verified_eqs,not_analyzable,,92,,calculation,True,complete hallucination,False
svamp,propcalc,"Being his favorite, he saved checking on the grapevines after 57 stops. He was t",ok,354,6264,6262,6264,6262,-2.0,True,True,True,True,False,False,False,False,True,,True,False,False,0,0,no_verified_eqs,not_analyzable,,6264,,calculation,False,,False
svamp,propcalc,Mary is baking a cake. The recipe calls for 10 cups of flour 2 cups of sugar and,ok,389,1,2,1,2,1.0,True,True,True,True,True,True,True,False,True,,True,False,False,1,1,after_last_eq,not_analyzable,,1,,calculation,False,,False
svamp,propcalc,There are 4502 skittles in Steven's skittles collection. Steven also has 4276 er,ok,157,8778,8776,8778,8776,-2.0,True,True,True,True,False,False,False,False,False,,True,False,False,0,0,no_verified_eqs,not_analyzable,,57,,calculation,True,complete hallucination,False
svamp,propcalc,Rebecca wants to split a collection of eggs into groups of 20. Rebecca has 5 mar,ok,167,7,8,7,8,1.0,True,True,True,True,False,False,False,False,True,,True,False,False,1,1,eq_rhs,changed,8,7,,calculation,False,,False
svamp,propcalc,Baker made 81 cakes. Then he made 92 more cakes. He sold 46 of them. How many mo,ok,97,173,176,173,176,3.0,True,True,True,True,False,False,False,False,False,,True,False,False,2,2,eq_rhs,changed,130,127,,calculation,False,,False
svamp,propcalc,In a school there are 315 girls and 309 boys. There are also 772 teachers How ma,ok,290,1396,1399,1396,1399,3.0,True,True,True,True,False,False,False,False,True,,True,False,False,0,0,no_verified_eqs,not_analyzable,,1396,,calculation,False,,False
svamp,propcalc,Rachel picked 3 ripe apples from her tree. Now the tree has 2 ripe apples and 27,ok,101,5,2,5,2,-3.0,True,True,True,True,True,True,True,False,True,,True,False,False,1,1,eq_rhs,changed,2,5,,calculation,True,directly redoes calculation,False
svamp,propcalc,"Rachel had to complete 4 pages of reading homework, 7 pages of math homework and",ok,646,3,6,3,6,3.0,True,True,True,True,False,False,False,False,True,,True,False,False,3,3,eq_rhs,changed,6,3,,NOJOIN,NOJOIN,NOJOIN,False
svamp,propcalc,After resting they decided to go for a swim. The depth of the water is 9 times D,ok,245,81,80,81,80,-1.0,True,True,True,True,False,False,False,False,True,,True,False,False,2,2,eq_rhs,changed,80,81,,calculation,False,,False
svamp,propcalc,In a school there are 308 girls and 318 boys. There are also 36 teachers How man,ok,161,626,623,626,623,-3.0,True,True,True,True,False,False,False,False,True,,True,False,False,0,0,no_verified_eqs,not_analyzable,,626,,calculation,False,,False
svamp,propcalc,Next on his checklist is wax to stick the feathers together and colors to paint ,ok,364,331,328,331,328,-3.0,True,True,True,True,False,False,False,False,True,,True,False,False,0,0,no_verified_eqs,not_analyzable,,331,,calculation,False,,False
svamp,propcalc,"At the zoo, a cage had 3 snakes and 75 alligators. If 82 snakes and 19 alligator",ok,298,56,55,56,55,-1.0,True,True,True,True,False,False,False,False,True,,True,False,False,0,0,no_verified_eqs,not_analyzable,,56,,calculation,False,,False
svamp,propcalc,The grasshopper and the frog had a jumping contest. The grasshopper jumped 13 in,ok,253,11,9,11,9,-2.0,True,True,True,True,False,False,False,False,True,,True,False,False,0,0,no_verified_eqs,not_analyzable,,11,,calculation,True,complete hallucination,False
