{
  "e2": {
    "1": {
      "bias_rel": 0.46800856986293593,
      "cosine": 0.9213121048109705,
      "mse": 3.1990256328709075,
      "var": 0.12383821302777825
    },
    "10": {
      "bias_rel": 0.00780521332538678,
      "cosine": 0.9999744299075608,
      "mse": 0.12157822190163563,
      "var": 0.12072289224065219
    },
    "2": {
      "bias_rel": 0.25656987138558285,
      "cosine": 0.9796557760623548,
      "mse": 1.054899635403298,
      "var": 0.13067978725505333
    },
    "20": {
      "bias_rel": 0.003252265614630409,
      "cosine": 0.9999947113806632,
      "mse": 0.12336235470889702,
      "var": 0.1232138514470363
    },
    "5": {
      "bias_rel": 0.06023778926466989,
      "cosine": 0.9987627590256871,
      "mse": 0.1781615336659112,
      "var": 0.1272164795774352
    },
    "50": {
      "bias_rel": 0.0032176753946994187,
      "cosine": 0.9999950284214459,
      "mse": 0.12379405176191914,
      "var": 0.12364869058283645
    },
    "pcd": {
      "bias_rel": 0.004268307558464519,
      "cosine": 0.9999913071300441,
      "mse": 0.12625304436613827,
      "var": 0.1259972591797024
    }
  },
  "e4": {
    "early": {
      "bias_rel": 0.23048934595705778,
      "mse": 0.8071909840343435,
      "var": 0.06131660528404261
    },
    "geom_late": {
      "bias_rel": 0.003090616426530003,
      "mse": 0.06539627499375207,
      "var": 0.06526216714526958
    },
    "last": {
      "bias_rel": 0.003252265614630409,
      "mse": 0.12336235470889702,
      "var": 0.1232138514470363
    },
    "uniform": {
      "bias_rel": 0.05579196138641049,
      "mse": 0.09333100101927115,
      "var": 0.04962840487171077
    },
    "zipf_late": {
      "bias_rel": 0.01782435533120398,
      "mse": 0.062327650370977046,
      "var": 0.057867067209103194
    }
  },
  "meta": {
    "batch": 128,
    "bias_scale": 0.2,
    "cd_ks": [
      1,
      2,
      5,
      10,
      20,
      50
    ],
    "data_seed": 0,
    "e4_k": 20,
    "estimator_seed_bases": {
      "cd_e4": 100000,
      "pcd": 300000
    },
    "eval_seed": 1,
    "g_exact_norm": 3.7469852976231754,
    "gradient_dim": 104,
    "n_data": 4000,
    "n_seeds": 800,
    "nh": 6,
    "nv": 14,
    "pcd_init": "data_minibatch_seed_200000",
    "rho": 0.7,
    "runtime_sec": 2.2609407901763916,
    "w_scale": 1.5
  }
}
