split,rows,IC1,IC2,TE1,D1,D2,S_tilde
test,74,0.094595,0.000000,0.000000,0.986486,0.921686,0.000000
train,550,0.120000,0.005455,0.000000,0.970909,0.926571,0.000000
val,65,0.076923,0.000000,0.000000,0.984615,0.936190,0.000000
all,689,0.113208,0.004354,0.000000,0.973875,0.926954,0.000000
