{
  "control_passed": true,
  "cuda_available": false,
  "device": "cpu",
  "duration_s": 46.03412199020386,
  "finished_at": 1779683038.487689,
  "gpu_name": "",
  "host": "DNa81a129.SUNet",
  "metrics": {
    "d": 32,
    "depth": 2,
    "linear_within_tolerance": true,
    "n_heads": 4,
    "param_matched": true,
    "runs": {
      "linear": {
        "attn_kind": "linear",
        "eval_acc": 1.0,
        "eval_loss": 0.0010949934367090464,
        "loss_curve_decimated": [
          2.89039945602417,
          2.741440773010254,
          2.7008180618286133,
          2.7055094242095947,
          2.686854124069214,
          2.643277168273926,
          2.585538625717163,
          2.5326919555664062,
          2.4638454914093018,
          2.3489108085632324,
          2.2860820293426514,
          2.1369259357452393,
          1.9521756172180176,
          1.690538763999939,
          1.408545732498169,
          1.0525602102279663,
          0.7451063394546509,
          0.3585543632507324,
          0.15414752066135406,
          0.06233201175928116,
          0.035202108323574066,
          0.022201891988515854,
          0.015137091279029846,
          0.01212487556040287,
          0.009911768138408661,
          0.007893498986959457,
          0.006582603324204683,
          0.004451962187886238,
          0.004430271219462156,
          0.005284937564283609,
          0.0032065371051430702,
          0.003401306224986911,
          0.0027689915150403976,
          0.0025387373752892017,
          0.004038547165691853,
          0.0028350562788546085,
          0.0028688032180070877,
          0.002174177672713995,
          0.001828900771215558,
          0.002158962655812502,
          0.0016698112012818456,
          0.001619200105778873,
          0.0014764401130378246,
          0.001241703168489039,
          0.0012646372197195888,
          0.00151775311678648,
          0.0012142035411670804,
          0.0010157669894397259,
          0.0012611045967787504,
          0.0011060351971536875
        ],
        "params": 27296,
        "train_wall_s": 20.47022795677185
      },
      "sigmoid": {
        "attn_kind": "sigmoid",
        "eval_acc": 0.999969482421875,
        "eval_loss": 0.0012627376709133387,
        "loss_curve_decimated": [
          2.9283995628356934,
          2.663918972015381,
          2.5566060543060303,
          2.522022247314453,
          2.4782116413116455,
          2.403954267501831,
          2.384765148162842,
          2.2796499729156494,
          2.230839967727661,
          2.162536144256592,
          2.0900776386260986,
          1.9901442527770996,
          1.890401840209961,
          1.7932724952697754,
          1.6504660844802856,
          1.5123904943466187,
          1.3924248218536377,
          1.2039939165115356,
          1.0299627780914307,
          0.8886051177978516,
          0.7606687545776367,
          0.5844511985778809,
          0.5038526654243469,
          0.357648640871048,
          0.19698813557624817,
          0.1128888800740242,
          0.06299271434545517,
          0.04908796772360802,
          0.029046479612588882,
          0.02272920124232769,
          0.013197734951972961,
          0.010364146903157234,
          0.009641963988542557,
          0.007334637455642223,
          0.005861989688128233,
          0.003998091444373131,
          0.004175629001110792,
          0.0028263006825000048,
          0.0026678089052438736,
          0.0022243023850023746,
          0.0022735137026757,
          0.0022239014506340027,
          0.0021895901300013065,
          0.001417063525877893,
          0.0015602527419105172,
          0.001721617067232728,
          0.0020024976693093777,
          0.0012526700738817453,
          0.0013767802156507969,
          0.000945653417147696
        ],
        "params": 27296,
        "train_wall_s": 12.791937112808228
      },
      "softmax": {
        "attn_kind": "softmax",
        "eval_acc": 1.0,
        "eval_loss": 0.000982054159976542,
        "loss_curve_decimated": [
          2.89825439453125,
          2.749790668487549,
          2.709186553955078,
          2.693161725997925,
          2.6390888690948486,
          2.449315071105957,
          2.050321578979492,
          1.281985878944397,
          0.5229319930076599,
          0.16513298451900482,
          0.05965673178434372,
          0.028801780194044113,
          0.01854957453906536,
          0.013455793261528015,
          0.010866940952837467,
          0.009166535921394825,
          0.0079552186653018,
          0.007018459960818291,
          0.006220202427357435,
          0.005828836001455784,
          0.0051007517613470554,
          0.004737614654004574,
          0.004232248291373253,
          0.0039732446894049644,
          0.00360229704529047,
          0.0033775430638343096,
          0.003186936490237713,
          0.002935332478955388,
          0.0027669123373925686,
          0.0025932700373232365,
          0.0024124050978571177,
          0.0023497245274484158,
          0.002187759382650256,
          0.0020396707113832235,
          0.0019510681740939617,
          0.0018075824482366443,
          0.0017553131328895688,
          0.00166404340416193,
          0.0016123270615935326,
          0.0015278494684025645,
          0.001437620841898024,
          0.001421753317117691,
          0.0013369811931625009,
          0.0012719312217086554,
          0.0012461828300729394,
          0.0011891836766153574,
          0.0011456313077360392,
          0.001098254811950028,
          0.0010497753974050283,
          0.0010179236996918917
        ],
        "params": 27296,
        "train_wall_s": 11.48452377319336
      }
    },
    "seq_len": 33,
    "sigmoid_within_tolerance": true,
    "tolerance": 0.0011473081239964814
  },
  "notes": {
    "interpretation": "If sigmoid and linear attention match softmax eval loss within tolerance under the same param count, softmax's partition function is a removable per-step tax for this task."
  },
  "platform": "macOS-26.3.1-arm64-arm-64bit",
  "probe": "probe_04_partition_removable",
  "seed": 0,
  "started_at": 1779682992.453567,
  "tag": "smoke",
  "torch_version": "2.12.0",
  "verdict": "CONFIRMED_REMOVABLE"
}